username,total_submissions,problem_tried,problem_solved,avg_completion_rate_delta,avg_inverse_solving_rate,avg_submissions_per_day,activity_span,percentage_submissions_night_hours,percentage_submissions_study_hours,submission_hour_variance,qt,th,ck
"0bd2037bf68a97753e5e67ab55dac026a649f279",220,54,47,-16.025,4.513617021276597,12.22,107,39.09,30,75.82,6,4.5,1
"83e4ca230ab9b35d221d09d335850af44966b772",3,2,0,-18.759,0,3,0,0,100,8,6.5,3.5,6
"0dfa65b4dafad47b15abbfd6c6ce1aeb213901cf",117,23,10,-62.215,3.2230000000000016,14.63,104,0.85,77.78,42.41,4.5,1,2
"67d64015616b9e7f49e213890b7b93a2f8796f07",455,117,109,8.903,6.799532710280372,14.22,129,1.1,80.88,24.28,9,9,7.5
"18fc5492e3a88861f35c23bbb2805f724c1a135a",140,38,33,-28.367,3.4912121212121217,10,80,7.86,79.29,40.33,9,8,7
"60c257442a0ef9aa6eb039f58c40be980bfe58b7",334,65,59,-19.424,4.2725423728813565,12.85,102,15.57,59.88,40.01,10,7,2.5
"4cd092562ee4a06eb01e8bd1e9cb7e169fc38c92",268,73,69,11.179,11.694328358208955,8.12,101,1.12,74.25,29.08,9.5,9.5,7.5
"40d6052a7ccec94dae8348e5249381afabbbc985",154,61,45,-26.874,5.266444444444446,6.16,105,5.84,27.27,56.04,9,8.5,4
"020f253c343856ea875e959023e79fb1d4d9c0a3",3,2,1,10.4,21.090000000000003,3,0,0,100,25.28,10,10,8
"139aa923bf965f373c678ba8c10f500d78269e20",260,70,68,-2.329,7.578805970149256,7.88,110,3.08,67.69,36,10,10,8
"1e09b1a5541a443716e68239b181fc116425a9b2",105,58,54,6.674,4.2155555555555555,8.75,113,9.52,51.43,62.81,5,8,5.5
"6c374b4a75105783a809e8b6ba468da3200d0c1a",129,61,61,8.964,6.403442622950822,9.92,102,17.05,52.71,63.24,9.5,6.5,5.5
"57b547211651511366a63249605b9b9f4a9c3e9c",357,89,80,-5.966,5.9194999999999975,11.9,107,14.57,31.93,48.02,8.5,4,4
"1cb262ad711450f9a6a0f5cf786788b17d2d481a",322,105,102,0.832,5.834901960784315,12.38,102,22.36,15.53,70.54,7,5,4
"0c67423aa82630d4406e9477bb7462db4df09c4d",439,68,64,10.486,11.34125,15.68,76,2.96,68.34,32.33,8,10,10
"701f03bc7072ef7b0114a4769bc8955e5e5c9af2",47,10,8,-15.387,6.517142857142858,9.4,76,31.91,63.83,76.48,10,8,6
"7985b1dc9dd0dab814afa417245073d1d74f85ea",263,61,60,6.691,5.8355,18.79,104,17.49,51.33,50.07,9,5,1
"448866b737d07d7d184e7c1111b8f50d1b8fe91b",104,48,25,-33.078,6.518,6.5,104,0.96,52.88,57.42,7,5,7
"62cf219990f892f13b18fb0ec1f08a2aebdae0ad",128,59,52,6.039,3.9603846153846165,6.74,112,16.41,43.75,67.42,5.5,9,5.5
"47e01709f5df0b8793de34e70e8ddd9f8aa16d60",318,102,87,1.263,5.185632183908046,7.07,112,8.81,31.76,42.34,8.5,5,3.5
"1abf62f1e76bc5ac164061cff2a8171d6b6de657",749,116,100,-1.735,6.300200000000002,20.24,106,33.24,27.64,71.51,7,5,0.5
"78d8860538c6853a9c13a0c232dadcfa0d516f08",184,101,98,15.209,6.716224489795919,7.36,106,24.46,42.93,66,9,9.5,6.5
"64bb0d71f782349bd0bce3ba44cf9b454bd46cfd",559,62,62,9.925,6.3887096774193575,26.62,104,35.78,44.01,58.19,9.5,5,6
"454c509567c0f19453009731315e3db245a8c756",278,98,95,8.536,5.655157894736841,10.3,110,5.04,53.96,36.93,10,5,6
"3015441ae521554bb4d04b1e3bad620170a43d79",409,106,94,6.48,5.432659574468084,13.63,100,3.18,43.28,31.16,8.5,10,7
"2290b12e40983b7635bc452c3b6e00c80549220a",369,92,89,2.431,4.762359550561797,9.23,114,14.91,60.7,47.73,8.5,7,9
"769df9fad97e6d153e170a9ec41e33e8410f4b6b",200,100,99,0.86,6.011717171717173,10.53,98,8.5,37.5,47.67,7,5,4.5
"2639f9f46c6949536c784118cbcd036cd00c075e",123,40,35,-23.33,4.162571428571429,20.5,34,21.14,62.6,56.54,10,8,0.5
"14354d2cff31b4330ad9e939b18cc8fce8c1c085",153,59,58,13.023,4.620517241379312,15.3,111,1.31,88.89,35.13,7,5,5
"216a3ccb8504db72c0b5ef227b00d61d2e2ec7be",142,46,31,-27.243,3.6293548387096775,9.47,97,7.04,50,49.04,9.5,3,4.5
"50779b692cc73e3ba24df84db11b8e2bbb062591",48,21,21,15.668,6.702000000000001,5.33,82,33.33,35.42,80.33,9,7.5,7
"331639421af1df525391f1013c5363683efb9f68",237,63,63,6.819,5.5619047619047635,15.8,114,15.19,68.35,40.39,9,5,5
"5389d34e45392c6d5e8596d686b06d853e1ed696",176,76,73,-4.744,5.7473972602739725,13.54,127,0,53.98,41.21,9,8.5,7.5
"14a493d035053a109eeeeb50a501d2b69a8ec429",473,113,112,8.882,5.441607142857143,18.92,116,14.38,51.59,41.91,7.5,5,3.5
"394f4eb7fa3337f92a1148e8e9ba1727995bc8f5",12,7,6,-27.371,3.2640000000000016,3,80,0,91.67,38.21,9,9,7.5
"0306a80129ed6d5afadece8164929697bbbdea69",76,17,13,-16.475,6.0583333333333345,9.5,78,0,71.05,53.73,9,6.5,6.5
"334f25ceeca6e440b1210f205c253cdc8d25942e",361,85,78,7.086,5.312948717948719,11.65,118,11.91,52.63,28.03,9,8.5,4.5
"1ff3bf1f9353578bd902ce0b3879369b46c72640",3,3,3,6.944,5.636666666666666,3,0,0,100,10.64,0,1,0
"0659d0431565eaacdc601973560ee8331f910947",327,79,75,-7.633,5.761066666666667,12.58,95,3.67,65.14,31.15,10,8.5,3.5
"5b30abfc32d4c33257f7cd949641935527dd4a42",259,106,103,6.403,6.328834951456312,7,105,17.37,35.14,60.44,6,8,4.5
"440a4bdda60ec044e91b9e5ee5c478c20bbbaf7e",348,102,100,-1.921,6.054100000000003,13.92,105,17.53,47.13,48.79,7,8,7
"0fc74820b7bcdd23c196f494e7686305acbdc71e",122,43,41,-48.466,4.124878048780487,9.38,86,10.66,81.15,44.01,9.5,6.5,7
"0b26c12ecc1bc4c1f127d5e6f6302b1b0b584faf",5,5,0,-18.759,0,5,0,0,100,14.27,7,1,5
"771f7a4ff0b16239a5f4a828485e057bd3069308",298,97,89,2.095,5.551250000000001,19.87,113,6.04,62.42,34.31,5.5,7.5,3
"3fb53c585faf97ed5b0ecb316a4b419c969b790a",104,57,53,-35.174,3.2494230769230765,8,88,15.38,78.85,47.04,9,6,5.5
"414a76fbb610cfb396dc7177dfe67944fd7175f2",210,64,62,8.916,4.76737704918033,16.15,136,3.33,65.24,33.35,9,8,7.5
"020ef1c31cb4751bbfa1a88fba782db3c402e2fa",175,62,58,11.744,6.928181818181818,7.61,110,1.14,80,33.82,9,5.5,5
"2ecfee45346013cf126b75cfc8bdd2ba3b0c2666",120,65,5,-63.668,2.202000000000001,15,103,27.5,65,44.53,5,0.5,0.5
"816aa6a9aceb1014260977a52d4ad600065ed4d2",157,62,61,4.819,5.19049180327869,12.08,107,10.19,59.87,53.74,9,8,7.5
"661f15eb45462975429d17bf60fc64df4cae4431",202,50,49,9.837,7.288163265306123,14.43,127,4.95,75.74,31.98,10,8,7.5
"5f8dfe6855d546a89ee51fdc47f1e3a135f1edf8",513,111,101,0.118,6.147623762376241,9.87,103,7.6,48.73,35.19,10,9,8.5
"67b7c9f4a952be9c0f4759e1991d86a3e1fbbe58",78,11,6,-49.311,3.018333333333333,39,42,0,100,39.36,1.5,1.5,2.5
"597484c12788a0febfb255aabf5f08df62469313",68,22,20,-46.171,2.8934999999999995,6.18,42,11.76,33.82,76.87,4,3,0
"598ceb16f7935dd1dada8de4441690df8cdc9e29",153,59,59,12.791,5.472033898305085,13.91,95,3.27,77.78,38.11,10,8,7.5
"3886b365ce33e5988c6c8a73eed09ac8a7c784bf",589,99,99,11.913,5.575555555555555,17.85,109,46.01,24.96,82.25,9.5,9,2.5
"58a95bac37747ee4fd0e321770a89477f49492a3",304,116,108,13.53,8.00047169811321,10.13,128,21.05,56.58,48.97,10,10,8
"8460eaaf887a6289fb156f7562fb739ba8e9629e",557,114,109,9.742,6.694339622641511,16.88,128,2.87,83.48,18.41,10,10,7
"5a70a8f9f1dac45c7332db8230f0a8a77208507b",281,97,97,13.195,5.4455670103092775,14.05,107,17.08,42.35,43.96,10,5,1
"1466659761d4827040ac1226fa45ad172c4743a4",234,110,110,8.005,5.392909090909091,9.36,117,8.12,61.11,41.81,9.5,9.5,5
"6729764776215a0456ef5332c5168b4db29314b4",141,63,62,5.033,5.4867741935483885,12.82,99,19.86,63.12,50.86,9,9,7.5
"363d3494b7918fffc4e59beed6c76eb7d05b2c64",196,84,81,0.197,4.910864197530864,9.33,108,0,65.82,34.69,4.5,7.5,4.5
"218191f4a8648e65ada28c23f52f578dec21cd98",96,49,48,-0.105,7.178125000000001,10.67,105,12.5,60.42,53.97,10,7.5,6
"5a5c99822d76f4f6f1f90521f4c1f1d5e53590a1",246,62,59,0.908,5.409152542372883,20.5,114,23.98,35.37,64.36,9,5,0
"55664bd6d6073e97a98788e3f319eb36662f29f8",144,81,77,-2.727,5.517500000000001,6.86,104,0,59.03,45.61,9,8.5,6.5
"536602cb1404169f62436284f9cdba1a7b21c7ae",324,109,102,3.239,5.203039215686275,12,117,11.42,41.98,39.01,9,8,6
"6eca9c1b4a046e9ceb3db39e478ccaa393117c3f",119,40,35,-16.59,4.909714285714287,6.61,105,27.73,46.22,76.07,3.5,4.5,5.5
"73351e7d3ace1ea88b52e895d6fccc2f2bee88f3",324,72,69,-5.719,4.258695652173914,13.5,117,25.93,33.33,62.3,7,7,5
"0a2c78cee9afdc522c5f0fae46937138f47b152b",128,22,20,-4.544,4.6705,18.29,15,40.63,47.66,41.64,9,5,0
"0785a61c54bc37c6ddad3c02b29d1f9e15adf85b",173,57,53,-3.973,4.423207547169811,17.3,100,19.08,52.6,56.84,10,6,6.5
"713487f0de26590bca3c759e2fef02b3a5bad9fd",1,1,1,0,3.1700000000000017,1,0,0,100,2.46,10,5.5,6.5
"78ca432228d8679112c09d9b3d50491c5539681a",3,2,1,0,15.430000000000007,3,0,0,100,25.28,10,5,5.5
"1e48d7fffb4fbe08eec6151ce5b2378258d13aeb",170,61,57,17.134,4.72438596491228,13.08,114,7.65,51.18,46.51,5.5,4.5,2.5
"038dfa39ea11eb199e32e61fa4bd264d6d7ebc72",170,53,46,-4.637,4.419130434782609,10.63,97,3.53,82.35,36.17,10,7.5,8
"56df019984fc7a155fc18b5c4ecd2f52c497693e",77,63,59,20.969,6.502881355932202,19.25,98,29.87,3.9,92.27,3.5,3.5,4.5
"79f071f88a5c4c3bd278b93f9f622e90e15a10f0",1,1,0,0,0,1,0,0,100,11.1,1,5.5,3.5
"128ed4bebb12d030efad936db13d26a620bd620a",373,80,79,10.608,6.691392405063291,16.22,112,13.94,59.25,45.85,10,9,5.5
"28a125bc7a4d79ba10eeb2abdaa878d46eea4b32",314,113,110,16.672,7.813486238532109,6.41,111,29.94,43.95,64.56,7.5,9,8
"301483d94b9efd8e7d95ca45979a6583215c1d58",247,98,88,2.216,5.283636363636363,7.48,129,8.1,44.94,41,10,8.5,5.5
"5faefa46d05d32e90b97c1cc9260bacd6c2f45de",296,65,61,-11.154,7.366393442622949,10.57,112,37.5,35.14,73.98,9,9,8
"308b8bd2a17694ea81d601d025d5cb4ea6fc1fba",9,1,0,0,0,9,0,22.22,0,98,10,8.5,7.5
"470647470caa15468e461e105a8ecd3b25a912f0",139,45,39,-8.545,5.259487179487181,12.64,114,3.6,65.47,44.78,7.5,6.5,5
"3841fabcde0188d8dc9b3060cacffafa3450ec85",348,115,107,4.838,8.517196261682246,13.38,102,38.79,24.14,75.97,6,9,6.5
"5504396737eadc63295f751ebf765c22b35b23db",13,10,10,13.928,7.7470000000000026,4.33,2,61.54,15.38,91.27,9,6.5,4
"0297fd76b36e100882756e636bb03031255f57da",272,48,46,5.635,6.67608695652174,11.33,108,14.71,54.41,46.87,9,5.5,6
"616bff7fefe77a5e5618f600b39cc1002b71867c",428,107,101,13.125,6.20138613861386,20.38,106,15.89,59.11,45.48,8.5,10,8
"1133fe0ca8444133bea1e55ef5b4026b5e8445fc",248,43,43,12.67,7.663488372093022,13.05,103,17.74,59.27,50.86,8,8,6
"6bdbd12c28f576e6dc4242177fbf9829e65c4726",149,45,36,-8.471,9.935555555555556,5.96,200,21.48,40.94,69.24,8.5,6,7.5
"070671333adf94dadc433fcafc872c6301dd0744",158,55,40,-27.466,5.902749999999999,10.53,105,0,68.99,39.77,8,4,3.5
"501f6ef9ac0e3eaee34c2357da968672bafbff95",280,114,112,14.442,5.526486486486484,15.56,128,32.5,47.14,57.01,9,9.5,1.5
"08399013cfa671c37b50b71ef25f1b2fd606c009",342,103,99,11.22,5.803838383838387,9.5,104,9.36,50.88,46.43,9.5,9.5,8
"254f59f316c0c9e98ce4d4ac6cb1718aef6d9f00",179,46,42,-20.303,4.120714285714285,14.92,63,34.64,36.31,53.63,6,7,4.5
"1e59ca9160cbe32a3bebef6df4339e30a16d0dfd",194,83,78,7.751,5.86128205128205,17.64,113,0,77.84,31.17,9.5,9.5,7
"0d05b13c0460dbd3e3e99537d6eb4665b0dd194b",157,78,73,-1.995,4.285616438356167,5.06,104,33.76,45.22,65.25,8,6.5,5
"5a7424ce2a160cc7bcb097b51942e1e1ce68ddb1",297,85,76,-2.032,4.201466666666667,9.58,128,6.73,60.94,32.28,5.5,7,3.5
"57a668ff1e3df5afc4e593bbbbc39e9eae0a940c",128,61,60,9.96,4.749833333333336,18.29,136,0,82.03,36.33,8.5,10,6
"7f8b72d92d190113dbc807befe9e8033ecdda75f",514,111,100,5.349,6.107857142857143,16.58,129,20.23,42.22,45.82,10,10,7.5
"213a1a52e92bd478f671a4e614a7ee5b82ea4b91",157,40,35,-16.64,5.657714285714287,6.83,113,4.46,61.78,50.94,8,4.5,5
"0e63b2194be2efd4b5b5f2b6e2d77ac12aaadec3",2,1,1,0,2.3700000000000045,2,0,0,100,12,10,9.5,8
"29c9f517c368a528325a1e38b51adf368923bb04",185,70,69,6.927,5.0105797101449285,8.04,92,0,66.49,43.03,9,9,7.5
"04d32bf7b10a238244d3e1acc3bcf53a449daf99",405,103,100,-2.08,5.6405,11.91,106,27.16,27.16,64.34,7,5,4.5
"64c207f458782b92f681bc496f8a6763ac3b99c2",228,60,42,-16.866,4.0895238095238104,17.54,132,3.51,76.75,29.32,10,6.5,7.5
"76578f23a12fae71dcf7aff5aa48a7ace122f5f2",204,68,64,-0.134,8.118437499999999,9.27,98,0,63.24,33.75,8,9.5,8.5
"69c377ef0f1c724f59024bd4c2a7fa5d36e50432",341,60,41,-32.073,3.4265853658536596,17.05,114,27.57,39,66.59,9,3.5,3
"1e87dd3db07a664f4eb34b7e0a3ac578ca8846f9",252,85,80,1.919,6.03875,14.82,106,8.73,44.05,45.07,7,8,3.5
"14e9c7d5220ae70aadd1e37038e74bba41439d65",314,75,67,-5.555,3.8264179104477614,28.55,118,74.52,8.28,62.24,5,7.5,5.5
"0bd4c0cd006b55dbfa7806aa4b45926119ce9540",157,61,59,-10.941,5.176101694915254,12.08,107,7.64,47.77,49.34,7.5,7,4.5
"05218d5a6d67f5c1d6305dffb907e940260304c1",343,104,104,-0.734,5.063365384615385,15.59,105,12.24,63.85,38.74,9,8.5,7
"3b5d744051772f15e4bc3167d749711fa798b0c1",70,32,27,-23.574,6.131481481481482,6.36,91,1.43,55.71,63.98,5,4.5,4
"0b18b1d653e0d031e1aee9129432b668c4264d3f",327,99,99,6.895,4.821818181818182,21.8,98,41.28,48.62,60.59,7.5,8,2.5
"155290f106d7951f353d1290f55d95a5a1535e90",51,14,6,-65.285,2.9666666666666686,8.5,79,9.8,43.14,83.43,10,5,5
"40c0843e6cba7960b4a4fc631d0831b9242a9778",41,29,21,-46.788,3.8271428571428565,3.15,102,41.46,41.46,98.69,8.5,4,4
"3bdad6ba65de3948b9939ebd98d80b03fe3f8e93",328,82,71,4.223,6.038028169014083,8,177,38.11,23.48,78.18,6,9,5
"4d3eb0a9c08fa8d2fb11d00af22f7d582f106019",347,108,105,0.549,5.053904761904762,14.46,117,9.51,65.13,30.11,9.5,8,5
"2a8f1b3e408879bc12a312938c32061d9e29a4e9",335,100,99,11.913,5.419090909090911,10.15,112,10.75,67.46,39.35,10,10,4.5
"1a116d1e7d5af20a32ad9d0232b6803c70f7978d",233,91,80,-4.04,4.94825,5.83,105,0,70.39,35.32,9,9,6
"123c4ff5313ccf709b3bc4bd3365087685440c71",147,66,65,16.633,6.5575384615384635,24.5,113,4.08,74.15,35.78,1.5,6.5,2.5
"3dd2f099bd4cba1acad185a78c773972d450a899",341,97,93,7.021,4.8311827956989255,14.21,102,0.29,51.91,33.65,10,9,6.5
"2d621dbbe38ec756f71d3d1ff5b1f2de707330be",204,91,88,17.406,6.917386363636362,12,118,25,43.14,52.68,10,9,6.5
"34b6d0f0fe1617146945db60df615d0d9bb3a4d1",307,63,52,-3.979,4.531346153846156,14.62,116,0.33,61.89,30.15,10,6.5,4
"3d8d550e8b7d9a0629bdd8e0ae73f8f0ac74b1a6",75,44,43,-0.397,5.70767441860465,8.33,102,16,29.33,77.31,9.5,5,3.5
"653de78f41ee12882a2cbc4177fb3c4e5c3eac28",8,5,0,-9.6,0,8,0,0,100,42.19,8,7,6.5
"1c095c774d9d1d3a4ddcf533186e7146fdbf92a7",336,97,85,1.371,6.258235294117647,10.5,131,3.87,55.36,37.31,7.5,9,7.5
"26227f631ff63a4f02f7d69bda90131df9bab5dc",176,89,76,-21.017,5.134473684210527,9.26,117,11.36,28.98,56.39,9,5,2
"2e2fe98cf7d490aba85a3eba367d9512bac08ce2",228,65,57,-0.213,11.508035714285711,6.71,119,8.77,55.26,44.12,9,7.5,6
"014c59c6433fd764a0b08de6ffeb757eaf60aa73",199,90,79,-4.249,5.1398734177215175,9.05,96,37.69,36.18,59.13,9,6,4
"108f1062e8ab6d51f404e7f639e781edc9ae5eb2",185,53,53,-5.582,5.499245283018869,18.5,99,1.62,83.24,32.05,10,6,4.5
"3469c710d9f5a4ef230caca3f99b1ed21411732d",194,100,88,14.03,6.6334090909090895,8.43,132,24.23,51.55,58.38,9.5,10,8.5
"2f7bdf97a5978e8b7a4b3f69a474540c0c38498e",77,22,22,-14.744,4.484090909090908,19.25,3,11.69,31.17,75.88,1.5,4,2.5
"61e1c151f6a90ea5a2f33930ed70e5a9f39b681f",172,84,78,3.757,5.453194444444445,9.56,142,0,82.56,26.37,10,9.5,8.5
"12d6e24985ac80a581968fb1f36d699e6dd1cd33",118,68,64,12.23,5.914531249999998,14.75,107,0,40.68,55.24,4.5,7,2.5
"0367f82909c46a900501cc32d02b913923f75314",12,3,1,1.241,5.599999999999994,12,0,0,100,19.08,10,10,9
"11f61032ed64123d44a372930101fd5f3877e010",385,110,102,9.976,6.082254901960787,8.95,137,0,61.82,34.5,8,9.5,8.5
"5e5064a233c1402d302af4de9a442f32c934da4f",275,112,109,16.493,8.43577981651376,7.43,112,22.18,59.27,55.11,7,8,7
"75b4f05700440a54255124cf44b8ca0d4252df85",460,120,113,16.561,8.539009009009012,12.11,126,7.83,67.39,32.69,10,9.5,6
"5b0ac0ebdcb3aaed7a9a3aa2f9c11919ccce9555",146,73,59,-16.757,5.445932203389831,7.68,105,0,65.07,39.97,8.5,5,1.5
"1c3928fd78413712a00cd78e6ec020b2cfc666fa",115,42,39,-10.773,5.3797435897435895,7.19,89,34.78,34.78,75.71,9,4.5,4
"4586b41a1f104874583010a544bdd65113d2666c",136,56,51,0.167,9.896470588235294,11.33,128,1.47,80.15,41.92,10,10,9
"3d9b6ed975620e48ca0a5aee5fd19f5db1db3b18",243,74,70,18.062,13.104558823529409,12.79,114,8.64,69.55,41.46,9.5,9,8.5
"263102b5e7fbad9de96373d99c0697d8db856bb0",6,2,1,1.241,5.599999999999994,6,0,0,100,14.49,9.5,7.5,6.5
"50708257bf26f0b517a6fa6acaa444d13f6006fc",31,17,16,2.446,6.043750000000002,7.75,6,9.68,51.61,74.9,10,6,4.5
"6c468e0d90bf790fd74609738544edd3f0e5c74c",281,96,95,8.276,5.218,9.69,109,23.49,49.47,61.51,10,8,5
"62b127e475e6cafbc1906e6fa5cae8d7b4da3ceb",119,40,35,-12.942,4.9957142857142856,14.88,138,3.36,78.99,43.43,5,6.5,5.5
"28a0f5e69c747c78015cf8fb0eac804b9a733bb2",260,93,81,-2.491,4.897530864197531,10,100,28.46,37.31,64.47,10,8,4
"1a651a0e1038b173950ab2be4fb4b3016d617aa6",599,131,126,25.748,11.143524590163931,15.36,128,9.02,59.27,34.18,9,10,7.5
"5baedd7fbc5ed01efdd5a078f7b3809491ac1722",215,79,74,-1.493,5.922837837837839,6.32,118,6.51,78.14,34.22,6.5,7.5,5.5
"5e030103a9bd01aba1285730aa1bce7cc90f7bf4",345,120,113,21.635,9.617946428571429,9.58,120,30.43,36.81,62.26,9.5,10,8.5
"06024da8147b5cf6105beb4c403f67cf1ff0aea1",8,5,5,81.241,51.902,8,0,0,100,15.19,null,null,null
"6154c47df672f6768571f878e472ff2808274cda",308,99,92,-0.93,5.047391304347827,23.69,116,7.14,43.83,45.41,9.5,8,4.5
"66caffe338b5140bd8ac35fd0000f867266bd08a",153,63,63,6.819,5.5619047619047635,10.2,112,0,72.55,38.7,9,8.5,7
"0601ede7fba3727ac6cae3653b12cebafea42863",236,86,86,3.752,4.622470588235294,21.45,108,4.66,78.39,32.44,9,9.5,7.5
"3b951429b4166a9149480e360687549e1069a209",150,46,46,12.881,7.766956521739132,25,105,0.67,80.67,29.83,4.5,7.5,5
"3a1431fdc38caa2d40fdd0df60f76683af53a729",340,69,67,-1.171,7.777910447761194,12.59,126,2.06,63.24,27.61,10,8.5,8
"1ce192d1bbeca43c01873d6cd5a6318f4050fa56",192,50,36,-11.973,4.813888888888887,13.71,126,25,71.35,48.35,5,3.5,5
"505fea7b24ccbd0e28b51099a1e89ee317605916",250,76,73,4.056,8.424647887323944,12.5,124,8.8,63.2,35.34,10,10,10
"3f679f9f5c3b6c2a026bc0575cf7d5f3351a8db1",232,99,83,-5.712,5.282597402597403,6.27,111,4.74,52.59,41.42,5.5,8,5
"1ad3d49b185ea0e42354cd94ac86c60ae982616d",97,37,31,-30.42,3.217096774193549,9.7,79,3.09,86.6,41.31,9.5,5,4
"503affec12fb99997f583ed73b60262572694795",1,1,1,0,15.430000000000007,1,0,0,100,7.53,10,5,6.5
"80cb3c3cef8030674baa141475951b20ae73089a",210,65,60,17.306,4.782,12.35,114,2.38,50.95,40.61,5,8.5,6
"6b05f3073cf136c387ede39d4e605eefa19a4886",201,65,61,-12.35,5.9120338983050855,7.73,210,4.98,61.19,36.74,5.5,5.5,5.5
"47e1eb91096f9e59b0faf185a88d41343c073d83",203,84,67,-10.541,4.411044776119402,18.45,113,0,41.38,43.14,8,7.5,4.5
"6fa8cdf96032a061ee3b601ee76a28dce25f4735",329,107,100,-2.066,5.3137,11.34,103,18.84,32.83,54.95,7,5,2.5
"598a40125a414f949647ee201ecbe39553bedb6a",15,4,0,-9.6,0,15,0,0,100,55.73,10,10,8.5
"7e4e1a800af30eb9922c09f9d751b0873e0dc467",194,51,45,4.392,5.155111111111111,13.86,107,5.15,64.95,37.15,9,7.5,7.5
"44ede8e2b591b3b54fc25469d50e442459da73f6",183,70,70,8.26,5.085000000000001,8.71,103,17.49,63.39,50.58,9,9,7
"165e4e596c3bdade64bf0bd2491fa8234015f0d2",256,100,97,-4.354,5.259484536082475,11.13,101,28.13,38.67,59.82,8,4.5,5.5
"2b96fc96ee2e0090a42957d84ccd09cda2c72b74",33,12,12,2.928,5.229999999999998,33,0,0,100,58.4,9,1,0
"6eef887d0fd74edee1667f50dce5b41efbe0a180",98,60,58,12.07,4.605789473684213,9.8,95,8.16,56.12,59.07,8,9.5,8.5
"5b49681d3b05fba0fa5978673a6d871011186bce",165,70,68,3.927,5.072941176470589,7.86,113,6.67,65.45,48.45,10,9.5,9
"3caf61bb383eed4daa553e074208e84cdbdd7df0",135,21,20,13.287,5.696315789473686,19.29,80,59.26,6.67,104.63,9,5.5,5
"82f9404672305675b631cad221087429c078b8ea",129,39,30,-37.86,5.079333333333334,9.92,101,0,17.83,51.23,9,4,4.5
"3d8d3a121d5e9126056c0676ac7ad2661696a572",269,93,89,2.616,5.805730337078652,7.91,111,15.24,49.44,53.27,8.5,8.5,6
"57a3b9aacc40db600c87c8b2cf110418021388d1",253,60,56,-11.078,5.14464285714286,10.54,107,0,71.15,34.01,7,8.5,5
"66740228a725504db879896a9c28c03676fef710",97,42,41,2.167,5.5704878048780495,5.71,113,16.49,54.64,53.12,3.5,6.5,5
"06490d06037ae75484a0a36a7a46e126b0b49495",206,79,73,1.141,5.449848484848486,12.88,137,6.8,48.06,52.54,9,9.5,6
"4e3603a6303b1bb5fb0ec4a0d8ec39ae3e0afe0f",229,97,80,-13.491,6.504750000000001,6.54,138,13.1,37.55,46.41,8,7.5,5.5
"2cc30f03509be89ad3bfd483b2bd69c999798805",258,104,96,-7.354,5.489583333333336,17.2,140,11.24,47.29,43.25,8.5,9.5,3
"4f0784758f47badc4dc66910c529236f8a45bf3f",98,51,46,-4.754,6.110869565217392,10.89,104,37.76,58.16,68.11,10,4,1.5
"3b0e56cb91cf7c26836c7fe857ef2fef62c2031f",6,2,1,1.241,5.599999999999994,6,0,0,100,13.98,8.5,10,7
"79c48e970f8b0e7a0e074bf7f0a3f201737dde3c",170,58,52,-16.338,5.847115384615386,10,105,0.59,66.47,38.5,9,7.5,4
"0de8af23bfda13f21ed67e41a5aace53ff8aef99",368,109,107,19.259,7.716571428571431,10.22,105,19.57,52.72,47.94,10,8,5
"0dd138a9a2b0349ede3fee340cb02e40197aea3d",238,87,78,-2.495,7.196410256410256,9.15,117,45.38,28.99,75.93,7.5,8,7
"6cecf8c09c3c7ca888a6e3fc2ede03a820c9c82b",156,65,62,18.614,4.9901612903225825,9.18,114,7.05,41.67,48.92,7,5,4
"62cba18268cc16143359b59ebc94adf65af340a4",310,82,73,2.258,4.683424657534246,9.39,112,13.87,42.9,47.97,9,8,5
"647dd6aaab297d6a9328c244eec940904d58293b",201,46,42,0.18,4.195,14.36,100,12.94,69.65,38.55,4,6,6
"141e7bebd6db0745569c97910301a67c9962826e",300,76,74,-6.952,7.5112121212121234,9.68,104,14.67,60,47.45,8.5,9,5
"7d9accfb703fb86e2d5f39929309e7f273b46c79",11,7,7,-0.932,3.8985714285714295,5.5,6,0,18.18,77.11,9,4.5,2.5
"0799ab89dacde8042474f7bfe75a739fd151b73d",39,20,20,13.287,5.696315789473686,4.33,82,0,51.28,70.19,10,5.5,9
"739d06c41287f6661d2c1879f42b56d45454e815",28,23,23,-1.16,5.857826086956524,14,63,32.14,0,123.21,8.5,1.5,4.5
"19bb25163e0a13d6d2b1606c92e1366ad7fd8341",225,72,70,5.819,5.5155072463768136,9.78,112,5.33,55.11,47.78,9,8.5,6
"1cfda392887d01754199fa5f5cecf6ea3c9b0fec",177,58,56,-13.942,6.144642857142857,10.41,110,3.95,54.8,43.82,9.5,7.5,6
"7f5f84b208b2889ece946b277eaca95d838072bd",266,109,105,9.426,7.109029126213592,7.6,105,14.66,57.52,48.07,10,9.5,6
"34ffbe3d2820a74472b93e9dcabc0e17f75e779c",48,19,16,-24.338,4.421874999999999,8,132,0,77.08,58.1,9.5,7.5,6.5
"80fc80505e08153a938e34945ea74064467c5e12",92,34,29,-18.708,3.719999999999999,18.4,8,34.78,23.91,80.91,4.5,5.5,6.5
"1c38445c67beb9a58777c87a9c059cea1ccf2223",26,15,12,6.121,3.9849999999999994,8.67,245,0,96.15,25.08,10,10,10
"605308a2fcb585adb29bd7cc4dc153faa8ab9702",141,55,54,-2.744,4.6083333333333325,11.75,114,1.42,49.65,57.34,9,8.5,5.5
"7adf5597380b3d9048a47387095d5342a24c07da",113,57,22,-54.12,3.048636363636364,5.38,112,20.35,32.74,61.14,8,4.5,2
"5066b74051c3f9ac880db30439338aaa8fb1c7fc",141,48,40,-27.697,4.366500000000001,7.83,108,3.55,50.35,50.75,9,7,6
"4ae698929993e35feef8c07911edb16212f5cf4d",127,53,47,-12.324,4.49276595744681,11.55,105,2.36,73.23,44.21,9,8.5,5
"25501bb976f5234f69a8cb767dc5b4ab87a9021e",273,54,47,-35.948,5.484893617021278,10.11,109,24.54,55.68,49.51,8,6.5,6
"11f93249faeb096567269266fbebfc3b0f6b5dc1",163,74,66,-18.055,5.235757575757576,7.41,99,4.91,33.13,48.1,10,4.5,3.5
"710b29019a8c45dfca3eec6a5a92b7d3bfc06cb9",146,50,47,-4.923,5.632553191489361,12.17,115,0,69.86,42.32,8,8.5,8
"2ebc44186d8093752e9c9ad97b67114006718300",317,104,103,-14.928,5.276504854368933,17.61,104,7.26,59.31,35.02,7,7.5,7
"7121c17a0f6576cafa8c7c029158ad3a81873411",345,71,58,-18.375,3.8677586206896555,8.85,105,20.29,29.86,60.34,8.5,6,2.5
"7341e1b59de6c74569853631605d1dc2d2da2e0a",112,20,20,10.361,5.020999999999999,37.33,7,32.14,41.07,73.41,8,5.5,4.5
"6978f24f45757e6d0c3a352bf35d073d14b46c6a",175,49,46,-3.859,7.378695652173914,14.58,79,4.57,74.29,38.88,10,10,5.5
"05b7c7d664702d3677ddbf5a03e976e24b16544c",167,64,61,20.194,5.40032786885246,13.92,114,8.98,49.1,52.01,8,6.5,5
"52011a00e43fa9e527dd0b121ddd133547981b24",138,98,98,4.507,5.228265306122449,10.62,89,21.74,36.23,66.72,7,5,2.5
"7dc6bcdd4ba4cc84cdbf70b50cb26a72cec3db1e",408,89,83,3.585,6.932409638554216,15.11,121,30.15,41.42,65.82,7.5,8,7
"0ac20d28419a43394bc94b257c7aab70e87f1675",179,51,46,-17.642,6.734565217391304,11.19,106,16.76,54.19,46.11,9.5,7.5,2
"0304aa9c12a1c900dcb4413c6a4ce40cc05b1696",145,59,57,10.029,5.2154385964912295,13.18,90,2.76,62.76,44.92,9.5,7.5,9
"7b7d0625e7d073af7c6fa7c1df5ca43ab1232aba",3,2,1,1.241,5.599999999999994,3,0,0,100,8.63,9.5,9,7
"081cbf0e54173c1b4c90be93a514521bc9c710fb",25,18,18,8.525,5.913529411764707,3.57,79,52,32,80.42,9,8,6.5
"74381df8a16f12280ebd12d45f8fff4fbcbcc4c8",373,124,117,24.022,10.459137931034483,10.08,132,0.8,65.95,30.5,6.5,8,6
"6a321021dc357c030017f099c3d1b430bb0d1b65",112,48,33,-59.589,3.4178787878787875,9.33,92,14.29,33.93,74.88,6,3,2
"29a9c1bfe53383e21dc534379f5fd64c4efd4305",431,65,61,-4.259,7.740000000000002,14.86,93,15.78,65.89,40.68,9,9,7
"1d2f411ed3ef95a96dea54ce6a09c0d0b65b6a7f",149,42,41,0.529,7.003414634146341,8.76,108,10.07,69.13,47.55,7,5,4.5
"33ead7fc0a3cd59c67bb412d705c5f5b9cedccfe",482,118,100,3.327,4.519770114942529,20.08,122,13.9,54.98,45.18,8.5,10,5.5
"3cde31c0a8378da5d6c2767652ec108deb9135a6",388,116,110,16.561,8.658691588785048,13.38,126,3.09,73.2,28.31,10,9.5,4
"52292d33bf302f4cc04f07ef928db72b2736c06d",216,106,97,9.185,6.97474226804124,4.08,110,2.78,67.13,37.41,10,5,2.5
"2c93a0edb553ae495ba9ca047361240c278f6cf8",210,44,41,-2.055,6.038536585365855,17.5,104,56.19,18.1,78.49,10,2.5,2
"6ec34c1674a54a0b43f8bc4570e2188a4937da15",262,78,77,8.787,5.923376623376623,10.92,109,32.44,33.21,62.8,10,9.5,4.5
"77051baba74aab402905de65e8e0bf18e2907ca8",432,67,64,-0.218,8.19359375,12,105,9.26,47.92,35.41,9,9.5,8
"0821ac06ae77101d7dd9b8dd103f79ffa46657ab",54,20,14,-12.095,14.59785714285714,10.8,106,20.37,20.37,82.04,7,4,3
"2290d198e0649ef4dcfb6cd22d36d87969fb7bfb",142,63,59,4.627,5.315593220338983,15.78,129,0,97.89,28.72,10,9.5,5.5
"69b200a293efc47d832e89333a4adff338261538",149,82,78,-0.903,7.094615384615388,7.1,128,10.07,66.44,49.23,5,8,6.5
"7953012ece7e7f5c184ec3ce99de925dc01c46ef",346,109,106,9.576,4.97188679245283,19.22,116,5.78,63.87,38.14,9,9.5,5.5
"6475c391e6ec554f2bbe5a6460e5962a4af5ac65",68,30,20,0,12.415000000000001,13.6,49,0,45.59,63.75,10,8,7.5
"665aee398dbb98e56d2f171ef0bee4f6fedeac43",196,84,82,3.912,4.684390243902438,11.53,53,14.8,52.55,53.92,7,4.5,0
"0fbb7000a8fd1f413cd7a06ec7baf2b1f6eb493a",136,35,28,-24.476,3.75607142857143,13.6,98,0,81.62,27.65,7,5.5,3.5
"081f6737145108d2cfb3e432f03d59670bae3ded",307,44,44,8.119,6.4300000000000015,12.79,112,30.29,40.07,69.03,6.5,8.5,5.5
"05ed34d40112c0d0c446cb9c00fa6e14851a7aa1",351,55,50,7.26,7.039795918367348,19.5,124,23.65,74.07,31.23,7.5,9.5,7.5
"72ea15c6a9c0f4f176da99e9dfd445b347c2e219",587,113,106,10.525,7.484000000000001,11.51,118,1.02,41.91,29.08,7.5,9,5.5
"76adaa79b0d19f7d32da3bf027c2b4fb995952ec",162,61,59,-8.617,7.783898305084747,6.48,111,11.73,65.43,48.66,10,8.5,6.5
"7b6c995004d7267af856efa19b12c7455bccdbd8",181,83,81,6.73,5.400000000000001,8.23,95,12.71,34.25,60.76,8.5,8.5,7
"0e0d9e9f9bc2173402e77be7eaaaf0d562168009",86,21,18,-46.537,4.743888888888887,14.33,93,6.98,87.21,40.01,6.5,6,4.5
"4e8a3d6c3bb0e0df7e39e93b9266737cda041fed",324,67,66,3.191,8.286212121212118,21.6,105,23.77,20.99,64.84,9,8,3.5
"3a3cf426569ff3ed1638fefb8d0a7bca73e0bdb7",81,29,26,-5.644,4.639230769230768,27,13,12.35,64.2,64.76,7,7,4.5
"5ea5bb39e36dd3e81ece42b2d6e19d0ed5150740",104,30,19,-41.013,3.1278947368421064,9.45,79,37.5,44.23,80.54,9.5,7,2
"720ce5dcaede4e84cbbe7874961853e416f0d2a2",209,101,97,10.397,5.283092783505154,9.09,106,0.96,82.3,31.85,10,5,1.5
"58ab0634383006fc63de206822832e26d4c06c3f",123,43,42,-14.92,5.40425,13.67,78,13.01,52.85,53.92,10,4.5,1.5
"59b2a9ae92876d8ce54309fe82bb92d7cffbc794",62,36,36,-25.205,5.125555555555556,12.4,21,32.26,41.94,78.38,0,null,0
"1fec28e4753dac81fb5354793029a3a2f81c7b7a",322,65,63,-27.007,4.789682539682539,15.33,111,9.94,15.53,37.75,9,7.5,4.5
"40741b5b2ac93f9d0eacd4a28b48508be0a378f9",106,35,26,-34.489,5.018076923076922,9.64,112,10.38,73.58,44.65,5.5,4.5,6.5
"7bb8bff124f651711732b84262474e1acba69082",100,48,47,9.418,6.016170212765959,11.11,106,0,80,38.02,9,10,6
"39ab839c37c0269b14691b473ad894ba12e1afbc",202,84,73,-2.634,4.122191780821917,8.08,108,10.89,41.58,56.09,6.5,3.5,4
"7f2bf222342aac2992fe15f12039b9f7123524c6",339,71,70,8.26,5.085000000000001,22.6,101,8.55,60.77,40.57,9,9.5,7
"13b9e4710dc86e953960ebd2fbae7721d24fdc2a",339,93,81,-1.574,5.8295061728395074,14.13,109,12.09,41.59,48.39,9.5,9.5,1
"1ccece483f66d68acf592f017c1b5ca6c682542a",22,7,2,-18.759,0,4.4,122,22.73,45.45,93.25,10,10,10
"04feabadb3e2d863eded075f541be8ff78d50474",199,81,80,-1.947,4.304249999999999,7.96,121,15.08,40.2,61.03,7.5,7.5,6.5
"1bdf6175e8df831b083615bea765e48098904986",52,21,10,-32.784,4.148999999999999,13,72,0,100,38.13,5.5,7,4.5
"013de369c439ab0ead8aa7da64423aa395a8be39",107,52,44,-6.738,4.983636363636363,13.38,80,8.41,78.5,45.84,10,10,5
"58dfdda4538b55efcc287512b508d9fa2638028d",258,91,88,1.936,5.967159090909092,12.29,124,2.33,37.6,36.61,6,8,6.5
"6f9c45656b2c3a8cd9c394c878d0ec7d738be090",141,70,48,-32.384,4.519583333333333,6.71,103,34.75,30.5,78.78,8.5,5.5,4.5
"16a221ec975ec0eb2fcf4acd69fe87281d585ca7",285,109,108,6.578,5.345092592592594,13.57,132,9.47,65.26,38.36,7.5,9.5,7
"1dccadbfae8f0adb300cb239e727b2481e2b149e",34,11,10,-37.132,10.467999999999996,11.33,16,0,79.41,57.43,10,9,9.5
"33c8bfb97b43132f0054b97a2ebb0f5f3768031d",199,59,57,14.048,7.0900000000000025,9.05,106,6.03,55.78,40.84,9,7.5,7.5
"4d5f92f22244e37d20f783e571539a2d2e4e58d8",178,72,62,-7.901,4.146129032258066,12.71,108,12.36,70.22,44.47,6,6,5.5
"12f1e26c28f731fd2ad1787db42f4c13de432ea4",198,58,51,10.071,7.951041666666666,7.92,127,5.56,78.79,33.02,8.5,10,8
"091ed1fe8fc042e202205f09f3d49a065c0f4da2",67,28,24,11.833,6.43952380952381,5.58,126,4.48,67.16,62.1,8,9.5,8
"5cc1caec2eb0968d6d30a6f95dd41d04e80c3f2c",2,2,1,0,15.430000000000007,1,25,0,0,28.4,10,9,9.5
"6941ef044510999dfc8a269ea9255f7b93505147",437,77,72,-0.932,8.92125,12.85,128,0.23,73.46,20.38,9.5,10,9.5
"533bff0c4073c53de80f7b88a1ecda9ac3878893",73,18,16,-10.236,4.612499999999998,18.25,21,20.55,46.58,67.62,8,2.5,1
"42fedf0a6f68d54738709e096f9352ccb17dc072",263,87,78,-0.472,5.127051282051282,10.52,101,8.37,44.87,46.69,9,8,3
"3ee8b93a31b564cdb14f3d62f08dd862461e0918",261,76,72,8.585,6.57097222222222,23.73,106,3.07,85.06,26.97,8.5,9,5.5
"60cfc94f336b294be80a5215fcd8f9a8099011a2",258,79,63,-16.959,5.613492063492064,17.2,112,6.98,47.67,43.14,6,6.5,3
"10208a0e6cd46ed16c4fd6b83f3993696ace5495",131,61,57,0.256,4.808421052631581,7.71,114,12.98,61.83,58.85,9,8.5,4
"4a0f49c2a5e9766ab2ea0aea95a12b763faff0a0",165,63,56,-8.435,4.020535714285715,7.5,112,7.88,59.39,46.45,7.5,7.5,6
"3e19ebd05fd2cc465feff2f681011181a78e1341",99,46,30,-45.157,3.6006666666666667,6.19,107,35.35,14.14,78.37,10,1.5,2.5
"60da060bd0084795a07f5e69e6884f7870822cf6",154,41,31,-20.011,3.4561290322580644,15.4,100,0,61.69,42.19,5.5,6.5,5.5
"3822d529be3c7a49da411682207b471d61822610",205,57,51,-0.75,6.145625,18.64,128,7.8,69.76,38.32,9,9,5.5
"5dc71a85b12614f2b7b995f3b9482d48f8e289e4",85,37,34,-3.916,4.1147058823529425,9.44,95,12.94,58.82,63.34,9,7,5.5
"6976ed8694419b21b0f2302b6d9db629ce0412e5",121,48,47,-1.323,9.162608695652176,8.64,107,3.31,69.42,43.19,9.5,7,6
"76f5d35cd62f4c2d48632c8b82a04bed0e161226",416,98,98,14.195,5.417244897959184,11.89,106,39.66,35.82,70.33,9.5,5,3
"66f103845d668685765328530c0aa2d71a0ce0d4",7,2,0,0,0,3.5,17,14.29,71.43,41.79,10,8.5,6.5
"59ee572da4b7c6d711c46542482cc65bdee55648",75,6,5,0,2.3700000000000045,15,68,6.67,69.33,59.04,10,5,6
"4069b40bebe0372926fcd92429f7431e300e6b52",249,119,109,17.292,7.302897196261683,5.41,119,25.3,36.14,67.21,9,9,7
"7186e8a3fb8c0322eee7e354ed8f1669885f6774",69,39,6,-75.767,3.551666666666667,7.67,38,17.39,18.84,79.34,null,null,0
"48832ca57fb72952c11805aa0975c2273273ba58",140,41,37,-15.075,3.3370270270270277,11.67,114,17.86,54.29,57.1,5,5,5
"5d2a4450b9548913c0ae383640f67de8ca10edad",190,50,49,12.196,6.413265306122449,14.62,107,5.79,74.74,38.21,9,7.5,6.5
"4d38a6fd027c342a0719d9e7d0f6bd3e820a238a",283,64,61,0.912,5.578524590163933,12.3,99,10.25,49.12,35.3,8,8,4.5
"29e04945ee56ed79c4e07198c0e66375428284de",151,59,59,14.451,4.70898305084746,8.39,113,15.89,61.59,53.67,10,8,6.5
"648b6d4b1c95ee18825cb3cdd69c033a10f3633e",177,71,70,8.26,5.085000000000001,13.62,103,11.3,64.97,50.13,9,8,4
"80a1456c85989c36b524eb16f1afdfa2c5480121",265,66,64,-4.639,6.696250000000001,12.62,109,4.91,61.51,37.41,10,9,7.5
"0ba5c041f797e8baecc5f32034046994b801cbcf",25,5,3,-56.798,2.00666666666667,25,0,0,100,52.81,4.5,6,3.5
"2f7ef2d7fa25c0f8d9de0a5ca7301041b9d08e4d",309,96,89,17.999,6.995842696629212,9.36,111,10.68,45.63,43.98,9.5,8,4.5
"391d18cff3df066db6fcc8dad718d325607e5493",274,59,58,11.458,5.32844827586207,24.91,95,3.65,79.56,26.28,9,8.5,7.5
"705c7f16ba723569db2002204ff748355ef80e75",156,43,28,-57.699,3.6596428571428574,10.4,42,30.77,55.77,64,5,1.5,0.5
"0155f91fe242fe55e1af631b0f0afbe9938b185c",179,46,42,-8.236,5.142619047619048,17.9,79,18.44,54.75,59.14,9,7.5,4
"0577e3c1b0a6df46c7fef07f400b42811cc77250",418,107,100,11.913,6.1038000000000014,8.2,103,1.91,65.07,30.27,9.5,8,7.5
"08838c74dc4154d8f49b1408d27fb46ccb92d329",215,54,42,-34.776,8.448095238095238,6.52,105,24.19,57.21,55.87,8.5,2.5,6
"4203f7e50c4e403622aeb1b6d39ca45285510aa8",407,72,66,5.598,12.237499999999997,7.68,116,16.46,48.16,52.35,9,9,3.5
"32ccec47f44931be75b93c598cb145c4803be980",144,88,86,11.157,5.452209302325583,11.08,110,22.92,20.14,61.11,8,4.5,4
"6f52fb961b947325347f9303798fa6066967e407",132,87,75,-21.491,5.517808219178083,3.77,189,0.76,78.03,39.24,9.5,8,5.5
"24a9bfba88ed640e9690cd9f6bf4a2985f78522b",115,65,54,-10.161,3.6044444444444457,9.58,103,22.61,30.43,67.95,9,3.5,3
"797a55490bd05c98e9b604b19c3ab90125c9431b",68,41,38,-12.116,6.123157894736842,6.8,109,4.41,50,69.84,9.5,5,3
"7faa61077b62629df7a5b7c828f98b2337a2dfdb",217,82,57,-26.059,4.291578947368421,12.76,99,19.35,49.77,58.6,9.5,7.5,4
"70586c4437f01c7ae612aa151f53958ac10a412e",694,115,108,11.902,7.218611111111109,12.18,147,13.83,36.89,43.03,9,8.5,7
"6f99a507851fb9a8ae9776ede538789cae61a22a",97,41,32,-14.798,4.600937500000001,12.13,120,0,100,12.06,6.5,9.5,7
"32b47658ae606bb95f1bbf1e1dc86accc255e926",330,107,80,-6.074,6.231772151898735,14.35,105,7.58,59.7,41.58,10,9.5,4
"28940a6516bb354b4172fe3524f8b7328a5cf2fd",243,71,51,-17.051,6.0200000000000005,18.69,112,44.44,30.04,68.58,10,7,6
"26cdb442f5361c690f8045caf5e026e7945e1965",235,86,50,-31.172,3.1774000000000004,10.68,106,11.06,57.87,43.61,7.5,5.5,4
"0248e16d134e1bd5b4352701e1f23b904b7c4cdf",206,50,48,12.881,7.76695652173913,22.89,142,2.91,70.87,37.73,8,8.5,7
"5ca41a01a0d23780fcc2f122f7303701eb991a4e",283,102,102,20.678,7.218725490196076,10.48,99,25.44,48.06,57.44,9,9,9.5
"4f12a32bbef137a864b199061b62d35b4002e6bd",282,65,59,-9.014,7.5610169491525445,10.44,98,20.21,56.74,53.81,10,9.5,7.5
"4a8923bdd6d76861d91dce4b2670c04da6b45350",204,71,69,6.927,5.010579710144929,10.2,101,3.43,60.29,43.54,9,8.5,9
"787ac9013d322ae24dda40f918c05f9fe47601ca",39,15,12,0,13.016666666666671,3.55,32,7.69,20.51,102.92,10,9.5,7
"7e783577c8297bd74f8f12a2d4787f9cdfdfee02",141,82,72,-16.54,5.048750000000001,14.1,97,7.8,65.96,45.48,6.5,6,5
"1587f82c10e4a0f4241b317cba4fb5691bab07a1",217,98,98,4.507,5.228265306122449,10.33,93,31.34,27.65,67.9,7,5,3.5
"289a5bdde1fa9c49f221f19a10f636e81da724f5",244,94,83,-9.821,5.396265060240963,14.35,117,29.51,42.21,54.55,9,8.5,6
"54d144dbc7891709d9bac5db5ee19a761a768c1f",38,23,17,-16.607,7.892941176470591,12.67,10,7.89,26.32,87.25,9.5,4.5,5
"061a128e882272cd17340c8feb637cd0ff9e5dbf",195,79,75,3.457,4.619866666666666,7.8,103,6.15,42.05,52.22,7.5,8.5,7
"347b6f40dbac97bd24c857f37744f2c4fd590cc8",149,64,61,-1.2,8.08639344262295,10.64,127,0,89.26,28.06,9,9,8.5
"4528fc0fa6d591a221aba2cd316264877b73bbb9",57,20,8,-60.15,3.2212499999999995,8.14,34,36.84,35.09,90.84,5,1.5,1
"25fe3c7b5bf2d814b49ed3523b5a27c744ae5513",88,17,13,-35.248,4.43846153846154,11,108,15.91,57.95,58.02,8.5,4,3
"3d1c486e68c08c272379fe7eeec4d38e75f54ae8",135,53,51,-14.61,5.523137254901962,22.5,113,0,68.15,48.04,9,8,5
"172ed6401f9b9f97f6603c04fb2be3a83d495f12",154,55,42,-14.561,4.801428571428572,22,114,40.91,50.65,68.73,6.5,4,5
"05203b8a827f60a7cbb49a7d04a0b45dae39fa8d",696,113,98,2.259,5.461145833333333,19.89,113,15.95,53.3,43.7,10,9.5,7
"19fb6947af793def84e3b7ab4f867bd460ad1b73",46,24,24,14.781,6.223913043478262,4.6,79,0,78.26,59.86,9,8,8.5
"4c0740a4fccc2e15f52d77bbaceccfc1ffe309c2",242,105,98,9.748,5.897653061224491,7.56,110,19.83,50.83,55.29,10,9.5,5
"2a6a418be08d9f0184a804b2700a0d58950b219c",99,45,20,-68.895,3.0165000000000006,9.9,116,22.22,51.52,68.58,9,6,4
"4d9d9337a0bc50984b35ecd772dee54b88ade32f",129,39,32,-25.943,5.3824999999999985,16.13,120,9.3,76.74,43.79,7.5,6,5.5
"2572a6a2ba5183ab68c3da80b69071a6a05c3b84",451,111,107,13.332,6.534150943396229,9.4,113,32.15,56.1,49.84,8.5,9.5,7
"1c34dfe9c77773e6949a4d248b25897b3f78349d",156,62,56,-2.775,11.600370370370369,7.09,120,1.92,76.92,35.84,8,7.5,3
"39abf25961f2094474ac7c9d9d85735ecfaa10f8",7,1,0,-18.71,0,7,0,0,100,39.33,5,2.5,3
"83e22c7d80399e360122a5d33f26844b8c04a6af",51,16,16,4.088,5.725000000000001,8.5,15,11.76,66.67,67.95,9,6,5
"024af5e4f76c23e7f08616c60e595453e538a1ba",260,90,78,4.156,4.6793589743589745,9.63,111,0,51.92,34.05,9.5,9,8
"10ab3b376215f6afcfc642ea66a50f92cf944717",2,1,0,-18.759,0,2,0,0,100,6.43,10,8.5,6
"22deb5e56e580b0b0353f10e076cad95a3b8e631",307,114,103,12.918,8.575145631067963,11.37,126,6.19,68.08,32.62,10,10,7
"81f9930593d1612075b0a4831e1219e9ebbe5aac",280,113,112,8.882,5.441607142857143,11.2,116,12.86,47.86,45.95,7.5,8,3.5
"3853851c5433317284f37cd530d642560effc35a",231,74,72,10.182,5.341249999999999,10.5,109,21.65,70.13,42.98,7.5,9,6
"4a2ccd362270a02afdf8a1647576ba56a525fec8",233,83,80,-2.491,7.167000000000003,9.32,91,3,57.08,37.96,8,9,3.5
"6f5b8f8813e31d5f85f814585ee37e835a6c766b",457,104,98,9.367,4.9569387755102055,26.88,123,17.72,58.42,47.18,9,9,4
"3b3559f14b77090ee6063be193efe80b19bcc591",692,100,90,3.384,5.730666666666666,17.3,123,24.71,38.44,56.08,8.5,9,7.5
"2bae7a494d77c9c7cc0ccdc65a1915d25e31d2d5",489,125,113,12.519,5.901287128712871,9.78,108,16.36,50.92,43.69,9.5,9.5,9.5
"4cd7de9870e18e6ea8acbc2efb5f4fe9c051b09b",43,24,12,-39.911,7.276666666666665,4.3,97,6.98,67.44,72.84,8,5,6.5
"6a535ac087403316d625c2ed4d5108d7d2d21edb",343,110,98,9.185,6.353061224489796,8.37,126,16.91,56.85,45.43,9,9,6.5
"33c9e776300c7de11e0736b069b8e5042372d418",276,67,65,-1.571,7.18723076923077,9.52,111,1.81,67.75,32.7,9,10,6.5
"5ebe95d992ea2c39c13123c6174d22b6945291bb",206,68,67,-35.442,5.691044776119404,14.71,77,26.7,57.77,53.55,7,7,4.5
"6fda7242d55963e0014a8741b5fdd1bd4c34019f",45,25,24,14.781,6.223913043478262,6.43,82,0,68.89,61.95,8,9.5,7.5
"1f88d783ff0c3a19a1d34b4e45d71b4f9b14b976",278,112,112,8.882,5.441607142857144,7.13,117,15.11,61.15,45.24,9.5,9.5,7
"4b3052a36e3e54cb3458984b0ffe5f2808445353",23,13,10,-43.178,2.326000000000002,7.67,43,0,100,27.56,9,3.5,6
"4bb463f3e32f05b9a1e323adc2a51603dabc75bc",88,42,41,9.195,5.379250000000001,6.29,112,21.59,55.68,69.66,7.5,5,5.5
"58f61331a385caeed17baaf54abea308426d50fe",833,110,109,6.393,5.542018348623857,36.22,109,17.17,61.46,28.88,9.5,8,4.5
"2826a109ddc9b90686ec063ba1f90c72c655f8e7",142,61,61,17.78,5.75360655737705,12.91,113,22.54,70.42,49.91,7,9,6
"80dd54e80df2e8833ebb3927fd55a514dcfe637d",263,66,65,24.447,5.786615384615386,11.95,114,12.17,61.6,42.53,8,9.5,6
"5e6c70b4de90c2415359c22c351d8b827d22886c",250,102,99,11.987,6.4502020202020205,6.94,121,0,59.6,37.57,8,9.5,7
"0b4355398b9c16ac0a7f559752e83b655f5aa6c7",3,2,0,-18.759,0,3,0,0,100,9.25,10,9.5,8.5
"761459daa69061bdf66d850ebf8877f0c84e48ae",1,1,0,-18.759,0,1,0,0,100,3.11,3,1.5,3
"10e3359db56b99eb2f621d7c875f3c26cdd01a64",291,91,88,1.307,5.145113636363637,8.08,110,19.59,38.83,56.36,9.5,8.5,6.5
"33b6ac5e8631fb9ee19cfaf3dd4a93928d47bcc3",232,105,91,-0.991,6.079555555555556,6.63,125,6.47,51.72,43.75,7,9.5,4
"52f3954a2463ca97c884b6ad6d89f8fcc91696b0",319,91,88,15.141,6.180340909090909,15.95,107,8.78,44.83,39.96,10,8.5,5
"092370bceb84374c83ca09e8d8f93c837d923bc7",216,66,66,3.57,8.286212121212122,9,94,7.87,62.5,41.42,10,9.5,6.5
"2ad77f650b2381bbdcc0011fe5d9bcffcb109831",360,113,111,6.923,5.54009009009009,25.71,140,11.67,77.22,36.7,7.5,10,6
"495933d0ca16d77c1ef1587e29f5477513109a5c",331,110,110,8.06,5.539545454545456,18.39,110,3.32,80.97,27.65,9,9,1
"3a27f4f6ce9cc005a8f1a5f7441d26db75c9cd2c",262,94,80,-0.095,6.33275,13.1,131,5.73,73.66,40.14,10,9,8.5
"12aa60fde9ce650c25faf60398d3c071cb80c1b4",425,111,109,7.26,5.446880733944955,16.35,110,16.94,60.24,45.25,7.5,9,4
"271c95c3471c6588b4b9ccda962ce197fc94a9b1",150,102,102,-3.023,4.817941176470589,16.67,98,0,84,31.23,9,8,2
"7ee4cfff4c6cd84aa82b14208a75df86bcff9fba",230,98,91,-13.339,5.554065934065935,12.11,140,15.65,65.65,44.61,9.5,10,7.5
"491ae8a65839fc737fb2c3e6ed06b990c7f36dea",225,76,66,-4.82,4.213636363636364,20.45,95,0,80,27.34,8.5,8,8
"6fc4ddeb8a68d05ed8084b0d59d038f3649c10d9",148,48,47,10.529,5.9221276595744685,4.63,108,5.41,65.54,43.1,8,6.5,5
"4178750f206a91c5b1cf0c5ac6a4021d23912736",122,38,34,-36.073,5.646470588235296,12.2,107,2.46,43.44,53.81,9,2.5,2.5
"2536ee746de2df68642ecf71037409e47fa1941c",96,46,38,-1.095,7.7523684210526325,6,101,2.08,53.13,58.23,9.5,4.5,5.5
"08b8ccf18df77b125fb5306e9ffb55ad284e1872",51,25,25,14.781,6.223913043478262,5.67,81,5.88,58.82,73.23,9,8,8.5
"49a4785cf7286dbb18206e3847f164b1af1907ed",111,62,62,2.157,4.306290322580644,9.25,90,0,47.75,56.81,9,3,4.5
"820104bdd2c9a722be349ae3a23eb42926eac969",95,27,23,-16.455,2.963478260869566,11.88,58,7.37,60,56.29,2,3,4.5
"68f0e46e53ed6791407294aa4e797d7d17a2b677",90,40,39,2.528,5.818205128205129,4.29,112,12.22,61.11,57.34,8.5,5,6
"2f968a678a61cc1179708dc2820405e288ca9c67",4,3,1,-68.81,1.4099999999999966,2,56,0,100,31.49,6,2,8
"180a4c5f90b6d7bd4993c51385fb00b4d32d2834",12,1,0,0,0,12,0,100,0,73.47,10,4.5,3.5
"69826691e86b5085226acbcace467f656b83880e",233,104,99,11.61,5.596565656565656,7.06,109,11.59,48.93,49.71,9.5,10,8.5
"30af7a50bb0bc62e730b65f59788dadf102d49b1",141,74,71,26.458,15.283043478260863,15.67,65,10.64,74.47,48.44,10,9,9
"45e8b53fe4fc590dd9c7564fe2c6fa3ede58fbea",738,113,110,11.798,5.28118181818182,32.09,116,12.33,50.68,37.14,9,9.5,6
"530d2bc8c65a9815a0b2c7dcfc98866f760b433c",316,103,102,0.316,6.237156862745101,11.29,106,23.42,29.75,64.78,7,8.5,6
"0eb93817d6eb3d5bd3e44dbc75971eea193b924f",5,4,2,21.241,25.839999999999996,5,0,0,100,13.19,null,null,null
"13293554378a8a5f29de5440ab1c49003af0214a",301,71,65,-3.61,7.89484375,14.33,126,13.95,58.14,46.29,9,9,7.5
"0b066d297dd2f4288d95b0f4a92a8af79b542bf3",144,82,67,-10.122,4.344477611940297,7.58,109,0,38.19,46.55,9.5,7,4
"759ad13a7de3fc28a9ab95c56d2845442528e907",337,78,76,21.424,5.2598484848484865,16.05,218,16.02,44.51,44.2,7,5.5,5
"8319f9e5000e715c176f1de5d0e33da0b25481f3",250,86,78,-5.966,3.991666666666667,8.62,120,3.6,66,43.28,5.5,6.5,5
"51501acd2a7cda8d6f25524e34d6e3dd3c6088ee",397,131,118,16.155,7.299908256880736,7.94,114,13.1,36.52,48.81,9.5,9.5,7.5
"749e9b42869140690bb32bb198ccab1f899cc36c",181,66,65,10.985,5.7586153846153865,25.86,92,23.76,68.51,42.49,9,9,9
"132d544dce1633485350dd582ed7f13fad5da3f4",19,12,11,-1.809,7.472727272727274,6.33,5,0,47.37,68.72,8,4.5,3
"0d667a9fcdc7162fa7182f0e14302a56dbe700c5",80,17,15,-46.755,2.680666666666667,16,85,0,97.5,36.26,5,4.5,5
"370a904c5a7deb4ae08f111c87564b0180d572b4",30,13,9,-49.424,4.802222222222222,4.29,113,0,93.33,30.8,0,2.5,0
"456ba3f2e4bccbd1146955cb3f0438260a04f7ff",93,59,57,1.278,4.507368421052631,13.29,38,0,67.74,48.83,6,3,1
"299ff5851760da9a9d8b8f218dc82b573a397d51",365,109,100,8.726,7.419900000000002,9.86,138,9.86,55.34,42.38,9.5,10,8
"374725662b17c0d200a5d372579406bb4d830bb5",279,84,80,9.814,4.882999999999999,10.73,118,6.81,50.9,46.72,5.5,6,5.5
"2e1dbf534b47dc518c2d4d577d312f6969d9e6b9",19,10,8,-1.968,3.313749999999999,9.5,15,0,94.74,52.09,6,1,0
"4ef92a2d691e24dbfc22f9e0e4a6bee899ccf849",141,92,92,-1.184,5.519130434782609,20.14,125,1.42,44.68,63.68,8,8,2.5
"694d92685feec07c62b8aa4ccb73b39390f88515",125,46,38,-9.317,7.533421052631583,6.58,69,2.4,73.6,39.89,8,8.5,9
"6dda317baa40f25506c299715efce489b916e52d",333,113,108,8.094,8.089814814814815,9.51,113,25.53,42.04,59.96,7,9,7.5
"766fb145487f13f1cbb3fae79c2345c8786c1542",531,104,99,10.7,6.230202020202023,11.54,109,33.15,35.78,59.95,9,8.5,4.5
"1e055a4ba4266c760d42cc958ce119d344f402f6",218,60,57,11.34,14.9025,15.57,114,11.47,74.31,33.02,9,8.5,10
"34f6fd0da81e68652a26b633fcb7d4d4169e2e75",368,74,73,18.929,11.922352941176472,9.2,116,7.07,58.42,44.39,9,9.5,7.5
"27ac09df014fc0454129c9953b06f2dd9b997fa9",243,67,66,3.655,7.939242424242426,9,111,4.94,72.02,34.04,10,9,8
"1db86260a9c5f649ae36ccd97c36920df2d51d20",9,2,0,-9.6,0,9,0,0,100,48.74,10,9.5,8
"6a24473bc7b7d3e0a711d9195d9f792a24352436",228,69,66,2.265,8.286212121212118,13.41,104,0,89.47,24.89,10,9,8
"6dc988c0cbd4f0ba3d2217d8b84911b6a8d81c47",12,2,2,-18.75,14.725000000000001,12,0,41.67,0,102.92,10,9,6
"5217ebf6230ffeecc7da9c9043cd1e484c78509b",283,119,115,16.706,5.850260869565217,25.73,115,0,85.51,23.07,8.5,10,8
"8142efda300bc5bd5a3368d957f2904fb41a6062",31,19,14,-3.598,2.587142857142858,7.75,67,0,70.97,51.03,10,8.5,7.5
"76cd92b2caf3ba3f11f97bcf4e037fae81122578",225,59,59,12.791,5.472033898305085,20.45,90,19.11,79.56,41.25,9.5,10,7.5
"5a855637085d9d212518c84446e98888f0667f2e",396,118,117,17.632,5.935555555555554,17.22,116,15.66,47.22,50.31,9,9.5,7
"127974170c7fb2e3945a3c5b666bb7f6dadc87ad",285,113,113,0.727,5.483893805309736,23.75,109,0.35,96.49,19.33,9.5,10,6.5
"41438ca9420c379467e8ca3456fc003d76bc99e2",294,95,88,5.052,4.8264772727272724,7.95,103,39.12,32.99,77.98,10,8.5,6
"70442b24f09aaf25882d54ff0ec72738c00a41df",2,2,1,10.4,28.28,2,0,0,100,15.98,10,10,8.5
"286ccf0d6187c170c299fa64d15a3705e7900a33",187,77,72,-16.737,4.101111111111111,12.47,117,0,69.52,34.55,9,7.5,3
"502b640d7a4830b10924009c39b4dd34a4c600cb",363,104,101,13.125,5.944158415841583,11.71,111,19.28,46.83,43.1,9.5,8.5,5
"75c2aec59b46e4c6745540c0af596b8cc6db5cb5",191,58,52,-14.816,5.08903846153846,11.24,113,17.8,57.59,50.09,6.5,6,7
"0fbef055915162cb6d6501558499544d6dedb799",52,34,34,14.361,6.223913043478262,5.78,197,7.69,61.54,60.81,9,7.5,7.5
"2427d12cf7a43c66b921bdd9de261fb9b452b2b9",36,10,6,-49.438,6.945,6,28,55.56,41.67,92.99,7,2.5,2.5
"52d6dd781d58e55171ace76bdfffe7181f5a916e",194,65,58,14.181,5.275862068965517,13.86,114,3.61,46.91,42.71,8,5,6
"1388c66d46212d87c084af2a8fdd0257444ce868",151,98,98,14.195,5.417244897959184,7.19,109,21.19,62.25,50.62,10,5.5,3
"442024511cb1c5761a86578910e28f236daceb2e",261,107,101,-1.674,4.762871287128714,11.86,111,5.75,62.84,41.45,9.5,8,4.5
"045792bbf5167d31c0064c8520d189a09f276502",214,71,70,8.26,5.085000000000001,12.59,114,18.69,44.39,63.54,9,8,4.5
"5e092e334855a0d8739d53c39798bb26f3376959",247,74,72,8.26,5.085000000000002,10.74,108,18.22,59.92,48.77,10,9,7
"4d5d641551d82c1f733620b5d8ea4359ba376593",44,22,21,15.668,6.702000000000001,6.29,81,9.09,34.09,77.66,9,7.5,7
"73c938c3db512a2d6b136fa924a8ed2e608b7790",228,101,92,-7.554,5.36445652173913,8.77,109,3.95,42.54,40.03,9,5.5,4.5
"26374d5fbb53e326323e8de92a0745452c1142cf",143,71,66,-2.308,5.075909090909091,10.21,114,34.27,41.96,53.55,6.5,7,3
"4058bd26eee2f8affafaefd2b59b97c358e826cc",302,100,99,-1.906,5.232020202020204,11.19,108,25.83,29.14,46.73,7,5,5
"32991cd9c0115e4bd4387c8fa3ed559f4eba345e",152,57,55,-14.83,3.5379999999999994,10.13,114,21.71,44.74,64.27,6,5.5,5
"47b12b77df06d36f3a51ad5cc5f0dff47ddc9103",226,98,98,14.195,5.417244897959184,4.71,113,0.88,53.1,40.3,10,5,6
"62b816d8d256303699a90dcb83b99804366a17bf",124,51,48,12.328,5.633750000000002,6.89,111,25.81,51.61,68.03,9.5,7,7.5
"4ff3fa101f0b4c9777b996d2e1b338a529eedb6b",23,13,8,-51.581,2.807500000000001,4.6,83,0,43.48,51.11,8,6,4
"4b8a55e82d9825fa7440b91e638577957567752d",193,73,71,6.247,4.8804225352112685,10.72,114,22.8,44.04,67.85,7.5,10,3.5
"2ffa1b41cbeda2e9683f9d608b9dccdc31323452",61,31,29,-12.472,5.679310344827587,6.78,112,27.87,45.9,81.96,8.5,4,2.5
"0af47eed4e0bd9c21637fc39db8fc17fedb6b1c0",200,101,92,8.481,5.024782608695652,11.76,105,6.5,20,52.74,7.5,4.5,1
"4ecc68ce80251f0f7ed752443a85e54028a20d08",225,102,102,1.427,6.3095098039215705,9.78,105,10.22,38.22,42.52,7,5,0.5
"21ab308abfa9829fcac76f8286d624afae8848aa",129,41,39,-9.142,5.41153846153846,11.73,108,9.3,62.02,52.96,6.5,7,4.5
"4dbe8c25b64077b21bf5cd971f115f2e32109c44",122,68,53,-19.998,5.013018867924529,12.2,95,2.46,41.8,56.76,8,2.5,3.5
"3be1500e597852e42bb7fe17591b933e0bb44f93",110,54,50,5.88,4.288200000000002,11,113,5.45,82.73,45.54,7.5,8.5,4
"056711f171807d5b28f83e7afeb3d7e18ec3a5d9",158,30,26,-41.048,4.241923076923078,14.36,80,5.7,65.19,44.23,10,4.5,5
"062e8c58d3f85428aeed19095d12dcab6806f2ac",189,57,52,-19.412,5.873076923076924,12.6,106,40.74,37.57,78.48,7,7.5,7.5
"63b684c9976d06a32dbcdc4685592cd713f9121e",1,1,0,-58.75,0,1,0,100,0,0.04,10,9,7.5
"4bee553c59acf1a22de81ef5c794c44f6371da0a",117,46,46,12.881,7.766956521739131,8.36,113,15.38,64.96,53.07,9.5,6.5,5.5
"1271071dc622e3a72b0ef187b6e955b9d59db5f8",83,19,11,-61.729,6.2681818181818185,16.6,89,42.17,10.84,102.28,7.5,0.5,3
"016f87a7bd87f233a8633fba8a1ca7ef5c3c63c1",364,78,68,-9.459,4.956323529411765,12.55,106,16.48,47.25,46.06,8,8,6.5
"72d8b05bb5beafe074185bec53d1c5338009a0cf",129,62,61,4.767,4.303934426229508,11.73,107,48.84,40.31,83.19,6,3.5,3.5
"7277ea28c0232720e23ee3ba0dcbb84a273aa53c",307,67,67,-5.351,7.927014925373134,10.23,107,4.23,58.96,37.19,10,9,7
"4e895c502e5446c21dfe7fd758e1336d2e66ace1",406,99,85,-3.834,4.896117647058823,11.94,121,35.47,38.18,69.24,8.5,7,6.5
"14a29b0a13697ed0e000bdb9f374180ccb495a2c",222,95,89,9.59,5.355955056179774,5.84,127,27.48,54.05,59.95,6.5,8,5
"0f8c46242826be3cbe5e14f5773ee1da97697024",229,65,52,-10.06,5.256923076923078,15.27,81,10.92,59.83,41.92,9.5,10,6
"40a41a33c4e0168e2716a09cecc11cc3abb5dbe0",13,2,1,-24.175,7.159999999999997,6.5,125,0,61.54,66.1,10,5,6.5
"5c8d3dd9026554402b67ab061544d47532898f6f",404,105,97,9.488,5.690515463917526,10.36,114,18.56,47.28,47.77,9.5,9.5,8
"1bb7bc7fa80594c77e224e8f9632c765f26838e5",44,28,27,6.832,9.914814814814815,4.4,29,22.73,56.82,77.63,8,8,9
"655f5a83c42ccc83c7c0ac2caa5cd8237e685751",206,89,78,3.304,6.348311688311689,8.58,111,3.4,61.65,41.03,9,8.5,8.5
"816dc441871b06aa3616402b7d2635c5b77f3d8f",433,113,112,8.882,5.441607142857143,13.12,116,7.39,58.43,31.68,9.5,9.5,6.5
"76a99a326da360af0510be654283819bb4717d9a",345,77,74,15.389,12.15342857142857,9.08,121,6.38,54.78,36.78,10,10,8
"2855b4b4d03c37c94117e615a25e0e321ec8d77a",11,5,4,61.241,46.787499999999994,11,0,0,100,19.34,null,null,null
"4b09f1427ce0578515148e3300abcaf95ff3511a",78,38,27,-46.254,4.761851851851854,9.75,113,15.38,61.54,63.74,6,3,1
"00b6dd4fc7eb817e03708c532016ef30ce564a61",147,46,46,12.881,7.76695652173913,10.5,111,2.04,81.63,33.17,7.5,5,5.5
"1fde2156c0969b0aebe55ebab7ad14f529a492cf",462,106,106,-4.076,5.311320754716981,18.48,117,9.74,57.79,31.38,9.5,9.5,4.5
"62fc0f9bb12436fd47d1b4750e4f17601ca459d5",72,25,13,-52.576,3.059999999999998,6.55,104,0,77.78,49.83,7,4,2.5
"28b6c6604b111cc912e369256cac2bf944041a2c",291,103,97,6.259,6.577789473684212,6.93,103,11,49.14,49.67,10,9.5,6.5
"82ab2a968469bfa6a3dd02ca619f80a440ff3b98",13,7,6,13.333,15.678333333333333,13,0,0,53.85,57.76,10,6.5,4.5
"5087b52a3ea36e6b24f13b867546d94cac05b299",256,58,53,2.78,4.97622641509434,23.27,113,0.39,75.39,26.74,6.5,7.5,1
"469c5d7634f0e3277f7bc8edfb3d9eb291fc6199",296,112,110,14.337,5.838640776699029,6.73,107,14.53,48.99,48.94,10,9.5,4.5
"64d07438f7fbb0b4c2fece774289f09dbdf9de5f",35,11,11,14.613,8.051000000000002,8.75,75,14.29,62.86,63.79,9,7.5,6.5
"1438feeb138cf0a2ac3e5583f5caec35e3104234",178,47,43,-0.45,4.691627906976745,13.69,109,0,57.87,36.57,10,6.5,5
"253471036c41eba7c24bbb6e77d4541c95bbb5b7",46,25,20,-19.869,5.063500000000001,6.57,84,15.22,26.09,97.63,8.5,4.5,2
"191ba6c8fd27e676f8c2f5341bfaf487765fa0dd",55,24,21,-9.371,5.280952380952381,11,127,63.64,21.82,71.63,9,4,6.5
"60559a031815bb92037cb31299fdb443227a4e06",269,65,60,-1.423,10.705964912280702,16.81,80,8.92,63.94,37.42,10,10,8
"791e60a07f6b6776d54f791791828b1895c9b670",48,26,21,-36.228,3.6419047619047635,8,96,22.92,58.33,74.29,4,3,1
"80c6f8b8c212e86aac90ea06ba6dff1bad8b5541",183,102,98,-2.554,5.198469387755103,5.08,108,12.57,39.89,56.62,7,5.5,6
"46c49850a9aa3be9f66161090ac1f0a8796b19ff",119,54,49,-16.784,3.528571428571427,7.93,55,36.13,42.86,80.1,7,6,5.5
"110da1d7ba2be3ffa13d62c7ed8b917e5dcebece",62,36,35,25.958,8.807714285714287,10.33,6,0,48.39,50.67,10,8,8.5
"1f641156e4298943167e0e1ad7a63696ff3bc17d",188,53,47,-10.46,9.547872340425535,11.75,58,1.6,76.6,30.69,8,8,10
"2383a9a33025aa8759fee9a890f6420df0fc8b47",25,6,3,21.241,42.18,8.33,115,0,68,36.82,null,null,null
"6451995ad71437eece77b5677b3d5eead3b2d45c",201,98,97,11.111,5.683298969072166,12.56,106,22.39,41.29,63.15,5.5,8,4
"643e211337d8d4a3d2c12ab4ba804814dd977354",280,67,64,1.339,8.217499999999998,14.74,97,31.79,39.64,63.51,8,10,7.5
"4e662a9d37f64c95e5cd3e85d2d5f0d5be60d20b",329,106,103,13.125,5.6029411764705905,7.31,151,0.3,63.22,31.68,9,8,5.5
"2396ff874216d36060ef615c0531d71684b30b4f",216,63,62,4.752,6.464999999999999,11.37,133,19.44,58.33,50.68,10,7,5
"56925a416739348e2099293f2c91fd7c6c186d99",89,58,49,3.957,4.890204081632654,9.89,85,10.11,60.67,52.34,10,10,8
"5776c4c0f98d7aadc199a8f60beab826403cf54b",89,31,22,-40.803,4.623636363636365,8.9,105,4.49,60.67,60.46,7,5,4
"251d2672c6ecd01a83e6fa19483d8e57ef5f45a5",281,67,66,4.033,8.286212121212122,9.69,102,7.83,61.57,33.25,8,8.5,8
"22e1f50c4e471c3ba307802b396b7d0a16706005",224,91,87,-10.71,4.724597701149426,7.23,104,8.04,39.73,45.12,7,4.5,6
"0f0664021ebbec70b1d3bb5a5419e22507179671",314,110,98,-2.739,5.770824742268042,14.27,157,6.05,55.73,32.76,6,7.5,5
"1de22c51fffa76f33c3a7698a3f7a9e6ab6be9ac",46,24,22,11.364,7.010952380952385,4.18,188,8.7,63.04,66.99,9,9,7.5
"247df99ea72a42d6c12d6bd7b58ca0b2e163182e",250,94,94,10.195,5.330851063829788,10.42,103,6.8,44.8,48.74,8.5,8,4
"28bcffd0bfcfb54b43119a7b5397a3bb53278e9a",242,47,39,-19.633,4.367435897435898,24.2,97,10.33,54.96,36.64,8,5,3.5
"2a9497dcb278dde20143d0cb9a57e5cdf3763a8e",496,116,112,-11.498,5.465000000000001,21.57,112,8.27,65.73,33.23,9,10,8
"0d815307d5307124d148bbebfb41497230c4bd15",10,3,2,21.241,31.154999999999998,10,0,0,100,18.81,null,null,null
"10253729dc5e3b0b2d3dddc37638199910394daf",364,105,94,6.534,5.19148936170213,6.87,113,12.36,48.63,37.88,10,9,5.5
"59f38d3a08147f85dd15c761489d7e3753cb585d",131,65,60,17.306,4.8258333333333345,7.71,113,4.58,72.52,41.02,8,9.5,8
"646c8737a68c560054cc624da19920821d13990f",191,100,97,-3.142,6.355876288659797,11.24,107,27.23,18.85,69.8,6,6,2
"4bed6361746e48435a9be358a5bbeba59696ab7d",148,61,61,8.964,6.403442622950818,7.05,101,18.24,52.7,56.44,10,7.5,8
"2852641e2b7b084ef62df976d53340ead50e5e76",108,77,70,-9.431,4.574857142857143,6.75,98,13.89,32.41,65.73,9,6.5,3.5
"6d7ea5662a0aadc0fee9f82c02aa5e54da77f277",156,38,34,5.149,6.998823529411765,13,98,23.72,46.79,64.24,9,7,6.5
"74ca49651c685988e265884821dcfe0961a1ebdf",3,1,0,-9.6,0,3,0,0,100,23.25,7,8,7
"23e8b9776a349c810234bb174f7326d14c89bce5",20,10,9,-19.293,3.226666666666669,10,1,0,95,39.61,10,9,4
"55095065546685ff2d583779d38978a2c0132ccc",137,59,59,12.791,5.472033898305083,12.45,95,1.46,90.51,33.27,10,7.5,7
"44557bbbb5013bd2d980dff1f4b5f6b47cb1363d",53,26,26,8.849,3.2326666666666672,5.3,201,0,88.68,44.24,9,6,6
"1e4b0ce4b171b3e33195524f6a6425a1b8f98597",169,63,57,-24.802,5.001785714285714,14.08,150,32.54,34.91,74.61,8,8,7.5
"7d111d42f139f151fc24ddcd89c3064467ebceb8",220,81,73,0.808,4.769315068493152,8.15,120,10,45.91,53.33,7.5,7,5
"802b44166f1c38ec00397c57abdf65b7596b9f0e",175,65,56,-16.697,3.554464285714286,13.46,56,0,75.43,32.84,7,6,6.5
"448e09eb2299c7bc3435e9a680e5e7e81b6d732f",37,18,14,-7.133,5.232857142857144,4.11,39,0,89.19,49.66,8,6,4.5
"47aceb292c673f98f059ec36af314cb1c8894405",138,43,42,-0.582,5.630476190476192,13.8,108,2.9,88.41,33.77,10,8,6.5
"844f5db2e7e31ae51eba025480679ed7e4708ac6",357,104,102,16.57,6.689799999999999,12.31,114,19.61,56.58,46.63,8,8.5,6
"358cf36e763ba00426124c74961d59614fd9476a",231,63,63,6.819,5.5619047619047635,12.16,114,10.39,59.74,40.23,9,9,8
"1e6562ac23e7980dcf32fa8963837c68dafc906f",120,53,46,-25.555,3.525434782608695,10.91,114,10.83,59.17,55.09,6.5,6.5,6
"3f92f0a8c1729579c08e921fc041646ee2b50075",183,80,73,-2.246,4.672465753424658,12.2,111,1.09,74.86,29.6,6,7,5
"2fdf9d089409fcb9c3728b0a61bb0a00fcc85db8",573,74,64,-14.352,8.674590163934427,19.76,187,13.96,45.2,36.47,9,10,8
"3e72f16a86233e81ccc2c9831c0297da6cca36e6",302,103,101,9.398,5.655346534653464,7.74,107,4.64,63.91,35.88,7.5,9.5,6.5
"673ca800a97efc5b14397e331006ebe67258bf1d",3,1,0,0,0,3,0,0,100,6.32,10,9,7
"73af3f8e00b50a4444bbbb431c83075dfde4cbd6",9,7,6,0,13.893333333333336,4.5,1,0,44.44,66.93,10,8,8.5
"05b134c1a682085880fb7ce76d221a48955e5b8a",235,55,46,-14.271,5.580888888888889,14.69,128,4.26,68.94,37.18,9,10,8.5
"47d128f1f6010bd042dda2bcc68d710956fdb74f",400,116,116,-1.23,5.996,17.39,125,2.5,67.25,32.57,9,10,8
"37ff40068998a37a4e2c73bbb325103500cdb0e0",95,51,43,-9.218,4.210930232558139,13.57,97,3.16,81.05,49.15,9,8.5,6.5
"2cddc42a00117daf32501cba07d6dc181de7ed24",8,2,1,1.241,5.599999999999994,8,0,0,100,15.64,10,10,8
"057b868ab03f5596f4a8c2e579c401f2fe9a2dfe",41,22,18,-15.755,5.367777777777778,4.56,77,17.07,53.66,73.9,8,5.5,5
"3a25a7b40408f3636b36d763cadc72c5ae6b628e",222,87,79,1.517,4.732278481012658,5.84,104,23.87,32.43,57.87,8,8,6
"41c2ea992ebadf309d399ecabb99fba4487e2920",198,71,70,8.26,5.085000000000001,11,92,0,79.29,31.73,9,8.5,6
"495a7aa30e85503d9a2027af83cd32af0eb7b030",2,2,2,-18.75,13.344999999999999,2,0,0,100,8.59,10,4.5,6.5
"4c67cde88abaa3210919405fdb1b202dec23b08c",143,61,61,8.964,6.40344262295082,8.94,104,6.99,45.45,52.54,10,8.5,5.5
"4c390fed4ec7007f13b91f39d3d4d9ed101299c6",196,29,25,-29.389,4.7084,28,94,1.53,65.31,35.28,2,2.5,3.5
"197914fcc84fa89dd136503225f5ecdbecb2600a",170,110,109,7.319,5.535779816513762,13.08,112,18.24,55.88,46.92,8.5,8,6
"70b721dc3c7f45470e2eee858547f0546801327b",244,98,94,7.67,5.400106382978724,8.41,104,16.8,39.75,53.57,8.5,9,6.5
"4f7428b95565a938b2562be952beae6d6983f32e",223,69,61,10.935,11.803,11.15,62,2.69,73.54,33.17,10,10,10
"73a272eb71cab822302a981b1748230c3ec8b8ef",244,104,102,0.17,6.363137254901962,9.38,103,8.2,39.75,51.26,7,4.5,1.5
"83c0d2f69c3628797f0d6f343c4cd6276dc9d15e",192,89,84,-1.309,4.532857142857144,6.62,114,11.98,64.06,46,5.5,8,8
"0a99205e11c0c6d86b348a926f693d6529e0210f",76,19,16,-0.999,5.289333333333335,9.5,80,19.74,44.74,74.58,9,8,8
"573b114e6e803fdee6f8c4dec2edd8fd37bbecc0",115,45,44,-13.232,6.332727272727274,10.45,79,0,92.17,33.5,10,8.5,3.5
"20efb5f5c748870210f094db59aa50c4360d32cc",358,102,98,11.003,6.131428571428573,17.9,104,26.82,42.46,61.76,10,8,4.5
"46bd0614cd76a4fa3af7d06e5feae3db673a43a1",125,43,42,-1.49,7.546666666666668,11.36,128,0,75.2,33.37,8.5,8,8
"5eebebef2194643799de3dbdbb098cffa856d37d",355,59,52,3.458,4.799615384615385,22.19,97,11.27,63.1,34.54,10,6.5,7.5
"58616da3cef2b76fe70a90919a689b8f38ce0030",119,29,27,-22.196,5.80888888888889,8.5,108,1.68,60.5,49.67,8.5,4.5,2
"117d3bf4a5deb7a9f3422f088e10bb3f8eeb7e12",243,89,83,1.442,5.161807228915663,6.39,129,8.64,68.72,40.91,8.5,9,7
"309abbd71d6dc57c03605bdc4ffe90dce74c4f10",104,32,30,-18.428,5.560666666666667,9.45,112,1.92,84.62,43.98,7.5,4.5,3.5
"0c9cad573ea42e5a8d9058b834cbc9255128d54b",48,26,26,7.46,5.070000000000001,6.86,204,0,93.75,44.88,10,9.5,6
"4644e181d653c04f17f76eed400fdf52a43b2237",1,1,0,-18.759,0,1,0,0,100,3.11,10,8,7.5
"4e1cce9ed2c3033338382d755820b85faec9a7b3",322,91,89,-9.886,4.725168539325844,23,112,15.22,73.6,34.52,9,9.5,8.5
"7adf3466bea259fdaa24fa131ca2c4d63e9a59e6",206,44,43,6.453,6.920697674418605,9.36,113,12.62,51.94,50.42,6.5,7,4.5
"77454c216b4f9b1e291fea17f31a824ef4d0a4a6",249,81,68,-9.353,4.488235294117647,7.78,98,3.61,63.05,35.27,10,8.5,4.5
"26b95825d4fbeaeda7cfab5f5e7cd96ae31097f9",236,46,46,12.881,7.766956521739132,13.11,113,4.24,66.53,42.37,8.5,6.5,8.5
"063c339a318b967ec77cd523f9ae4c62a7afa083",280,66,59,-10.475,4.001864406779659,12.17,112,6.07,83.21,30.33,6.5,6,5
"77f0f8d9b0f3d59cd0bb01ae985a5ada6fc14dc1",286,97,92,7.245,6.75271739130435,9.53,113,26.22,51.4,53.88,10,9.5,2.5
"0603b8a222e368a7727190b2883c7ad7b96ce5ac",246,64,62,18.614,5.075483870967743,17.57,113,10.98,71.14,41.73,8.5,8.5,7
"629ae2687f58e75ac2bebadf8adb71b3fdbd7c11",407,110,110,8.06,5.539545454545451,31.31,112,21.38,64.86,42.59,7.5,8,3
"62c35ca39326ade9737d75b21c46054e64ab67f9",134,46,29,-37.297,7.665172413793104,11.17,97,21.64,26.12,68.83,7,6,6
"5612b36a1b2a4d596254bc506f503c7c94f82950",3,2,0,-18.759,0,3,0,0,100,9.25,10,5.5,8
"6988cfcd0c8de2ee3ceb97a74aec90558ff0e26a",229,104,99,2.426,5.420208333333334,7.16,105,20.96,54.15,54.25,9.5,8,5.5
"3e572871d05f7888784ac55985fd52cd1c7aaa68",136,60,59,5.109,7.981864406779662,11.33,104,24.26,9.56,75.52,8,8,6.5
"7df2a39d7e572a525fc26d9633039d83b900ed61",133,62,60,2.033,5.026666666666666,9.5,113,4.51,75.19,40.19,9,9,8
"0e346c62a6706465a1c49c59224eed1cdb5f7f5c",174,59,58,13.499,4.511724137931036,9.67,107,12.07,53.45,48.83,10,9,4.5
"697092af2e2891b76d0890069566c03468f975c0",166,59,58,11.458,5.301724137931036,16.6,97,9.04,72.89,37.55,10,8.5,8.5
"390881963c5fbcde08d9cbc2ec73846bd8eabaa2",239,95,84,3.452,4.515714285714284,8.85,104,22.59,44.35,58.73,6.5,8,6
"6cd8d19ff2089fdfa9cdcd521a40b1e247c17cd1",468,103,97,10.009,6.205567010309278,13.76,104,3.42,77.14,24.09,10,9.5,7
"3d9f8d11f15cce877a0766d08a6a920548041407",174,104,91,4.553,4.70835164835165,6,106,4.02,47.7,46.26,9,9,7.5
"1b30ad6d355a521cb70e2eff2efe28c3d2fcec9e",151,37,30,-23.118,3.936333333333332,10.79,70,23.84,50.33,65.22,5.5,6,2
"4455e671bb93d6652e42fc0925b3cc47cbf6326a",97,48,33,4.302,3.0169696969696984,10.78,51,8.25,57.73,57.52,10,9,5.5
"0bf71ee0dbde0fb1033887111d3094c61e66f44b",145,59,55,13.125,8.275454545454545,8.06,125,4.83,79.31,37.57,10,10,8.5
"073de6e606b6b7f3f44a8e8301ee87c3c978a2e2",367,99,84,4.317,5.805365853658537,13.11,113,29.97,44.14,65.26,7,8.5,4
"21a401ad12c3345ca4c3210d5d3c69db10526b98",362,106,101,8.983,5.682079207920791,10.06,111,12.71,58.56,46.83,9,9.5,8
"357ec20d8f9f416f9b02b0f54a81d3f409d074e9",328,99,89,-20.747,4.334269662921348,13.67,101,11.59,60.37,40.34,9,9.5,7
"3fcc971a36a031eba3d5b8ce7a9181a4732a6cf0",201,89,78,-5.695,4.085384615384614,13.4,105,37.81,35.82,70.82,8.5,9.5,4
"1032e725ab35f7bffc504759477f8243066a026b",163,50,50,11.516,5.303399999999999,11.64,114,3.07,74.85,35.78,9,7,4
"6dff6f1ca71378339e605de17936cff49dca5486",210,84,80,-3.184,4.529125,6.77,129,6.67,55.71,49.1,7.5,8.5,7
"041dc9a457bc7a9f1dcb5b215aaa78a6868483f5",35,21,21,15.668,6.702000000000001,5.83,75,0,77.14,62.34,9,8,8
"36f6af52bd08c15b005618724931a558fa7049f6",186,50,47,-6.989,5.239787234042554,16.91,100,11.83,73.66,37.12,8,6,4.5
"0a9b6ec3e82e8a2527b21eb3420a6d9b72f4f71e",233,62,53,6.299,10.0277358490566,14.56,70,21.46,39.91,61.69,8,7.5,9
"5b49ef6e8a438750ee1aa79f7ef846fcb7ca2005",188,57,41,-20.785,7.162439024390246,8.17,102,31.38,28.19,73.13,9,5,5
"09cbe188b9d1e965edf6c1c46a96b9306ec2f329",560,104,89,2.259,4.982696629213482,20,106,17.14,42.5,44.04,9.5,9,5
"1004df3c370eb09604c10fd89f9e86a2c037a7dd",87,29,28,0.238,4.447499999999999,17.4,15,0,57.47,52.17,9,2,0
"2b1f3237bb60db7f72540e004a1596c7ff3fd549",315,104,90,4.759,4.793555555555557,8.75,104,0,56.19,34.26,9,9,6
"363f5d64f8c70c78376d1b5f9485511daa5a9d8c",279,38,35,-2.893,7.036857142857143,14.68,127,27.24,39.78,69.87,5.5,7,5
"04fea422f4b51279771239f896f7acb7224a2def",244,110,109,7.26,5.529357798165139,17.43,112,6.15,72.95,33.66,9,10,6.5
"7171736c863d464860b4e3f674d78a101f12de4d",52,24,24,12.697,5.6626086956521755,5.2,97,5.77,61.54,60.63,9,7.5,5.5
"076cc92aff4d582b4b87ff0d111496e4a646b12b",178,70,70,8.26,5.085,11.87,100,4.49,74.72,40.94,9,8.5,8
"7a7bd043dfb44f7b90dcb37b669e89afcd79d234",43,27,18,-53.07,3.101111111111111,6.14,97,4.65,95.35,56.62,4,2,3
"1db8dc5d1005cd6d742fd9bfba759aeb2babab66",262,104,101,13.927,6.1980808080808085,12.48,114,19.08,50,56.79,6,8,6
"0341249377940c004d0823408ace7cddbddbc923",294,71,70,-0.586,7.164057971014495,9.48,149,1.36,57.82,31.64,10,9,7.5
"1ae3ba4f07f87302215a9b35d195bfbeef187ebc",311,112,109,2.544,5.243761467889909,20.73,115,0,76.21,28.82,9,9.5,7.5
"1f15254ccdc062083c8f4e02523e18c2384dc6e1",414,116,111,-0.592,5.250540540540543,13.35,123,1.69,65.7,33.87,9,9.5,5
"8481a7f00c3d30473b01a8a3cff2564948d24902",54,24,23,-30.855,4.091304347826086,13.5,29,55.56,11.11,103.27,8,1.5,2.5
"7a0e5d245539a1b2906358ad255a4375f914d37c",161,56,52,7.519,5.261666666666667,13.42,98,0,86.34,34.32,9,8,5.5
"7855b4de6d964e1f7477a3a40d384de9f4602f49",414,91,85,-0.389,7.258235294117648,9.63,119,9.9,42.27,47.52,8,7.5,7
"0aff6f7083979073168bbdd6c227015eb09eced9",126,43,40,-8.406,4.2425000000000015,6.63,112,16.67,42.86,61.38,6,3.5,2.5
"5af239a466d0a8e17a8daf66709fded23576c37d",240,96,92,10.893,5.244565217391305,8.89,134,25.42,44.58,65.5,4.5,7.5,4.5
"201b7f1b1071911915956b1d54f5b7e69a7d7cb3",163,41,36,-24.845,3.8188888888888886,18.11,91,0,81.6,32.01,8,4.5,5
"26bf2e6d5a634712af2f46b7057a83a4052ce9b9",208,43,42,7.114,7.6692857142857145,13,105,6.73,79.81,36.01,8.5,7,5
"6b1996be827950638657d6f5a23f4ab8a5a13be5",291,90,85,5.517,5.104705882352939,6.33,120,9.28,37.11,42.12,10,8,6
"463ef2266d31ca7f0bca92bfcc9ae7301addb58b",109,46,36,-31.813,4.476666666666667,6.06,107,16.51,32.11,66.84,7,6.5,4.5
"83d335d59714648643c6ca68c522a9a37bc9d8ae",83,32,32,-10.108,8.060312500000002,7.55,106,0,66.27,50.17,4,4.5,2
"37593f2cd1d978efb79e32ed6981b74ad8523ebd",434,105,96,2.259,5.317634408602153,13.15,96,8.76,59.68,35.93,10,9,4.5
"404b067bd1dc212fb28d256714a9dc430d5e65af",199,64,59,4.715,12.963050847457628,9.48,76,17.09,60.3,52.98,9.5,9,8.5
"36a292355e4b31b866da368ac2bc7902a72d4db2",153,53,51,6.832,4.4421568627451,11.77,95,26.8,70.59,51.8,10,8.5,6.5
"0aad9682c3c4280eb05dbd27e6cab55f4b1ae4b4",18,9,8,-52.183,13.762499999999996,9,51,0,100,25.31,10,9,9.5
"0aee33404db5dc946de8c70be37c6e82582885c6",244,57,49,-7.614,4.927608695652173,27.11,80,31.56,40.57,65.2,10,10,6.5
"1a4b69992c879b4e5f64e848ffdddc2f2f401e44",282,87,66,-17.769,5.000606060606062,13.43,105,1.06,39.72,36.02,9,6.5,5.5
"0cab57d7705bafe60116d29a1019a774cd661f02",212,100,98,14.195,5.4172448979591845,5.73,107,26.42,45.28,64.8,10,9.5,5
"34a187324e5c8bb2723a6f51a038acfef94a7538",327,52,49,14.048,7.288163265306123,15.57,104,30.28,43.73,65.63,9.5,9,5
"2f4cbc9afdd23132d572c5f7a81b4e9b19b8081d",151,60,54,-29.343,4.903703703703704,6.57,98,46.36,29.8,86.16,9.5,7,5.5
"494ceabf1266854738ca9832b601000a8a3cde24",161,34,20,-51.58,2.6811111111111123,10.06,93,24.22,58.39,56.26,1,5,3
"2f465acb00ca28cf6a7ef4b71b4df1208eb8fc8c",222,67,59,-16.026,6.182909090909089,7.16,111,22.97,45.5,59.94,10,8.5,6
"746be138d650a2627e814da73cf09cfbf3127bd4",18,3,2,-69.597,2.2349999999999994,18,0,0,100,51.79,4,1,1
"81fcf2e137c8587b8663ffec7ba1d8184be705b7",63,47,42,-21.871,4.256904761904762,10.5,98,4.76,44.44,70.41,8.5,5.5,0
"7316452530dd2fb2eb68d1fffeebef98bb730ae0",145,53,51,13.601,7.105686274509804,11.15,126,2.07,91.03,27.25,9.5,9.5,8
"017ec1bbad0d598e5a86ac3bd595b870b6456e61",218,91,85,-0.598,5.60458823529412,12.82,105,22.94,55.5,63.41,8,8.5,4
"21661552706810e470f97f098927a2b89d9b9eaa",308,100,100,18.632,5.721300000000001,14,101,0,56.49,29.83,7,9,4
"68c8fbedb26cd1376389edb04626dbeb90a065a0",203,59,55,-11.961,6.563454545454547,7.52,104,20.69,41.87,61.5,9,9.5,6.5
"49da363dc17a0db86c70a20f515608629bced9ed",108,43,43,12.67,7.663488372093022,7.2,106,3.7,58.33,53.9,2.5,6.5,1.5
"63de421fb8d11a118ae783980d2e204b71e4f2d9",275,98,98,14.195,5.417244897959183,21.15,102,14.55,55.27,42.6,10,8,4.5
"06b43a9d40f16603a72a6333318a5086b7bb7e12",276,91,82,-3.882,5.454146341463416,9.86,104,3.26,57.97,37.72,8,9.5,5
"5d7aa061832e40bec792c52ef42de898a5045a1b",423,112,99,2.864,4.443333333333333,26.44,116,26.71,53.19,55.38,9,9.5,6.5
"1f7be2d565e2629c4ffe64c30c41252de69300c5",160,49,47,8.492,6.016170212765959,6.96,108,0,77.5,32.16,9.5,5.5,2.5
"2639449829463fd12c2b9ba6fb9ea1c56e94385f",309,105,103,14.034,6.660485436893205,8.83,105,26.86,29.13,67.55,9,9.5,5.5
"2e22e4cd67d6f2e9f70782c69e67f4d15bee7d1d",705,121,119,14.816,5.35377192982456,28.2,126,7.66,71.06,31.8,9,9.5,9
"195aa2f618f1001a6ca4da0300dd8bb798013a73",338,110,109,6.883,5.543486238532111,18.78,112,5.03,53.55,35.05,9,9,7.5
"5160b3f7714c45d60c100dd658c543831e390713",42,16,14,-31.405,3.703571428571427,8.4,98,14.29,83.33,44.27,5,6,6
"72ebebdb431cf5dbd216ed0c16660f40a963b082",255,89,85,2.509,6.795882352941179,8.79,106,16.47,70.98,42.49,10,9,3
"5055b8d5ef881bdbac3ff865d6f97249b0aa4bbc",133,54,50,-16.827,14.395599999999995,5.78,126,0,77.44,43.59,9,10,8.5
"49d11fa2e8d68ac09ecdacb94a96c95c95205ff9",231,103,102,1.427,5.437058823529413,8.25,106,23.81,39.39,63.23,8,5.5,3
"0fc728b5b267485042d587eeac067b6c4e2a1d15",243,70,70,13.371,4.291857142857142,27,48,0,42.39,33.88,7,1.5,0
"01122b3ef7e59b84189e65985305f575d6bdf83c",195,66,58,4.55,6.1139215686274495,7.8,127,16.92,44.1,51.47,9,7,4.5
"2813d0ddc37e34a25e798ebf8c8ecb2fc659e8b7",157,88,86,-9.718,4.787790697674419,11.21,99,10.83,61.78,43.14,8.5,4,0.5
"05f7b04136abf33daf80973c0942a91751222e1e",171,109,101,-0.213,5.589207920792082,10.69,102,21.64,23.39,63.8,7,4.5,3.5
"3d085aa7161eb03884e0a1e98d90f8d46e030d1a",237,61,49,-10.556,4.401632653061223,19.75,114,18.99,48.1,53.93,9,4,2.5
"2d450fbabcb95dad1b49ce3a6c70ee6fd9ed6c68",264,60,56,-1.013,6.350357142857141,12.57,127,0,69.7,30.87,8,8,7
"5832a6cbeea8c9e6efb82a284e135cc58f201920",307,91,75,-7.324,4.986933333333335,8.77,107,1.63,73.29,31.75,9.5,9,5.5
"6881032aa20fa792984ffb15d6b043b4228c1070",586,108,106,4.761,6.613962264150945,16.28,112,14.16,50.51,38.84,8,8,9.5
"3949c822529f6d98d518b762c7b49b030685ddda",285,76,69,-10.949,4.299420289855074,11.88,107,26.32,25.61,62.58,6,8.5,6
"371922831538deb39791562bd384acdf91531999",63,29,22,-4.707,4.828636363636362,9,129,0,90.48,38.08,7.5,7.5,5
"45147b7f31a588b0c4245845675f7856f4dfae30",101,34,27,-21.524,3.877777777777778,8.42,100,0,69.31,49.15,9,5.5,4.5
"78269c872dcec789b204623749f7d1bae813fe49",4,3,1,1.241,5.599999999999994,4,0,0,100,9.92,10,8.5,8.5
"0538762f44e8dfb07dc26c8c771f06080b9b2dee",120,41,41,6.188,7.143658536585368,8.57,106,6.67,61.67,51.77,8,5,3.5
"2fa2244e6e21b8799c5210d92f8966838a43783e",325,114,114,15.667,5.5076991150442485,20.31,125,20.92,47.08,57.76,9,9.5,4
"4df0acd4131767bb6aec6c0eba0deedb4c246125",451,114,113,8.882,5.442654867256637,17.35,129,6.43,66.3,33.68,9.5,10,7.5
"7b27fcdea3732f654b3a3cb4ee1517e8203645a2",154,53,47,-9.95,6.162127659574468,11.85,127,3.25,68.83,42.13,9,10,6
"845acd04a77b3d1b623f255d9f9f8eae90892dab",155,52,47,-0.064,4.106808510638298,15.5,62,12.26,51.61,50.04,6.5,5.5,6
"3399fb9cc4f115ff1d6a41cf169d8ebd200c3418",259,101,93,7.593,5.603440860215055,12.95,95,16.22,59.85,44.37,10,9,2
"12607a7c2283944afc08e1ce4df79ba688a31f74",552,107,98,-13.902,4.866734693877552,15.77,107,13.04,57.97,34.41,7,9,7
"3b24016cbab8b8632a54240fed0a17406b35bc65",438,69,68,1.421,7.911911764705885,14.6,111,8.9,49.77,32.22,9.5,9,7.5
"5b8aca58cb2c7cbcbb8918f50669eb821d5a7fad",125,45,39,2.814,4.4874358974358985,8.33,63,0.8,67.2,43.42,9,5,6
"66735c0721a73fb4dd487e32adafb82c6016e6ea",117,50,46,5.662,4.910434782608696,6.88,111,16.24,74.36,53.33,9,5.5,7.5
"11f5d8226ebf0108a5a4ecad896a990ecb369247",65,23,15,-45.17,3.1353333333333313,7.22,51,6.15,32.31,76.08,5,1,3
"67118839ce79eab31a505fa22d378ff420ce006d",65,29,25,-15.262,5.796400000000001,9.29,108,0,81.54,47.94,9.5,7,7.5
"2f2abfea66cd61a09939960e751666a2c0913430",149,49,44,-11.775,5.55659090909091,7.84,80,7.38,71.14,42.07,10,10,4.5
"7808a1989290cbf25b57bd60e74c56662eeba656",137,30,24,-28.963,3.5666666666666678,12.45,88,5.11,68.61,48.48,7.5,7.5,2
"49428bbbf72ee0208d581e31efb1db2dca5605f4",93,39,36,-5.386,5.647500000000003,6.64,106,4.3,73.12,49.47,6,5.5,6
"3d0c27e5e776d4ebe788c50a8da1a1c9215ae25a",137,71,67,2.296,5.355238095238095,10.54,123,5.84,67.88,48.02,9,9,6.5
"5822ad8b0277c775adf78b39385d63e7878b1069",241,58,45,-3.803,3.8322222222222226,16.07,109,10.79,49.79,41.6,5,7.5,4.5
"4db33a107c9a32cf80e08c941fd2c87888e8de8e",160,62,52,-24.297,3.1300000000000017,7.62,100,9.38,38.13,58.76,8.5,4,5
"5ed610bb14c3c7ebe34cf855871da13009ddf3f0",181,62,62,2.558,8.054032258064515,7.54,99,30.39,22.1,72.29,8,9,7.5
"4875a2f817d7d08aa0437c70c33eb2c3e8c20d65",164,104,100,-1.021,5.645700000000001,5.86,102,17.68,38.41,58.08,7,5,4
"2e171212b96d4d95e0857baadfdc55455113dfc5",294,111,110,8.06,5.539545454545456,14.7,111,13.27,57.14,41.34,9.5,5,2
"70cd793e026c0616c0a8186a1f2c5fa6d8816b49",291,89,88,6.767,4.81125,15.32,103,22.68,42.96,62.54,9.5,7.5,4.5
"2e8b47e527548d947c688069d4a5c60ed67ace19",22,8,2,-72.406,3.4299999999999997,4.4,78,0,54.55,52.73,8,8,5.5
"6aea2ab4cff49df8f384b81558264c1390a8cf06",493,59,58,12.229,4.445344827586208,17,113,54.56,20.89,86.53,7,5.5,2
"692e3639f044b1dedc30d8b3a870bbe922a675fb",407,89,79,-4.733,4.868860759493671,10.71,106,20.88,57.49,48.57,9,5,1
"7b3d30b5f05d1acd3bd4979bd8e18efaafdcbc62",339,59,57,10.007,4.746666666666668,16.95,113,10.32,60.18,38.8,6,8,5.5
"249c629226d7716b59d1841c45dbca54afe3c1a2",96,62,60,-8.394,6.227833333333335,10.67,94,13.54,71.88,55.57,8,3,2
"6bdf2586c97f0954e728ef8a9ac5248d4c8270c1",104,45,43,4.947,6.12093023255814,4.95,115,4.81,70.19,50.84,9,5,4.5
"17ce312f66b2f6b7c5766e4d5cb1f7452aa20911",11,9,5,0,10.107500000000002,1.83,161,0,36.36,67.21,10,8,7.5
"26c932032169ad849d274427dcbdcfb190f843d8",112,52,49,-33.041,4.578571428571429,9.33,104,17.86,33.04,73.09,7,4,2.5
"440e56298b04156381c3f648f175b8697135845b",186,64,54,-22.725,5.949444444444445,7.15,105,13.44,66.67,44.48,9.5,8,5
"7eeef145cb4a17be79b2251b164bcaf5d15a4995",231,101,93,-5.501,5.301290322580646,14.44,125,0,56.71,41.48,9,8,1
"080df7c3716ee6b773c346c67056400fc235ffec",175,84,74,-2.996,4.815405405405406,7.61,129,17.14,75.43,49.63,7,8,8
"40291da6897472b56a7ce6a0721a801b5014d3c7",436,77,72,-5.314,6.190972222222222,13.21,120,10.55,54.13,44.98,7.5,6.5,5
"19787a8ba9b724902ceb45f483190f766e9e291c",522,91,83,-0.097,4.497349397590361,12.14,121,24.33,32.57,61.74,7.5,9,7.5
"53b56263b633c2be1e87243fd37356c924eb9a4e",27,17,16,4.892,6.026875000000001,5.4,15,0,100,51.81,9,10,8
"81fbb8b81316a0ddabd7838b1b9ecfaee762f70f",144,61,59,13.499,4.733448275862069,9,164,17.36,53.47,62.7,7,9,8
"242788be909743713c5ade123c9f0b13cc4b2db6",6,4,1,1.241,5.599999999999994,6,0,0,100,15,7.5,9.5,7.5
"263d37689dbb1044d8118782303415a1eac550df",463,90,83,-3.93,5.244819277108434,11.58,124,20.3,42.76,57.52,7,8.5,4.5
"27d6037b0e6ff9972c80bf6192062f3f2e8b076f",348,93,83,-13.064,4.691807228915663,31.64,126,4.6,80.17,22.2,9.5,8.5,4.5
"1e347993c7fb0053ac2a1b01b6b6c5a5fc3dad9d",230,104,98,-1.58,6.054285714285715,5.23,111,16.96,40.43,55.52,7,5,3.5
"7e585ba8095284ba4d7f920b37ee3e76ab6caa4c",295,37,36,8.062,4.368333333333333,42.14,42,12.2,68.47,38.25,3,8.5,6
"713e625391a72ed8f0780919b1c3e45af56ff94b",152,49,48,12.196,6.850833333333334,6.08,106,10.53,72.37,41.47,8.5,7,6.5
"42510054a233b7b56beccee99fdd4543c3cff388",266,59,58,13.023,4.687241379310347,15.65,107,7.52,73.31,36.16,8,9,5
"62bc28e18de640d9831303f80a4e44c352fb6170",299,104,93,9.926,6.619032258064518,9.06,105,0,75.25,29.17,10,9.5,8
"7dee913006479ffaff17ebed5a0b172112a0e115",215,55,37,-20.588,4.58,10.75,81,6.51,52.09,43.69,9,10,5
"346583cc308681a50145af444a26fb217df305c3",194,57,53,5.986,10.073207547169813,13.86,100,7.22,85.57,30.43,10,10,6
"6e849b2924dd2fc0a7efc8ef0a5f614ce2409b4f",229,42,41,-16.753,5.056829268292684,11.45,80,7.86,55.46,44.49,9,5,5.5
"1bf00adb6ad4cfbed2cab01bf71398e1ed9db042",124,48,39,-19.146,3.618684210526317,9.54,81,16.13,54.03,61.75,10,10,6
"502430aa4e945c0273cf3a6f35b982cef7067ad1",185,63,63,6.819,5.5619047619047635,13.21,114,8.11,68.11,37.94,9,9,5
"82edc69e489959e8b7453b8e3c89c11f2e3e4830",151,70,63,-14.396,5.120793650793651,7.95,108,14.57,37.09,57.53,9,4,3.5
"71c2d42bc4f81d5dcabf57d19f862a3b781ebbbf",105,44,39,-15.013,4.152051282051282,8.75,78,24.76,36.19,82.14,8.5,9.5,3.5
"5e4d0a4d83e5724fd92e13da6474090be3593639",183,41,28,-25.45,6.046428571428572,12.2,115,2.73,75.96,35.41,9,7,7.5
"6199c36a1e584c7a1d0d4d20a1d98f19f9d05785",493,93,84,1.339,8.091515151515152,11.74,98,16.43,51.72,45.34,10,9.5,8
"5ed8bcf8dcd1652c4a4bd0fc8197aaa54fca572b",226,65,61,-20.263,5.018524590163934,11.89,100,20.8,37.61,62.92,10,5.5,3
"73ffb966a8305f3cc46f3447459b4224128cd53b",285,64,62,5.819,5.404032258064518,15,112,0,67.37,33.41,9,10,7.5
"2785407c3fa2ce2c79a914657d9a4610ae1e5078",142,59,53,-16.03,4.430377358490564,7.47,116,2.82,78.87,33.25,8,7,6
"315b83340476d3a8338543ccdc95dbc86bddb3ab",221,82,78,-6.594,4.809743589743589,7.89,109,5.88,44.8,45.15,9,8,4.5
"12da07c3cca4f480a6064f7cbedaec11d677814a",104,59,59,14.451,4.7089830508474595,10.4,113,0.96,62.5,53.48,7,9.5,6
"2003e05bf78d3b5b7f672aa1d02ae3aa0537706b",277,106,102,11.667,5.992058823529411,7.1,107,29.96,35.74,68.7,8,9.5,6
"61291814d7295814cfccb336e38a08ceb9c7aba9",108,53,47,-16.115,4.677021276595746,7.71,96,20.37,28.7,76.21,9.5,2.5,1.5
"80212c0b606f5dcba043483a07f677a5455c3901",74,24,23,2.281,6.223913043478262,6.17,84,17.57,35.14,80.89,9,8.5,6.5
"5eecd9dc3fe216cd45a2194e5f1a1d472a3fec56",498,107,100,-1.735,5.640500000000002,12.77,102,27.51,42.17,49.61,9,5,6
"5b7541b552024e94b0be876cdb63b69cf3f829d1",253,102,100,-0.795,5.746799999999997,7.44,109,39.13,21.34,78.28,8,5,5.5
"806b5e171e5cd80e62cc28bc7fb644f6b50399de",35,19,16,4.088,5.283125000000002,5.83,16,34.29,45.71,87.46,8,7.5,2
"3d185c0c28fcae1ca2f5876a8e2e6681b38e5af7",154,52,48,-3.166,8.438333333333334,14,127,4.55,82.47,30.41,10,10,9
"598ab55ef7a383e76268b59d877afbc86fff2178",262,93,82,-1.527,5.865853658536586,8.45,131,27.1,45.42,62.31,7.5,8,6.5
"603ee97d90e36481c0c5a1cca5279c3aacfe91c6",190,71,49,-24.045,4.466122448979592,10,106,15.79,46.84,48.52,10,2.5,3
"26cc2520b79b2222de0037a32fcaeb81c09f3002",80,22,21,7.815,5.891000000000001,10,84,0,45,69.59,9,9.5,6.5
"6cbee42bf7c6251711a38683e4e1d6b15533f5a5",302,102,98,-2.353,4.982142857142857,7.95,105,9.6,28.81,47.59,7,5,7
"2170453bef40f448016841b0ca5ad2e07143bf5a",219,73,68,-0.83,4.314411764705882,5.48,126,27.4,28.77,75.22,8.5,8,5
"5e3ff61182b7e63c5f353b54a15e95069e670f10",124,74,71,-5.51,5.463943661971831,9.54,102,7.26,10.48,65.94,8.5,3.5,6
"785b27857468f61bde60ab25c5509e8ed38155d7",170,70,67,1.95,6.11805970149254,15.45,136,0,68.24,36.36,10,9.5,6.5
"1d5ba7c1c8ab8d16890eeb1772560ab942c42003",94,21,17,-8.142,5.853529411764708,11.75,81,0,59.57,52.62,10,6.5,6
"209d7c77e7a150b6990a3372f7cb24da0c0e7e07",8,4,2,30.4,43.88,8,0,0,100,43.65,null,null,null
"16b6e419367318f9a3a28439ae013d55638ba0d3",107,45,44,2.196,5.625,7.13,107,0,56.07,51.78,9,6.5,6
"4d234ae70fe14c2d32bfa01c0ca7cefc47d68703",204,43,43,11.744,7.663488372093025,8.87,105,8.82,56.86,45.38,9,8.5,8.5
"835496e3328ccd7ac2ffed3867840e1dce5da83f",321,89,72,-12.106,7.317083333333335,8.03,146,4.36,80.69,30.4,8,9.5,5
"7480543e3bc777391a4c3f06cb1c03920f6fa2a4",209,110,110,8.06,5.539545454545456,9.5,111,21.53,51.2,55.44,9.5,5,5
"5e854d8ecfe5f767abb76d3ce56b6bcf495047eb",252,108,93,-21.933,4.714193548387098,8.69,116,3.17,61.11,35.96,9.5,7,2
"2cd5132c3c49bd9d4d5081e386a4d69a593f850a",1022,108,100,12.642,7.026099999999999,14.81,118,19.96,52.05,42.01,5.5,8,3.5
"78ede02e6c03a1eb32ff3f464f4f7ae3e6510766",169,38,30,-27.319,4.516896551724138,14.08,111,0,94.67,29.74,9,6.5,6
"334c7722802329509bf82a5cd7b4a38b5825cc42",271,104,102,13.798,6.263137254901961,8.21,118,8.49,74.54,37.45,7,9,8
"143fdbefc9ba427b841fbd52b7999b2a996562af",128,62,55,-11.498,6.081818181818182,9.14,104,22.66,53.91,58.48,9,9,4.5
"23d64bbdd55f11cb1d617be60d7b5901c5fda2e6",308,107,100,10.465,6.0219,11,121,6.82,37.01,41.56,6,6.5,6
"44327e7dea2e5f69fea97c9333f7cd64484303c5",12,8,6,0,9.213333333333338,6,1,0,25,73.31,10,8.5,7.5
"6288d80ce9cf4d608eb41dc28dba194b1851dec5",212,60,59,10.443,4.708983050847459,17.67,138,0,78.77,26.9,7,9.5,6
"6b8a39007e56cacf54e6520da942fdb70d8d588e",172,95,94,10.195,5.05872340425532,7.82,108,9.88,31.98,48.42,8.5,8,5
"5fbcd4642d21aaa8ade10f9e23e70012e2b4afe0",64,37,33,-15.13,4.830909090909093,4.27,98,25,42.19,83.4,8,4,2.5
"34283eb36b1b51da5126f973e69199151b8f26c2",194,102,101,11.913,6.431188118811882,6.47,121,1.55,53.09,42.86,9.5,7.5,6.5
"56b3554a4a43514e497a667b0efee344df2ed21c",645,123,116,20.721,12.487652173913041,23.04,131,26.36,48.37,57.05,8.5,9,7
"46c1ebc62f7d6b099a6696755c9be3b984d2a27a",241,104,97,9.791,5.424123711340205,8.03,105,7.88,30.71,47.97,8.5,9.5,6.5
"6501a3dcdb9e3c5904a5820607f6ee354bbe0131",378,117,103,1.029,6.045631067961167,9.95,106,10.32,29.63,51.47,7,4.5,3.5
"40db6a6bd27b7f2fccb0ab0e4b97b2e64d5e79a2",319,53,45,-8.967,7.884772727272726,24.54,94,6.58,54.86,35.27,0,8,4.5
"35cc3e4b8108e6eb405c96afabb167d6c0f9b50c",326,113,112,8.882,5.441607142857145,17.16,116,0.92,78.53,24.75,9.5,10,5.5
"1d1a20a6ce616a1b0780f5c86f1f6cf9f7c9a5ff",290,104,99,-0.266,4.921919191919191,9.35,109,14.48,63.1,45.27,10,9.5,7
"4cc8a421bf0c776aae86c3838ed759171d4cee50",2,2,0,-18.759,0,2,0,0,100,5.75,8,8,7
"1b248f11648c9000f277a02dc5d4bea3800ba43a",60,39,39,9.092,5.792631578947371,6.67,142,25,40,86.77,7,5,3.5
"4e718fe3c25329ccd0f4f138375f9099d81cd7c1",243,67,67,3.57,8.392835820895522,8.38,120,13.58,47.33,51.29,9.5,9,5.5
"34a00f81f528b38404f04d9a360e73fb17b62031",170,51,48,-4.394,6.8825,14.17,128,16.47,52.35,56.82,10,10,6.5
"56a326e7e14e72020e3e0ca3f329baebc245b3f1",58,28,26,16.066,10.908076923076923,14.5,18,25.86,60.34,58.77,8,9,10
"3c499f0944773b5ae529a4356d92df5ce8ca7c0c",272,54,36,-42.517,4.396111111111113,14.32,114,17.65,26.84,55.76,10,3.5,4
"41834c311cf35264cb9e6357eae499b95edb73b5",450,102,98,10.7,5.576326530612245,15,108,22.22,34.44,55.09,8.5,9.5,6.5
"388c0aed9f437cb576f998892257a1a9410d1a2e",608,63,63,6.819,5.561904761904764,38,114,10.2,54.11,43.38,9,8.5,8.5
"50efa6979b217c6f12b5fa0990d669c499e6d2b6",223,105,96,-16.745,4.8646875,12.39,110,13.9,49.78,54.92,9.5,8,4.5
"0e51dc16b3d9de6cbcada8abb58ddeddb448b6e8",311,97,94,-4.266,5.01191489361702,34.56,110,9.65,54.02,40.46,10,7,2
"62762af72b006f671d4b9efe867e66312408723f",128,47,46,-11.412,4.135,6.4,111,0,90.63,28.15,5,6.5,3.5
"1a68900dd1fd8fa7892cc9450d53e991ca241785",7,5,0,-9.6,0,7,0,0,100,44.75,10,9.5,9.5
"3954b15205238530f2cb3b66db735fad6d0c8fda",170,61,46,-12.598,4.096279069767444,9.44,80,3.53,79.41,38.65,10,10,6
"75aa1fd61921d68f59be09d2146a4b2b9442f41f",74,27,25,-22.887,8.9556,6.17,92,21.62,52.7,69.17,8,3.5,1.5
"57421dc59c1514a7edc7708657e57a6439e88585",198,69,66,-10.776,4.299393939393939,5.5,121,36.36,41.92,65.19,7.5,3,6
"692e213a160245cc3c07bc300b6ada19b15089e4",155,75,70,4.125,4.62257142857143,4.7,106,13.55,22.58,60.01,8.5,6.5,4
"50fd8f5bcd24b3b8ba8c450de77819037cfd6583",150,104,104,3.65,6.320865384615386,7.14,105,32,40.67,74.64,6,5.5,3.5
"37fd8930995a4978e8378d28a84e0aaf3ad85c2d",161,74,73,-1.837,4.368219178082191,5.96,102,0,72.05,38.14,9.5,6.5,2.5
"5a3141c7f984f3d6c41f632f6fb689378267bd51",384,68,66,1.149,5.086212121212121,15.36,114,27.08,44.53,63.14,10,7.5,7
"2bfadd9c6a7bdbdd1ae792e0225b799ee67453a5",256,104,101,0.316,5.898712871287129,6.92,112,19.14,18.36,58.36,7,8.5,5.5
"825e4001677d8644d6df773aea2f924c45d47318",301,61,58,-4.073,4.563103448275861,16.72,91,0,79.07,24.98,9,8,6
"47af18d4bbc37e11d2c5130faaa8b2da3dba64ca",114,38,36,8.062,4.467499999999999,12.67,44,16.67,64.91,61.73,5,9,6.5
"09cbbae64d03af8ca53224aaef7657171ba27f50",29,20,18,-21.501,9.931111111111111,7.25,25,3.45,6.9,84.58,8,9,10
"7cac45d03854038e6854f5b1843cd491021f94bd",224,40,39,5.028,5.333589743589745,14,107,29.02,51.34,62,7.5,6.5,4
"38397f1c58351146edd1787b0501bbdb31834abd",111,43,43,11.744,7.663488372093025,7.4,104,3.6,72.97,45.34,7,6.5,7
"33c1babbdbffe79f6f16e085a78ebd0b2a7b3a65",241,71,63,-6.506,7.5851612903225805,10.04,119,4.56,59.75,43.39,8,9,7.5
"69eda57c9ffdf6f26c5dda66863ef865d07195d2",109,48,40,-21.387,6.284750000000001,6.81,126,7.34,78.9,37.4,9,7.5,7.5
"00bef8afee8f3c595d535c9c03c490cac1a4f021",259,78,72,0.33,5.543194444444444,12.95,102,17.76,46.33,40.96,7,8.5,6.5
"582e4849c0e5208206789a186892a4f7ce9c11f9",232,42,34,-19.367,4.774705882352942,16.57,96,0,50.86,41.41,7.5,4.5,4.5
"79a8ea0acc62c00cbe9e6899917fdd233232ee12",190,71,70,8.26,5.085,13.57,113,13.68,76.32,39.93,9,9.5,8
"840d07858c03f80f4695056e2cc7d0c474b83a25",111,43,39,-9.233,4.885384615384617,7.4,107,3.6,53.15,52.35,9,6,5.5
"213a48a8028d2dd6ed42c47be4588ac5a909076b",318,108,96,6.122,6.525520833333334,7.23,131,1.26,60.69,29.66,7.5,8,6.5
"33b16210a7736a6f75ef1b1f3cb7070a4d29395e",745,105,88,5.259,5.7070454545454545,25.69,107,19.46,51.68,41.67,9,5,6
"052039d5c5915699359b1d549b36ea69330c0ac3",158,38,29,-26.771,3.7213793103448287,11.29,78,0,80.38,31.91,9,6.5,6
"1d9024c71085dc3822bac092baef8b238c3b497f",309,93,82,-2.171,4.861951219512196,8.58,120,5.83,65.37,36.06,7.5,8.5,8
"7323f16fa1027607f3f63cedb1cf2fea83dfcf76",255,68,67,2.265,8.392835820895518,10.2,99,15.69,57.25,49.95,8.5,9,7
"02f8a629f1a01a476de3944da2860d1c107f1b28",465,104,85,-4.146,4.689647058823529,9.49,119,18.28,40,53.97,6.5,7.5,4.5
"0ee9ac569e379f04a42a18c88cca093ef1121ab8",62,17,16,-12.272,3.851250000000001,6.89,15,12.9,58.06,66.69,9,6,6.5
"17b62f15056932dddf225da7f5e30911e316f7ed",302,105,103,14.337,5.83864077669903,9.44,106,18.87,45.7,51.94,9,6,5
"6405b9839b0179e5307afdb5117992033c2a9cbd",457,102,96,8.882,6.661979166666664,10.63,110,15.97,42.89,44.42,9.5,8,2.5
"01ad03ec301749c033155fc17e657cc767d447c8",271,72,67,-3.463,4.101940298507463,11.29,115,26.94,47.6,65.59,7,7.5,5.5
"4932174dcf0408a7eb862930c9c6be33d30825a6",1,1,1,0,15.430000000000007,1,0,100,0,0,10,9,7.5
"02c88d535d7393d30ce3338174d0a17ee7e8b8cc",177,71,70,8.26,5.085000000000002,9.83,114,12.99,29.38,60.17,9,5,3.5
"232cce96362898f08e9150ba244adaf2d6583ab2",228,98,96,9.185,5.142291666666666,7.13,111,20.61,35.53,58.03,7.5,9,6