username,total_submissions,problem_tried,problem_solved,avg_completion_rate_delta,avg_inverse_solving_rate,qt,th,ck
"0bd2037bf68a97753e5e67ab55dac026a649f279",220,54,47,-16.025,4.513617021276597,6,4.5,1
"0dfa65b4dafad47b15abbfd6c6ce1aeb213901cf",117,23,10,-62.215,3.2230000000000016,4.5,1,2
"67d64015616b9e7f49e213890b7b93a2f8796f07",455,117,109,8.903,6.799532710280372,9,9,7.5
"18fc5492e3a88861f35c23bbb2805f724c1a135a",140,38,33,-28.367,3.4912121212121217,9,8,7
"60c257442a0ef9aa6eb039f58c40be980bfe58b7",334,65,59,-19.424,4.2725423728813565,10,7,2.5
"4cd092562ee4a06eb01e8bd1e9cb7e169fc38c92",268,73,69,11.179,11.694328358208955,9.5,9.5,7.5
"40d6052a7ccec94dae8348e5249381afabbbc985",154,61,45,-26.874,5.266444444444446,9,8.5,4
"139aa923bf965f373c678ba8c10f500d78269e20",260,70,68,-2.329,7.578805970149256,10,10,8
"1e09b1a5541a443716e68239b181fc116425a9b2",105,58,54,6.674,4.2155555555555555,5,8,5.5
"6c374b4a75105783a809e8b6ba468da3200d0c1a",129,61,61,8.964,6.403442622950822,9.5,6.5,5.5
"57b547211651511366a63249605b9b9f4a9c3e9c",357,89,80,-5.966,5.9194999999999975,8.5,4,4
"1cb262ad711450f9a6a0f5cf786788b17d2d481a",322,105,102,0.832,5.834901960784315,7,5,4
"0c67423aa82630d4406e9477bb7462db4df09c4d",439,68,64,10.486,11.34125,8,10,10
"7985b1dc9dd0dab814afa417245073d1d74f85ea",263,61,60,6.691,5.8355,9,5,1
"448866b737d07d7d184e7c1111b8f50d1b8fe91b",104,48,25,-33.078,6.518,7,5,7
"62cf219990f892f13b18fb0ec1f08a2aebdae0ad",128,59,52,6.039,3.9603846153846165,5.5,9,5.5
"47e01709f5df0b8793de34e70e8ddd9f8aa16d60",318,102,87,1.263,5.185632183908046,8.5,5,3.5
"1abf62f1e76bc5ac164061cff2a8171d6b6de657",749,116,100,-1.735,6.300200000000002,7,5,0.5
"78d8860538c6853a9c13a0c232dadcfa0d516f08",184,101,98,15.209,6.716224489795919,9,9.5,6.5
"64bb0d71f782349bd0bce3ba44cf9b454bd46cfd",559,62,62,9.925,6.3887096774193575,9.5,5,6
"454c509567c0f19453009731315e3db245a8c756",278,98,95,8.536,5.655157894736841,10,5,6
"3015441ae521554bb4d04b1e3bad620170a43d79",409,106,94,6.48,5.432659574468084,8.5,10,7
"2290b12e40983b7635bc452c3b6e00c80549220a",369,92,89,2.431,4.762359550561797,8.5,7,9
"769df9fad97e6d153e170a9ec41e33e8410f4b6b",200,100,99,0.86,6.011717171717173,7,5,4.5
"2639f9f46c6949536c784118cbcd036cd00c075e",123,40,35,-23.33,4.162571428571429,10,8,0.5
"14354d2cff31b4330ad9e939b18cc8fce8c1c085",153,59,58,13.023,4.620517241379312,7,5,5
"216a3ccb8504db72c0b5ef227b00d61d2e2ec7be",142,46,31,-27.243,3.6293548387096775,9.5,3,4.5
"331639421af1df525391f1013c5363683efb9f68",237,63,63,6.819,5.5619047619047635,9,5,5
"5389d34e45392c6d5e8596d686b06d853e1ed696",176,76,73,-4.744,5.7473972602739725,9,8.5,7.5
"14a493d035053a109eeeeb50a501d2b69a8ec429",473,113,112,8.882,5.441607142857143,7.5,5,3.5
"0306a80129ed6d5afadece8164929697bbbdea69",76,17,13,-16.475,6.0583333333333345,9,6.5,6.5
"334f25ceeca6e440b1210f205c253cdc8d25942e",361,85,78,7.086,5.312948717948719,9,8.5,4.5
"0659d0431565eaacdc601973560ee8331f910947",327,79,75,-7.633,5.761066666666667,10,8.5,3.5
"5b30abfc32d4c33257f7cd949641935527dd4a42",259,106,103,6.403,6.328834951456312,6,8,4.5
"440a4bdda60ec044e91b9e5ee5c478c20bbbaf7e",348,102,100,-1.921,6.054100000000003,7,8,7
"0fc74820b7bcdd23c196f494e7686305acbdc71e",122,43,41,-48.466,4.124878048780487,9.5,6.5,7
"771f7a4ff0b16239a5f4a828485e057bd3069308",298,97,89,2.095,5.551250000000001,5.5,7.5,3
"3fb53c585faf97ed5b0ecb316a4b419c969b790a",104,57,53,-35.174,3.2494230769230765,9,6,5.5
"414a76fbb610cfb396dc7177dfe67944fd7175f2",210,64,62,8.916,4.76737704918033,9,8,7.5
"020ef1c31cb4751bbfa1a88fba782db3c402e2fa",175,62,58,11.744,6.928181818181818,9,5.5,5
"2ecfee45346013cf126b75cfc8bdd2ba3b0c2666",120,65,5,-63.668,2.202000000000001,5,0.5,0.5
"816aa6a9aceb1014260977a52d4ad600065ed4d2",157,62,61,4.819,5.19049180327869,9,8,7.5
"661f15eb45462975429d17bf60fc64df4cae4431",202,50,49,9.837,7.288163265306123,10,8,7.5
"5f8dfe6855d546a89ee51fdc47f1e3a135f1edf8",513,111,101,0.118,6.147623762376241,10,9,8.5
"67b7c9f4a952be9c0f4759e1991d86a3e1fbbe58",78,11,6,-49.311,3.018333333333333,1.5,1.5,2.5
"597484c12788a0febfb255aabf5f08df62469313",68,22,20,-46.171,2.8934999999999995,4,3,0
"598ceb16f7935dd1dada8de4441690df8cdc9e29",153,59,59,12.791,5.472033898305085,10,8,7.5
"3886b365ce33e5988c6c8a73eed09ac8a7c784bf",589,99,99,11.913,5.575555555555555,9.5,9,2.5
"58a95bac37747ee4fd0e321770a89477f49492a3",304,116,108,13.53,8.00047169811321,10,10,8
"8460eaaf887a6289fb156f7562fb739ba8e9629e",557,114,109,9.742,6.694339622641511,10,10,7
"5a70a8f9f1dac45c7332db8230f0a8a77208507b",281,97,97,13.195,5.4455670103092775,10,5,1
"1466659761d4827040ac1226fa45ad172c4743a4",234,110,110,8.005,5.392909090909091,9.5,9.5,5
"6729764776215a0456ef5332c5168b4db29314b4",141,63,62,5.033,5.4867741935483885,9,9,7.5
"363d3494b7918fffc4e59beed6c76eb7d05b2c64",196,84,81,0.197,4.910864197530864,4.5,7.5,4.5
"218191f4a8648e65ada28c23f52f578dec21cd98",96,49,48,-0.105,7.178125000000001,10,7.5,6
"5a5c99822d76f4f6f1f90521f4c1f1d5e53590a1",246,62,59,0.908,5.409152542372883,9,5,0
"55664bd6d6073e97a98788e3f319eb36662f29f8",144,81,77,-2.727,5.517500000000001,9,8.5,6.5
"536602cb1404169f62436284f9cdba1a7b21c7ae",324,109,102,3.239,5.203039215686275,9,8,6
"6eca9c1b4a046e9ceb3db39e478ccaa393117c3f",119,40,35,-16.59,4.909714285714287,3.5,4.5,5.5
"73351e7d3ace1ea88b52e895d6fccc2f2bee88f3",324,72,69,-5.719,4.258695652173914,7,7,5
"0a2c78cee9afdc522c5f0fae46937138f47b152b",128,22,20,-4.544,4.6705,9,5,0
"0785a61c54bc37c6ddad3c02b29d1f9e15adf85b",173,57,53,-3.973,4.423207547169811,10,6,6.5
"78ca432228d8679112c09d9b3d50491c5539681a",3,2,1,0,15.430000000000007,10,5,5.5
"1e48d7fffb4fbe08eec6151ce5b2378258d13aeb",170,61,57,17.134,4.72438596491228,5.5,4.5,2.5
"038dfa39ea11eb199e32e61fa4bd264d6d7ebc72",170,53,46,-4.637,4.419130434782609,10,7.5,8
"56df019984fc7a155fc18b5c4ecd2f52c497693e",77,63,59,20.969,6.502881355932202,3.5,3.5,4.5
"128ed4bebb12d030efad936db13d26a620bd620a",373,80,79,10.608,6.691392405063291,10,9,5.5
"28a125bc7a4d79ba10eeb2abdaa878d46eea4b32",314,113,110,16.672,7.813486238532109,7.5,9,8
"301483d94b9efd8e7d95ca45979a6583215c1d58",247,98,88,2.216,5.283636363636363,10,8.5,5.5
"5faefa46d05d32e90b97c1cc9260bacd6c2f45de",296,65,61,-11.154,7.366393442622949,9,9,8
"470647470caa15468e461e105a8ecd3b25a912f0",139,45,39,-8.545,5.259487179487181,7.5,6.5,5
"3841fabcde0188d8dc9b3060cacffafa3450ec85",348,115,107,4.838,8.517196261682246,6,9,6.5
"0297fd76b36e100882756e636bb03031255f57da",272,48,46,5.635,6.67608695652174,9,5.5,6
"616bff7fefe77a5e5618f600b39cc1002b71867c",428,107,101,13.125,6.20138613861386,8.5,10,8
"1133fe0ca8444133bea1e55ef5b4026b5e8445fc",248,43,43,12.67,7.663488372093022,8,8,6
"6bdbd12c28f576e6dc4242177fbf9829e65c4726",149,45,36,-8.471,9.935555555555556,8.5,6,7.5
"070671333adf94dadc433fcafc872c6301dd0744",158,55,40,-27.466,5.902749999999999,8,4,3.5
"501f6ef9ac0e3eaee34c2357da968672bafbff95",280,114,112,14.442,5.526486486486484,9,9.5,1.5
"08399013cfa671c37b50b71ef25f1b2fd606c009",342,103,99,11.22,5.803838383838387,9.5,9.5,8
"254f59f316c0c9e98ce4d4ac6cb1718aef6d9f00",179,46,42,-20.303,4.120714285714285,6,7,4.5
"1e59ca9160cbe32a3bebef6df4339e30a16d0dfd",194,83,78,7.751,5.86128205128205,9.5,9.5,7
"0d05b13c0460dbd3e3e99537d6eb4665b0dd194b",157,78,73,-1.995,4.285616438356167,8,6.5,5
"5a7424ce2a160cc7bcb097b51942e1e1ce68ddb1",297,85,76,-2.032,4.201466666666667,5.5,7,3.5
"57a668ff1e3df5afc4e593bbbbc39e9eae0a940c",128,61,60,9.96,4.749833333333336,8.5,10,6
"7f8b72d92d190113dbc807befe9e8033ecdda75f",514,111,100,5.349,6.107857142857143,10,10,7.5
"213a1a52e92bd478f671a4e614a7ee5b82ea4b91",157,40,35,-16.64,5.657714285714287,8,4.5,5
"29c9f517c368a528325a1e38b51adf368923bb04",185,70,69,6.927,5.0105797101449285,9,9,7.5
"04d32bf7b10a238244d3e1acc3bcf53a449daf99",405,103,100,-2.08,5.6405,7,5,4.5
"64c207f458782b92f681bc496f8a6763ac3b99c2",228,60,42,-16.866,4.0895238095238104,10,6.5,7.5
"76578f23a12fae71dcf7aff5aa48a7ace122f5f2",204,68,64,-0.134,8.118437499999999,8,9.5,8.5
"69c377ef0f1c724f59024bd4c2a7fa5d36e50432",341,60,41,-32.073,3.4265853658536596,9,3.5,3
"1e87dd3db07a664f4eb34b7e0a3ac578ca8846f9",252,85,80,1.919,6.03875,7,8,3.5
"14e9c7d5220ae70aadd1e37038e74bba41439d65",314,75,67,-5.555,3.8264179104477614,5,7.5,5.5
"0bd4c0cd006b55dbfa7806aa4b45926119ce9540",157,61,59,-10.941,5.176101694915254,7.5,7,4.5
"05218d5a6d67f5c1d6305dffb907e940260304c1",343,104,104,-0.734,5.063365384615385,9,8.5,7
"3b5d744051772f15e4bc3167d749711fa798b0c1",70,32,27,-23.574,6.131481481481482,5,4.5,4
"0b18b1d653e0d031e1aee9129432b668c4264d3f",327,99,99,6.895,4.821818181818182,7.5,8,2.5
"155290f106d7951f353d1290f55d95a5a1535e90",51,14,6,-65.285,2.9666666666666686,10,5,5
"40c0843e6cba7960b4a4fc631d0831b9242a9778",41,29,21,-46.788,3.8271428571428565,8.5,4,4
"3bdad6ba65de3948b9939ebd98d80b03fe3f8e93",328,82,71,4.223,6.038028169014083,6,9,5
"4d3eb0a9c08fa8d2fb11d00af22f7d582f106019",347,108,105,0.549,5.053904761904762,9.5,8,5
"2a8f1b3e408879bc12a312938c32061d9e29a4e9",335,100,99,11.913,5.419090909090911,10,10,4.5
"1a116d1e7d5af20a32ad9d0232b6803c70f7978d",233,91,80,-4.04,4.94825,9,9,6
"123c4ff5313ccf709b3bc4bd3365087685440c71",147,66,65,16.633,6.5575384615384635,1.5,6.5,2.5
"3dd2f099bd4cba1acad185a78c773972d450a899",341,97,93,7.021,4.8311827956989255,10,9,6.5
"2d621dbbe38ec756f71d3d1ff5b1f2de707330be",204,91,88,17.406,6.917386363636362,10,9,6.5
"34b6d0f0fe1617146945db60df615d0d9bb3a4d1",307,63,52,-3.979,4.531346153846156,10,6.5,4
"3d8d550e8b7d9a0629bdd8e0ae73f8f0ac74b1a6",75,44,43,-0.397,5.70767441860465,9.5,5,3.5
"1c095c774d9d1d3a4ddcf533186e7146fdbf92a7",336,97,85,1.371,6.258235294117647,7.5,9,7.5
"26227f631ff63a4f02f7d69bda90131df9bab5dc",176,89,76,-21.017,5.134473684210527,9,5,2
"2e2fe98cf7d490aba85a3eba367d9512bac08ce2",228,65,57,-0.213,11.508035714285711,9,7.5,6
"014c59c6433fd764a0b08de6ffeb757eaf60aa73",199,90,79,-4.249,5.1398734177215175,9,6,4
"108f1062e8ab6d51f404e7f639e781edc9ae5eb2",185,53,53,-5.582,5.499245283018869,10,6,4.5
"3469c710d9f5a4ef230caca3f99b1ed21411732d",194,100,88,14.03,6.6334090909090895,9.5,10,8.5
"2f7bdf97a5978e8b7a4b3f69a474540c0c38498e",77,22,22,-14.744,4.484090909090908,1.5,4,2.5
"61e1c151f6a90ea5a2f33930ed70e5a9f39b681f",172,84,78,3.757,5.453194444444445,10,9.5,8.5
"12d6e24985ac80a581968fb1f36d699e6dd1cd33",118,68,64,12.23,5.914531249999998,4.5,7,2.5
"11f61032ed64123d44a372930101fd5f3877e010",385,110,102,9.976,6.082254901960787,8,9.5,8.5
"5e5064a233c1402d302af4de9a442f32c934da4f",275,112,109,16.493,8.43577981651376,7,8,7
"75b4f05700440a54255124cf44b8ca0d4252df85",460,120,113,16.561,8.539009009009012,10,9.5,6
"5b0ac0ebdcb3aaed7a9a3aa2f9c11919ccce9555",146,73,59,-16.757,5.445932203389831,8.5,5,1.5
"1c3928fd78413712a00cd78e6ec020b2cfc666fa",115,42,39,-10.773,5.3797435897435895,9,4.5,4
"4586b41a1f104874583010a544bdd65113d2666c",136,56,51,0.167,9.896470588235294,10,10,9
"3d9b6ed975620e48ca0a5aee5fd19f5db1db3b18",243,74,70,18.062,13.104558823529409,9.5,9,8.5
"50708257bf26f0b517a6fa6acaa444d13f6006fc",31,17,16,2.446,6.043750000000002,10,6,4.5
"6c468e0d90bf790fd74609738544edd3f0e5c74c",281,96,95,8.276,5.218,10,8,5
"62b127e475e6cafbc1906e6fa5cae8d7b4da3ceb",119,40,35,-12.942,4.9957142857142856,5,6.5,5.5
"28a0f5e69c747c78015cf8fb0eac804b9a733bb2",260,93,81,-2.491,4.897530864197531,10,8,4
"1a651a0e1038b173950ab2be4fb4b3016d617aa6",599,131,126,25.748,11.143524590163931,9,10,7.5
"5baedd7fbc5ed01efdd5a078f7b3809491ac1722",215,79,74,-1.493,5.922837837837839,6.5,7.5,5.5
"5e030103a9bd01aba1285730aa1bce7cc90f7bf4",345,120,113,21.635,9.617946428571429,9.5,10,8.5
"06024da8147b5cf6105beb4c403f67cf1ff0aea1",8,5,5,81.241,51.902,null,null,null
"6154c47df672f6768571f878e472ff2808274cda",308,99,92,-0.93,5.047391304347827,9.5,8,4.5
"66caffe338b5140bd8ac35fd0000f867266bd08a",153,63,63,6.819,5.5619047619047635,9,8.5,7
"0601ede7fba3727ac6cae3653b12cebafea42863",236,86,86,3.752,4.622470588235294,9,9.5,7.5
"3b951429b4166a9149480e360687549e1069a209",150,46,46,12.881,7.766956521739132,4.5,7.5,5
"3a1431fdc38caa2d40fdd0df60f76683af53a729",340,69,67,-1.171,7.777910447761194,10,8.5,8
"1ce192d1bbeca43c01873d6cd5a6318f4050fa56",192,50,36,-11.973,4.813888888888887,5,3.5,5
"505fea7b24ccbd0e28b51099a1e89ee317605916",250,76,73,4.056,8.424647887323944,10,10,10
"3f679f9f5c3b6c2a026bc0575cf7d5f3351a8db1",232,99,83,-5.712,5.282597402597403,5.5,8,5
"1ad3d49b185ea0e42354cd94ac86c60ae982616d",97,37,31,-30.42,3.217096774193549,9.5,5,4
"80cb3c3cef8030674baa141475951b20ae73089a",210,65,60,17.306,4.782,5,8.5,6
"6b05f3073cf136c387ede39d4e605eefa19a4886",201,65,61,-12.35,5.9120338983050855,5.5,5.5,5.5
"47e1eb91096f9e59b0faf185a88d41343c073d83",203,84,67,-10.541,4.411044776119402,8,7.5,4.5
"6fa8cdf96032a061ee3b601ee76a28dce25f4735",329,107,100,-2.066,5.3137,7,5,2.5
"7e4e1a800af30eb9922c09f9d751b0873e0dc467",194,51,45,4.392,5.155111111111111,9,7.5,7.5
"44ede8e2b591b3b54fc25469d50e442459da73f6",183,70,70,8.26,5.085000000000001,9,9,7
"165e4e596c3bdade64bf0bd2491fa8234015f0d2",256,100,97,-4.354,5.259484536082475,8,4.5,5.5
"2b96fc96ee2e0090a42957d84ccd09cda2c72b74",33,12,12,2.928,5.229999999999998,9,1,0
"6eef887d0fd74edee1667f50dce5b41efbe0a180",98,60,58,12.07,4.605789473684213,8,9.5,8.5
"5b49681d3b05fba0fa5978673a6d871011186bce",165,70,68,3.927,5.072941176470589,10,9.5,9
"3caf61bb383eed4daa553e074208e84cdbdd7df0",135,21,20,13.287,5.696315789473686,9,5.5,5
"82f9404672305675b631cad221087429c078b8ea",129,39,30,-37.86,5.079333333333334,9,4,4.5
"3d8d3a121d5e9126056c0676ac7ad2661696a572",269,93,89,2.616,5.805730337078652,8.5,8.5,6
"57a3b9aacc40db600c87c8b2cf110418021388d1",253,60,56,-11.078,5.14464285714286,7,8.5,5
"66740228a725504db879896a9c28c03676fef710",97,42,41,2.167,5.5704878048780495,3.5,6.5,5
"06490d06037ae75484a0a36a7a46e126b0b49495",206,79,73,1.141,5.449848484848486,9,9.5,6
"4e3603a6303b1bb5fb0ec4a0d8ec39ae3e0afe0f",229,97,80,-13.491,6.504750000000001,8,7.5,5.5
"2cc30f03509be89ad3bfd483b2bd69c999798805",258,104,96,-7.354,5.489583333333336,8.5,9.5,3
"4f0784758f47badc4dc66910c529236f8a45bf3f",98,51,46,-4.754,6.110869565217392,10,4,1.5
"79c48e970f8b0e7a0e074bf7f0a3f201737dde3c",170,58,52,-16.338,5.847115384615386,9,7.5,4
"0de8af23bfda13f21ed67e41a5aace53ff8aef99",368,109,107,19.259,7.716571428571431,10,8,5
"0dd138a9a2b0349ede3fee340cb02e40197aea3d",238,87,78,-2.495,7.196410256410256,7.5,8,7
"6cecf8c09c3c7ca888a6e3fc2ede03a820c9c82b",156,65,62,18.614,4.9901612903225825,7,5,4
"62cba18268cc16143359b59ebc94adf65af340a4",310,82,73,2.258,4.683424657534246,9,8,5
"647dd6aaab297d6a9328c244eec940904d58293b",201,46,42,0.18,4.195,4,6,6
"141e7bebd6db0745569c97910301a67c9962826e",300,76,74,-6.952,7.5112121212121234,8.5,9,5
"739d06c41287f6661d2c1879f42b56d45454e815",28,23,23,-1.16,5.857826086956524,8.5,1.5,4.5
"19bb25163e0a13d6d2b1606c92e1366ad7fd8341",225,72,70,5.819,5.5155072463768136,9,8.5,6
"1cfda392887d01754199fa5f5cecf6ea3c9b0fec",177,58,56,-13.942,6.144642857142857,9.5,7.5,6
"7f5f84b208b2889ece946b277eaca95d838072bd",266,109,105,9.426,7.109029126213592,10,9.5,6
"80fc80505e08153a938e34945ea74064467c5e12",92,34,29,-18.708,3.719999999999999,4.5,5.5,6.5
"605308a2fcb585adb29bd7cc4dc153faa8ab9702",141,55,54,-2.744,4.6083333333333325,9,8.5,5.5
"7adf5597380b3d9048a47387095d5342a24c07da",113,57,22,-54.12,3.048636363636364,8,4.5,2
"5066b74051c3f9ac880db30439338aaa8fb1c7fc",141,48,40,-27.697,4.366500000000001,9,7,6
"4ae698929993e35feef8c07911edb16212f5cf4d",127,53,47,-12.324,4.49276595744681,9,8.5,5
"25501bb976f5234f69a8cb767dc5b4ab87a9021e",273,54,47,-35.948,5.484893617021278,8,6.5,6
"11f93249faeb096567269266fbebfc3b0f6b5dc1",163,74,66,-18.055,5.235757575757576,10,4.5,3.5
"710b29019a8c45dfca3eec6a5a92b7d3bfc06cb9",146,50,47,-4.923,5.632553191489361,8,8.5,8
"2ebc44186d8093752e9c9ad97b67114006718300",317,104,103,-14.928,5.276504854368933,7,7.5,7
"7121c17a0f6576cafa8c7c029158ad3a81873411",345,71,58,-18.375,3.8677586206896555,8.5,6,2.5
"7341e1b59de6c74569853631605d1dc2d2da2e0a",112,20,20,10.361,5.020999999999999,8,5.5,4.5
"6978f24f45757e6d0c3a352bf35d073d14b46c6a",175,49,46,-3.859,7.378695652173914,10,10,5.5
"05b7c7d664702d3677ddbf5a03e976e24b16544c",167,64,61,20.194,5.40032786885246,8,6.5,5
"52011a00e43fa9e527dd0b121ddd133547981b24",138,98,98,4.507,5.228265306122449,7,5,2.5
"7dc6bcdd4ba4cc84cdbf70b50cb26a72cec3db1e",408,89,83,3.585,6.932409638554216,7.5,8,7
"0ac20d28419a43394bc94b257c7aab70e87f1675",179,51,46,-17.642,6.734565217391304,9.5,7.5,2
"0304aa9c12a1c900dcb4413c6a4ce40cc05b1696",145,59,57,10.029,5.2154385964912295,9.5,7.5,9
"74381df8a16f12280ebd12d45f8fff4fbcbcc4c8",373,124,117,24.022,10.459137931034483,6.5,8,6
"6a321021dc357c030017f099c3d1b430bb0d1b65",112,48,33,-59.589,3.4178787878787875,6,3,2
"29a9c1bfe53383e21dc534379f5fd64c4efd4305",431,65,61,-4.259,7.740000000000002,9,9,7
"1d2f411ed3ef95a96dea54ce6a09c0d0b65b6a7f",149,42,41,0.529,7.003414634146341,7,5,4.5
"33ead7fc0a3cd59c67bb412d705c5f5b9cedccfe",482,118,100,3.327,4.519770114942529,8.5,10,5.5
"3cde31c0a8378da5d6c2767652ec108deb9135a6",388,116,110,16.561,8.658691588785048,10,9.5,4
"52292d33bf302f4cc04f07ef928db72b2736c06d",216,106,97,9.185,6.97474226804124,10,5,2.5
"2c93a0edb553ae495ba9ca047361240c278f6cf8",210,44,41,-2.055,6.038536585365855,10,2.5,2
"6ec34c1674a54a0b43f8bc4570e2188a4937da15",262,78,77,8.787,5.923376623376623,10,9.5,4.5
"77051baba74aab402905de65e8e0bf18e2907ca8",432,67,64,-0.218,8.19359375,9,9.5,8
"0821ac06ae77101d7dd9b8dd103f79ffa46657ab",54,20,14,-12.095,14.59785714285714,7,4,3
"2290d198e0649ef4dcfb6cd22d36d87969fb7bfb",142,63,59,4.627,5.315593220338983,10,9.5,5.5
"69b200a293efc47d832e89333a4adff338261538",149,82,78,-0.903,7.094615384615388,5,8,6.5
"7953012ece7e7f5c184ec3ce99de925dc01c46ef",346,109,106,9.576,4.97188679245283,9,9.5,5.5
"665aee398dbb98e56d2f171ef0bee4f6fedeac43",196,84,82,3.912,4.684390243902438,7,4.5,0
"0fbb7000a8fd1f413cd7a06ec7baf2b1f6eb493a",136,35,28,-24.476,3.75607142857143,7,5.5,3.5
"081f6737145108d2cfb3e432f03d59670bae3ded",307,44,44,8.119,6.4300000000000015,6.5,8.5,5.5
"05ed34d40112c0d0c446cb9c00fa6e14851a7aa1",351,55,50,7.26,7.039795918367348,7.5,9.5,7.5
"72ea15c6a9c0f4f176da99e9dfd445b347c2e219",587,113,106,10.525,7.484000000000001,7.5,9,5.5
"76adaa79b0d19f7d32da3bf027c2b4fb995952ec",162,61,59,-8.617,7.783898305084747,10,8.5,6.5
"7b6c995004d7267af856efa19b12c7455bccdbd8",181,83,81,6.73,5.400000000000001,8.5,8.5,7
"0e0d9e9f9bc2173402e77be7eaaaf0d562168009",86,21,18,-46.537,4.743888888888887,6.5,6,4.5
"4e8a3d6c3bb0e0df7e39e93b9266737cda041fed",324,67,66,3.191,8.286212121212118,9,8,3.5
"3a3cf426569ff3ed1638fefb8d0a7bca73e0bdb7",81,29,26,-5.644,4.639230769230768,7,7,4.5
"5ea5bb39e36dd3e81ece42b2d6e19d0ed5150740",104,30,19,-41.013,3.1278947368421064,9.5,7,2
"720ce5dcaede4e84cbbe7874961853e416f0d2a2",209,101,97,10.397,5.283092783505154,10,5,1.5
"58ab0634383006fc63de206822832e26d4c06c3f",123,43,42,-14.92,5.40425,10,4.5,1.5
"59b2a9ae92876d8ce54309fe82bb92d7cffbc794",62,36,36,-25.205,5.125555555555556,0,null,0
"1fec28e4753dac81fb5354793029a3a2f81c7b7a",322,65,63,-27.007,4.789682539682539,9,7.5,4.5
"40741b5b2ac93f9d0eacd4a28b48508be0a378f9",106,35,26,-34.489,5.018076923076922,5.5,4.5,6.5
"7bb8bff124f651711732b84262474e1acba69082",100,48,47,9.418,6.016170212765959,9,10,6
"39ab839c37c0269b14691b473ad894ba12e1afbc",202,84,73,-2.634,4.122191780821917,6.5,3.5,4
"7f2bf222342aac2992fe15f12039b9f7123524c6",339,71,70,8.26,5.085000000000001,9,9.5,7
"13b9e4710dc86e953960ebd2fbae7721d24fdc2a",339,93,81,-1.574,5.8295061728395074,9.5,9.5,1
"04feabadb3e2d863eded075f541be8ff78d50474",199,81,80,-1.947,4.304249999999999,7.5,7.5,6.5
"013de369c439ab0ead8aa7da64423aa395a8be39",107,52,44,-6.738,4.983636363636363,10,10,5
"58dfdda4538b55efcc287512b508d9fa2638028d",258,91,88,1.936,5.967159090909092,6,8,6.5
"6f9c45656b2c3a8cd9c394c878d0ec7d738be090",141,70,48,-32.384,4.519583333333333,8.5,5.5,4.5
"16a221ec975ec0eb2fcf4acd69fe87281d585ca7",285,109,108,6.578,5.345092592592594,7.5,9.5,7
"33c8bfb97b43132f0054b97a2ebb0f5f3768031d",199,59,57,14.048,7.0900000000000025,9,7.5,7.5
"4d5f92f22244e37d20f783e571539a2d2e4e58d8",178,72,62,-7.901,4.146129032258066,6,6,5.5
"12f1e26c28f731fd2ad1787db42f4c13de432ea4",198,58,51,10.071,7.951041666666666,8.5,10,8
"5cc1caec2eb0968d6d30a6f95dd41d04e80c3f2c",2,2,1,0,15.430000000000007,10,9,9.5
"6941ef044510999dfc8a269ea9255f7b93505147",437,77,72,-0.932,8.92125,9.5,10,9.5
"533bff0c4073c53de80f7b88a1ecda9ac3878893",73,18,16,-10.236,4.612499999999998,8,2.5,1
"42fedf0a6f68d54738709e096f9352ccb17dc072",263,87,78,-0.472,5.127051282051282,9,8,3
"3ee8b93a31b564cdb14f3d62f08dd862461e0918",261,76,72,8.585,6.57097222222222,8.5,9,5.5
"60cfc94f336b294be80a5215fcd8f9a8099011a2",258,79,63,-16.959,5.613492063492064,6,6.5,3
"10208a0e6cd46ed16c4fd6b83f3993696ace5495",131,61,57,0.256,4.808421052631581,9,8.5,4
"4a0f49c2a5e9766ab2ea0aea95a12b763faff0a0",165,63,56,-8.435,4.020535714285715,7.5,7.5,6
"3e19ebd05fd2cc465feff2f681011181a78e1341",99,46,30,-45.157,3.6006666666666667,10,1.5,2.5
"60da060bd0084795a07f5e69e6884f7870822cf6",154,41,31,-20.011,3.4561290322580644,5.5,6.5,5.5
"3822d529be3c7a49da411682207b471d61822610",205,57,51,-0.75,6.145625,9,9,5.5
"5dc71a85b12614f2b7b995f3b9482d48f8e289e4",85,37,34,-3.916,4.1147058823529425,9,7,5.5
"6976ed8694419b21b0f2302b6d9db629ce0412e5",121,48,47,-1.323,9.162608695652176,9.5,7,6
"76f5d35cd62f4c2d48632c8b82a04bed0e161226",416,98,98,14.195,5.417244897959184,9.5,5,3
"59ee572da4b7c6d711c46542482cc65bdee55648",75,6,5,0,2.3700000000000045,10,5,6
"4069b40bebe0372926fcd92429f7431e300e6b52",249,119,109,17.292,7.302897196261683,9,9,7
"7186e8a3fb8c0322eee7e354ed8f1669885f6774",69,39,6,-75.767,3.551666666666667,null,null,0
"48832ca57fb72952c11805aa0975c2273273ba58",140,41,37,-15.075,3.3370270270270277,5,5,5
"5d2a4450b9548913c0ae383640f67de8ca10edad",190,50,49,12.196,6.413265306122449,9,7.5,6.5
"4d38a6fd027c342a0719d9e7d0f6bd3e820a238a",283,64,61,0.912,5.578524590163933,8,8,4.5
"29e04945ee56ed79c4e07198c0e66375428284de",151,59,59,14.451,4.70898305084746,10,8,6.5
"648b6d4b1c95ee18825cb3cdd69c033a10f3633e",177,71,70,8.26,5.085000000000001,9,8,4
"80a1456c85989c36b524eb16f1afdfa2c5480121",265,66,64,-4.639,6.696250000000001,10,9,7.5
"2f7ef2d7fa25c0f8d9de0a5ca7301041b9d08e4d",309,96,89,17.999,6.995842696629212,9.5,8,4.5
"391d18cff3df066db6fcc8dad718d325607e5493",274,59,58,11.458,5.32844827586207,9,8.5,7.5
"705c7f16ba723569db2002204ff748355ef80e75",156,43,28,-57.699,3.6596428571428574,5,1.5,0.5
"0155f91fe242fe55e1af631b0f0afbe9938b185c",179,46,42,-8.236,5.142619047619048,9,7.5,4
"0577e3c1b0a6df46c7fef07f400b42811cc77250",418,107,100,11.913,6.1038000000000014,9.5,8,7.5
"08838c74dc4154d8f49b1408d27fb46ccb92d329",215,54,42,-34.776,8.448095238095238,8.5,2.5,6
"4203f7e50c4e403622aeb1b6d39ca45285510aa8",407,72,66,5.598,12.237499999999997,9,9,3.5
"32ccec47f44931be75b93c598cb145c4803be980",144,88,86,11.157,5.452209302325583,8,4.5,4
"6f52fb961b947325347f9303798fa6066967e407",132,87,75,-21.491,5.517808219178083,9.5,8,5.5
"24a9bfba88ed640e9690cd9f6bf4a2985f78522b",115,65,54,-10.161,3.6044444444444457,9,3.5,3
"797a55490bd05c98e9b604b19c3ab90125c9431b",68,41,38,-12.116,6.123157894736842,9.5,5,3
"7faa61077b62629df7a5b7c828f98b2337a2dfdb",217,82,57,-26.059,4.291578947368421,9.5,7.5,4
"70586c4437f01c7ae612aa151f53958ac10a412e",694,115,108,11.902,7.218611111111109,9,8.5,7
"6f99a507851fb9a8ae9776ede538789cae61a22a",97,41,32,-14.798,4.600937500000001,6.5,9.5,7
"32b47658ae606bb95f1bbf1e1dc86accc255e926",330,107,80,-6.074,6.231772151898735,10,9.5,4
"28940a6516bb354b4172fe3524f8b7328a5cf2fd",243,71,51,-17.051,6.0200000000000005,10,7,6
"26cdb442f5361c690f8045caf5e026e7945e1965",235,86,50,-31.172,3.1774000000000004,7.5,5.5,4
"0248e16d134e1bd5b4352701e1f23b904b7c4cdf",206,50,48,12.881,7.76695652173913,8,8.5,7
"5ca41a01a0d23780fcc2f122f7303701eb991a4e",283,102,102,20.678,7.218725490196076,9,9,9.5
"4f12a32bbef137a864b199061b62d35b4002e6bd",282,65,59,-9.014,7.5610169491525445,10,9.5,7.5
"4a8923bdd6d76861d91dce4b2670c04da6b45350",204,71,69,6.927,5.010579710144929,9,8.5,9
"7e783577c8297bd74f8f12a2d4787f9cdfdfee02",141,82,72,-16.54,5.048750000000001,6.5,6,5
"1587f82c10e4a0f4241b317cba4fb5691bab07a1",217,98,98,4.507,5.228265306122449,7,5,3.5
"289a5bdde1fa9c49f221f19a10f636e81da724f5",244,94,83,-9.821,5.396265060240963,9,8.5,6
"061a128e882272cd17340c8feb637cd0ff9e5dbf",195,79,75,3.457,4.619866666666666,7.5,8.5,7
"347b6f40dbac97bd24c857f37744f2c4fd590cc8",149,64,61,-1.2,8.08639344262295,9,9,8.5
"4528fc0fa6d591a221aba2cd316264877b73bbb9",57,20,8,-60.15,3.2212499999999995,5,1.5,1
"25fe3c7b5bf2d814b49ed3523b5a27c744ae5513",88,17,13,-35.248,4.43846153846154,8.5,4,3
"3d1c486e68c08c272379fe7eeec4d38e75f54ae8",135,53,51,-14.61,5.523137254901962,9,8,5
"172ed6401f9b9f97f6603c04fb2be3a83d495f12",154,55,42,-14.561,4.801428571428572,6.5,4,5
"05203b8a827f60a7cbb49a7d04a0b45dae39fa8d",696,113,98,2.259,5.461145833333333,10,9.5,7
"4c0740a4fccc2e15f52d77bbaceccfc1ffe309c2",242,105,98,9.748,5.897653061224491,10,9.5,5
"2a6a418be08d9f0184a804b2700a0d58950b219c",99,45,20,-68.895,3.0165000000000006,9,6,4
"4d9d9337a0bc50984b35ecd772dee54b88ade32f",129,39,32,-25.943,5.3824999999999985,7.5,6,5.5
"2572a6a2ba5183ab68c3da80b69071a6a05c3b84",451,111,107,13.332,6.534150943396229,8.5,9.5,7
"1c34dfe9c77773e6949a4d248b25897b3f78349d",156,62,56,-2.775,11.600370370370369,8,7.5,3
"024af5e4f76c23e7f08616c60e595453e538a1ba",260,90,78,4.156,4.6793589743589745,9.5,9,8
"22deb5e56e580b0b0353f10e076cad95a3b8e631",307,114,103,12.918,8.575145631067963,10,10,7
"81f9930593d1612075b0a4831e1219e9ebbe5aac",280,113,112,8.882,5.441607142857143,7.5,8,3.5
"3853851c5433317284f37cd530d642560effc35a",231,74,72,10.182,5.341249999999999,7.5,9,6
"4a2ccd362270a02afdf8a1647576ba56a525fec8",233,83,80,-2.491,7.167000000000003,8,9,3.5
"6f5b8f8813e31d5f85f814585ee37e835a6c766b",457,104,98,9.367,4.9569387755102055,9,9,4
"3b3559f14b77090ee6063be193efe80b19bcc591",692,100,90,3.384,5.730666666666666,8.5,9,7.5
"2bae7a494d77c9c7cc0ccdc65a1915d25e31d2d5",489,125,113,12.519,5.901287128712871,9.5,9.5,9.5
"6a535ac087403316d625c2ed4d5108d7d2d21edb",343,110,98,9.185,6.353061224489796,9,9,6.5
"33c9e776300c7de11e0736b069b8e5042372d418",276,67,65,-1.571,7.18723076923077,9,10,6.5
"5ebe95d992ea2c39c13123c6174d22b6945291bb",206,68,67,-35.442,5.691044776119404,7,7,4.5
"1f88d783ff0c3a19a1d34b4e45d71b4f9b14b976",278,112,112,8.882,5.441607142857144,9.5,9.5,7
"4bb463f3e32f05b9a1e323adc2a51603dabc75bc",88,42,41,9.195,5.379250000000001,7.5,5,5.5
"58f61331a385caeed17baaf54abea308426d50fe",833,110,109,6.393,5.542018348623857,9.5,8,4.5
"2826a109ddc9b90686ec063ba1f90c72c655f8e7",142,61,61,17.78,5.75360655737705,7,9,6
"80dd54e80df2e8833ebb3927fd55a514dcfe637d",263,66,65,24.447,5.786615384615386,8,9.5,6
"5e6c70b4de90c2415359c22c351d8b827d22886c",250,102,99,11.987,6.4502020202020205,8,9.5,7
"10e3359db56b99eb2f621d7c875f3c26cdd01a64",291,91,88,1.307,5.145113636363637,9.5,8.5,6.5
"33b6ac5e8631fb9ee19cfaf3dd4a93928d47bcc3",232,105,91,-0.991,6.079555555555556,7,9.5,4
"52f3954a2463ca97c884b6ad6d89f8fcc91696b0",319,91,88,15.141,6.180340909090909,10,8.5,5
"092370bceb84374c83ca09e8d8f93c837d923bc7",216,66,66,3.57,8.286212121212122,10,9.5,6.5
"2ad77f650b2381bbdcc0011fe5d9bcffcb109831",360,113,111,6.923,5.54009009009009,7.5,10,6
"495933d0ca16d77c1ef1587e29f5477513109a5c",331,110,110,8.06,5.539545454545456,9,9,1
"3a27f4f6ce9cc005a8f1a5f7441d26db75c9cd2c",262,94,80,-0.095,6.33275,10,9,8.5
"12aa60fde9ce650c25faf60398d3c071cb80c1b4",425,111,109,7.26,5.446880733944955,7.5,9,4
"271c95c3471c6588b4b9ccda962ce197fc94a9b1",150,102,102,-3.023,4.817941176470589,9,8,2
"7ee4cfff4c6cd84aa82b14208a75df86bcff9fba",230,98,91,-13.339,5.554065934065935,9.5,10,7.5
"491ae8a65839fc737fb2c3e6ed06b990c7f36dea",225,76,66,-4.82,4.213636363636364,8.5,8,8
"6fc4ddeb8a68d05ed8084b0d59d038f3649c10d9",148,48,47,10.529,5.9221276595744685,8,6.5,5
"4178750f206a91c5b1cf0c5ac6a4021d23912736",122,38,34,-36.073,5.646470588235296,9,2.5,2.5
"2536ee746de2df68642ecf71037409e47fa1941c",96,46,38,-1.095,7.7523684210526325,9.5,4.5,5.5
"49a4785cf7286dbb18206e3847f164b1af1907ed",111,62,62,2.157,4.306290322580644,9,3,4.5
"820104bdd2c9a722be349ae3a23eb42926eac969",95,27,23,-16.455,2.963478260869566,2,3,4.5
"68f0e46e53ed6791407294aa4e797d7d17a2b677",90,40,39,2.528,5.818205128205129,8.5,5,6
"180a4c5f90b6d7bd4993c51385fb00b4d32d2834",12,1,0,0,0,10,4.5,3.5
"69826691e86b5085226acbcace467f656b83880e",233,104,99,11.61,5.596565656565656,9.5,10,8.5
"30af7a50bb0bc62e730b65f59788dadf102d49b1",141,74,71,26.458,15.283043478260863,10,9,9
"45e8b53fe4fc590dd9c7564fe2c6fa3ede58fbea",738,113,110,11.798,5.28118181818182,9,9.5,6
"530d2bc8c65a9815a0b2c7dcfc98866f760b433c",316,103,102,0.316,6.237156862745101,7,8.5,6
"0eb93817d6eb3d5bd3e44dbc75971eea193b924f",5,4,2,21.241,25.839999999999996,null,null,null
"13293554378a8a5f29de5440ab1c49003af0214a",301,71,65,-3.61,7.89484375,9,9,7.5
"0b066d297dd2f4288d95b0f4a92a8af79b542bf3",144,82,67,-10.122,4.344477611940297,9.5,7,4
"759ad13a7de3fc28a9ab95c56d2845442528e907",337,78,76,21.424,5.2598484848484865,7,5.5,5
"8319f9e5000e715c176f1de5d0e33da0b25481f3",250,86,78,-5.966,3.991666666666667,5.5,6.5,5
"51501acd2a7cda8d6f25524e34d6e3dd3c6088ee",397,131,118,16.155,7.299908256880736,9.5,9.5,7.5
"749e9b42869140690bb32bb198ccab1f899cc36c",181,66,65,10.985,5.7586153846153865,9,9,9
"0d667a9fcdc7162fa7182f0e14302a56dbe700c5",80,17,15,-46.755,2.680666666666667,5,4.5,5
"370a904c5a7deb4ae08f111c87564b0180d572b4",30,13,9,-49.424,4.802222222222222,0,2.5,0
"456ba3f2e4bccbd1146955cb3f0438260a04f7ff",93,59,57,1.278,4.507368421052631,6,3,1
"299ff5851760da9a9d8b8f218dc82b573a397d51",365,109,100,8.726,7.419900000000002,9.5,10,8
"374725662b17c0d200a5d372579406bb4d830bb5",279,84,80,9.814,4.882999999999999,5.5,6,5.5
"2e1dbf534b47dc518c2d4d577d312f6969d9e6b9",19,10,8,-1.968,3.313749999999999,6,1,0
"4ef92a2d691e24dbfc22f9e0e4a6bee899ccf849",141,92,92,-1.184,5.519130434782609,8,8,2.5
"694d92685feec07c62b8aa4ccb73b39390f88515",125,46,38,-9.317,7.533421052631583,8,8.5,9
"6dda317baa40f25506c299715efce489b916e52d",333,113,108,8.094,8.089814814814815,7,9,7.5
"766fb145487f13f1cbb3fae79c2345c8786c1542",531,104,99,10.7,6.230202020202023,9,8.5,4.5
"1e055a4ba4266c760d42cc958ce119d344f402f6",218,60,57,11.34,14.9025,9,8.5,10
"34f6fd0da81e68652a26b633fcb7d4d4169e2e75",368,74,73,18.929,11.922352941176472,9,9.5,7.5
"27ac09df014fc0454129c9953b06f2dd9b997fa9",243,67,66,3.655,7.939242424242426,10,9,8
"6a24473bc7b7d3e0a711d9195d9f792a24352436",228,69,66,2.265,8.286212121212118,10,9,8
"5217ebf6230ffeecc7da9c9043cd1e484c78509b",283,119,115,16.706,5.850260869565217,8.5,10,8
"76cd92b2caf3ba3f11f97bcf4e037fae81122578",225,59,59,12.791,5.472033898305085,9.5,10,7.5
"5a855637085d9d212518c84446e98888f0667f2e",396,118,117,17.632,5.935555555555554,9,9.5,7
"127974170c7fb2e3945a3c5b666bb7f6dadc87ad",285,113,113,0.727,5.483893805309736,9.5,10,6.5
"41438ca9420c379467e8ca3456fc003d76bc99e2",294,95,88,5.052,4.8264772727272724,10,8.5,6
"286ccf0d6187c170c299fa64d15a3705e7900a33",187,77,72,-16.737,4.101111111111111,9,7.5,3
"502b640d7a4830b10924009c39b4dd34a4c600cb",363,104,101,13.125,5.944158415841583,9.5,8.5,5
"75c2aec59b46e4c6745540c0af596b8cc6db5cb5",191,58,52,-14.816,5.08903846153846,6.5,6,7
"2427d12cf7a43c66b921bdd9de261fb9b452b2b9",36,10,6,-49.438,6.945,7,2.5,2.5
"52d6dd781d58e55171ace76bdfffe7181f5a916e",194,65,58,14.181,5.275862068965517,8,5,6
"1388c66d46212d87c084af2a8fdd0257444ce868",151,98,98,14.195,5.417244897959184,10,5.5,3
"442024511cb1c5761a86578910e28f236daceb2e",261,107,101,-1.674,4.762871287128714,9.5,8,4.5
"045792bbf5167d31c0064c8520d189a09f276502",214,71,70,8.26,5.085000000000001,9,8,4.5
"5e092e334855a0d8739d53c39798bb26f3376959",247,74,72,8.26,5.085000000000002,10,9,7
"73c938c3db512a2d6b136fa924a8ed2e608b7790",228,101,92,-7.554,5.36445652173913,9,5.5,4.5
"26374d5fbb53e326323e8de92a0745452c1142cf",143,71,66,-2.308,5.075909090909091,6.5,7,3
"4058bd26eee2f8affafaefd2b59b97c358e826cc",302,100,99,-1.906,5.232020202020204,7,5,5
"32991cd9c0115e4bd4387c8fa3ed559f4eba345e",152,57,55,-14.83,3.5379999999999994,6,5.5,5
"47b12b77df06d36f3a51ad5cc5f0dff47ddc9103",226,98,98,14.195,5.417244897959184,10,5,6
"62b816d8d256303699a90dcb83b99804366a17bf",124,51,48,12.328,5.633750000000002,9.5,7,7.5
"4b8a55e82d9825fa7440b91e638577957567752d",193,73,71,6.247,4.8804225352112685,7.5,10,3.5
"2ffa1b41cbeda2e9683f9d608b9dccdc31323452",61,31,29,-12.472,5.679310344827587,8.5,4,2.5
"0af47eed4e0bd9c21637fc39db8fc17fedb6b1c0",200,101,92,8.481,5.024782608695652,7.5,4.5,1
"4ecc68ce80251f0f7ed752443a85e54028a20d08",225,102,102,1.427,6.3095098039215705,7,5,0.5
"21ab308abfa9829fcac76f8286d624afae8848aa",129,41,39,-9.142,5.41153846153846,6.5,7,4.5
"4dbe8c25b64077b21bf5cd971f115f2e32109c44",122,68,53,-19.998,5.013018867924529,8,2.5,3.5
"3be1500e597852e42bb7fe17591b933e0bb44f93",110,54,50,5.88,4.288200000000002,7.5,8.5,4
"056711f171807d5b28f83e7afeb3d7e18ec3a5d9",158,30,26,-41.048,4.241923076923078,10,4.5,5
"062e8c58d3f85428aeed19095d12dcab6806f2ac",189,57,52,-19.412,5.873076923076924,7,7.5,7.5
"4bee553c59acf1a22de81ef5c794c44f6371da0a",117,46,46,12.881,7.766956521739131,9.5,6.5,5.5
"1271071dc622e3a72b0ef187b6e955b9d59db5f8",83,19,11,-61.729,6.2681818181818185,7.5,0.5,3
"016f87a7bd87f233a8633fba8a1ca7ef5c3c63c1",364,78,68,-9.459,4.956323529411765,8,8,6.5
"72d8b05bb5beafe074185bec53d1c5338009a0cf",129,62,61,4.767,4.303934426229508,6,3.5,3.5
"7277ea28c0232720e23ee3ba0dcbb84a273aa53c",307,67,67,-5.351,7.927014925373134,10,9,7
"4e895c502e5446c21dfe7fd758e1336d2e66ace1",406,99,85,-3.834,4.896117647058823,8.5,7,6.5
"14a29b0a13697ed0e000bdb9f374180ccb495a2c",222,95,89,9.59,5.355955056179774,6.5,8,5
"0f8c46242826be3cbe5e14f5773ee1da97697024",229,65,52,-10.06,5.256923076923078,9.5,10,6
"5c8d3dd9026554402b67ab061544d47532898f6f",404,105,97,9.488,5.690515463917526,9.5,9.5,8
"655f5a83c42ccc83c7c0ac2caa5cd8237e685751",206,89,78,3.304,6.348311688311689,9,8.5,8.5
"816dc441871b06aa3616402b7d2635c5b77f3d8f",433,113,112,8.882,5.441607142857143,9.5,9.5,6.5
"76a99a326da360af0510be654283819bb4717d9a",345,77,74,15.389,12.15342857142857,10,10,8
"2855b4b4d03c37c94117e615a25e0e321ec8d77a",11,5,4,61.241,46.787499999999994,null,null,null
"4b09f1427ce0578515148e3300abcaf95ff3511a",78,38,27,-46.254,4.761851851851854,6,3,1
"00b6dd4fc7eb817e03708c532016ef30ce564a61",147,46,46,12.881,7.76695652173913,7.5,5,5.5
"1fde2156c0969b0aebe55ebab7ad14f529a492cf",462,106,106,-4.076,5.311320754716981,9.5,9.5,4.5
"62fc0f9bb12436fd47d1b4750e4f17601ca459d5",72,25,13,-52.576,3.059999999999998,7,4,2.5
"28b6c6604b111cc912e369256cac2bf944041a2c",291,103,97,6.259,6.577789473684212,10,9.5,6.5
"5087b52a3ea36e6b24f13b867546d94cac05b299",256,58,53,2.78,4.97622641509434,6.5,7.5,1
"469c5d7634f0e3277f7bc8edfb3d9eb291fc6199",296,112,110,14.337,5.838640776699029,10,9.5,4.5
"1438feeb138cf0a2ac3e5583f5caec35e3104234",178,47,43,-0.45,4.691627906976745,10,6.5,5
"253471036c41eba7c24bbb6e77d4541c95bbb5b7",46,25,20,-19.869,5.063500000000001,8.5,4.5,2
"191ba6c8fd27e676f8c2f5341bfaf487765fa0dd",55,24,21,-9.371,5.280952380952381,9,4,6.5
"60559a031815bb92037cb31299fdb443227a4e06",269,65,60,-1.423,10.705964912280702,10,10,8
"791e60a07f6b6776d54f791791828b1895c9b670",48,26,21,-36.228,3.6419047619047635,4,3,1
"80c6f8b8c212e86aac90ea06ba6dff1bad8b5541",183,102,98,-2.554,5.198469387755103,7,5.5,6
"46c49850a9aa3be9f66161090ac1f0a8796b19ff",119,54,49,-16.784,3.528571428571427,7,6,5.5
"1f641156e4298943167e0e1ad7a63696ff3bc17d",188,53,47,-10.46,9.547872340425535,8,8,10
"2383a9a33025aa8759fee9a890f6420df0fc8b47",25,6,3,21.241,42.18,null,null,null
"6451995ad71437eece77b5677b3d5eead3b2d45c",201,98,97,11.111,5.683298969072166,5.5,8,4
"643e211337d8d4a3d2c12ab4ba804814dd977354",280,67,64,1.339,8.217499999999998,8,10,7.5
"4e662a9d37f64c95e5cd3e85d2d5f0d5be60d20b",329,106,103,13.125,5.6029411764705905,9,8,5.5
"2396ff874216d36060ef615c0531d71684b30b4f",216,63,62,4.752,6.464999999999999,10,7,5
"5776c4c0f98d7aadc199a8f60beab826403cf54b",89,31,22,-40.803,4.623636363636365,7,5,4
"251d2672c6ecd01a83e6fa19483d8e57ef5f45a5",281,67,66,4.033,8.286212121212122,8,8.5,8
"22e1f50c4e471c3ba307802b396b7d0a16706005",224,91,87,-10.71,4.724597701149426,7,4.5,6
"0f0664021ebbec70b1d3bb5a5419e22507179671",314,110,98,-2.739,5.770824742268042,6,7.5,5
"247df99ea72a42d6c12d6bd7b58ca0b2e163182e",250,94,94,10.195,5.330851063829788,8.5,8,4
"28bcffd0bfcfb54b43119a7b5397a3bb53278e9a",242,47,39,-19.633,4.367435897435898,8,5,3.5
"2a9497dcb278dde20143d0cb9a57e5cdf3763a8e",496,116,112,-11.498,5.465000000000001,9,10,8
"0d815307d5307124d148bbebfb41497230c4bd15",10,3,2,21.241,31.154999999999998,null,null,null
"10253729dc5e3b0b2d3dddc37638199910394daf",364,105,94,6.534,5.19148936170213,10,9,5.5
"59f38d3a08147f85dd15c761489d7e3753cb585d",131,65,60,17.306,4.8258333333333345,8,9.5,8
"646c8737a68c560054cc624da19920821d13990f",191,100,97,-3.142,6.355876288659797,6,6,2
"4bed6361746e48435a9be358a5bbeba59696ab7d",148,61,61,8.964,6.403442622950818,10,7.5,8
"2852641e2b7b084ef62df976d53340ead50e5e76",108,77,70,-9.431,4.574857142857143,9,6.5,3.5
"6d7ea5662a0aadc0fee9f82c02aa5e54da77f277",156,38,34,5.149,6.998823529411765,9,7,6.5
"23e8b9776a349c810234bb174f7326d14c89bce5",20,10,9,-19.293,3.226666666666669,10,9,4
"55095065546685ff2d583779d38978a2c0132ccc",137,59,59,12.791,5.472033898305083,10,7.5,7
"1e4b0ce4b171b3e33195524f6a6425a1b8f98597",169,63,57,-24.802,5.001785714285714,8,8,7.5
"7d111d42f139f151fc24ddcd89c3064467ebceb8",220,81,73,0.808,4.769315068493152,7.5,7,5
"802b44166f1c38ec00397c57abdf65b7596b9f0e",175,65,56,-16.697,3.554464285714286,7,6,6.5
"47aceb292c673f98f059ec36af314cb1c8894405",138,43,42,-0.582,5.630476190476192,10,8,6.5
"844f5db2e7e31ae51eba025480679ed7e4708ac6",357,104,102,16.57,6.689799999999999,8,8.5,6
"358cf36e763ba00426124c74961d59614fd9476a",231,63,63,6.819,5.5619047619047635,9,9,8
"1e6562ac23e7980dcf32fa8963837c68dafc906f",120,53,46,-25.555,3.525434782608695,6.5,6.5,6
"3f92f0a8c1729579c08e921fc041646ee2b50075",183,80,73,-2.246,4.672465753424658,6,7,5
"2fdf9d089409fcb9c3728b0a61bb0a00fcc85db8",573,74,64,-14.352,8.674590163934427,9,10,8
"3e72f16a86233e81ccc2c9831c0297da6cca36e6",302,103,101,9.398,5.655346534653464,7.5,9.5,6.5
"73af3f8e00b50a4444bbbb431c83075dfde4cbd6",9,7,6,0,13.893333333333336,10,8,8.5
"05b134c1a682085880fb7ce76d221a48955e5b8a",235,55,46,-14.271,5.580888888888889,9,10,8.5
"47d128f1f6010bd042dda2bcc68d710956fdb74f",400,116,116,-1.23,5.996,9,10,8
"37ff40068998a37a4e2c73bbb325103500cdb0e0",95,51,43,-9.218,4.210930232558139,9,8.5,6.5
"057b868ab03f5596f4a8c2e579c401f2fe9a2dfe",41,22,18,-15.755,5.367777777777778,8,5.5,5
"3a25a7b40408f3636b36d763cadc72c5ae6b628e",222,87,79,1.517,4.732278481012658,8,8,6
"41c2ea992ebadf309d399ecabb99fba4487e2920",198,71,70,8.26,5.085000000000001,9,8.5,6
"4c67cde88abaa3210919405fdb1b202dec23b08c",143,61,61,8.964,6.40344262295082,10,8.5,5.5
"4c390fed4ec7007f13b91f39d3d4d9ed101299c6",196,29,25,-29.389,4.7084,2,2.5,3.5
"197914fcc84fa89dd136503225f5ecdbecb2600a",170,110,109,7.319,5.535779816513762,8.5,8,6
"70b721dc3c7f45470e2eee858547f0546801327b",244,98,94,7.67,5.400106382978724,8.5,9,6.5
"4f7428b95565a938b2562be952beae6d6983f32e",223,69,61,10.935,11.803,10,10,10
"73a272eb71cab822302a981b1748230c3ec8b8ef",244,104,102,0.17,6.363137254901962,7,4.5,1.5
"83c0d2f69c3628797f0d6f343c4cd6276dc9d15e",192,89,84,-1.309,4.532857142857144,5.5,8,8
"573b114e6e803fdee6f8c4dec2edd8fd37bbecc0",115,45,44,-13.232,6.332727272727274,10,8.5,3.5
"20efb5f5c748870210f094db59aa50c4360d32cc",358,102,98,11.003,6.131428571428573,10,8,4.5
"46bd0614cd76a4fa3af7d06e5feae3db673a43a1",125,43,42,-1.49,7.546666666666668,8.5,8,8
"5eebebef2194643799de3dbdbb098cffa856d37d",355,59,52,3.458,4.799615384615385,10,6.5,7.5
"58616da3cef2b76fe70a90919a689b8f38ce0030",119,29,27,-22.196,5.80888888888889,8.5,4.5,2
"117d3bf4a5deb7a9f3422f088e10bb3f8eeb7e12",243,89,83,1.442,5.161807228915663,8.5,9,7
"309abbd71d6dc57c03605bdc4ffe90dce74c4f10",104,32,30,-18.428,5.560666666666667,7.5,4.5,3.5
"4e1cce9ed2c3033338382d755820b85faec9a7b3",322,91,89,-9.886,4.725168539325844,9,9.5,8.5
"7adf3466bea259fdaa24fa131ca2c4d63e9a59e6",206,44,43,6.453,6.920697674418605,6.5,7,4.5
"77454c216b4f9b1e291fea17f31a824ef4d0a4a6",249,81,68,-9.353,4.488235294117647,10,8.5,4.5
"26b95825d4fbeaeda7cfab5f5e7cd96ae31097f9",236,46,46,12.881,7.766956521739132,8.5,6.5,8.5
"063c339a318b967ec77cd523f9ae4c62a7afa083",280,66,59,-10.475,4.001864406779659,6.5,6,5
"77f0f8d9b0f3d59cd0bb01ae985a5ada6fc14dc1",286,97,92,7.245,6.75271739130435,10,9.5,2.5
"0603b8a222e368a7727190b2883c7ad7b96ce5ac",246,64,62,18.614,5.075483870967743,8.5,8.5,7
"629ae2687f58e75ac2bebadf8adb71b3fdbd7c11",407,110,110,8.06,5.539545454545451,7.5,8,3
"62c35ca39326ade9737d75b21c46054e64ab67f9",134,46,29,-37.297,7.665172413793104,7,6,6
"6988cfcd0c8de2ee3ceb97a74aec90558ff0e26a",229,104,99,2.426,5.420208333333334,9.5,8,5.5
"3e572871d05f7888784ac55985fd52cd1c7aaa68",136,60,59,5.109,7.981864406779662,8,8,6.5
"7df2a39d7e572a525fc26d9633039d83b900ed61",133,62,60,2.033,5.026666666666666,9,9,8
"0e346c62a6706465a1c49c59224eed1cdb5f7f5c",174,59,58,13.499,4.511724137931036,10,9,4.5
"697092af2e2891b76d0890069566c03468f975c0",166,59,58,11.458,5.301724137931036,10,8.5,8.5
"390881963c5fbcde08d9cbc2ec73846bd8eabaa2",239,95,84,3.452,4.515714285714284,6.5,8,6
"6cd8d19ff2089fdfa9cdcd521a40b1e247c17cd1",468,103,97,10.009,6.205567010309278,10,9.5,7
"3d9f8d11f15cce877a0766d08a6a920548041407",174,104,91,4.553,4.70835164835165,9,9,7.5
"1b30ad6d355a521cb70e2eff2efe28c3d2fcec9e",151,37,30,-23.118,3.936333333333332,5.5,6,2
"4455e671bb93d6652e42fc0925b3cc47cbf6326a",97,48,33,4.302,3.0169696969696984,10,9,5.5
"0bf71ee0dbde0fb1033887111d3094c61e66f44b",145,59,55,13.125,8.275454545454545,10,10,8.5
"073de6e606b6b7f3f44a8e8301ee87c3c978a2e2",367,99,84,4.317,5.805365853658537,7,8.5,4
"21a401ad12c3345ca4c3210d5d3c69db10526b98",362,106,101,8.983,5.682079207920791,9,9.5,8
"357ec20d8f9f416f9b02b0f54a81d3f409d074e9",328,99,89,-20.747,4.334269662921348,9,9.5,7
"3fcc971a36a031eba3d5b8ce7a9181a4732a6cf0",201,89,78,-5.695,4.085384615384614,8.5,9.5,4
"1032e725ab35f7bffc504759477f8243066a026b",163,50,50,11.516,5.303399999999999,9,7,4
"6dff6f1ca71378339e605de17936cff49dca5486",210,84,80,-3.184,4.529125,7.5,8.5,7
"36f6af52bd08c15b005618724931a558fa7049f6",186,50,47,-6.989,5.239787234042554,8,6,4.5
"0a9b6ec3e82e8a2527b21eb3420a6d9b72f4f71e",233,62,53,6.299,10.0277358490566,8,7.5,9
"5b49ef6e8a438750ee1aa79f7ef846fcb7ca2005",188,57,41,-20.785,7.162439024390246,9,5,5
"09cbe188b9d1e965edf6c1c46a96b9306ec2f329",560,104,89,2.259,4.982696629213482,9.5,9,5
"1004df3c370eb09604c10fd89f9e86a2c037a7dd",87,29,28,0.238,4.447499999999999,9,2,0
"2b1f3237bb60db7f72540e004a1596c7ff3fd549",315,104,90,4.759,4.793555555555557,9,9,6
"363f5d64f8c70c78376d1b5f9485511daa5a9d8c",279,38,35,-2.893,7.036857142857143,5.5,7,5
"04fea422f4b51279771239f896f7acb7224a2def",244,110,109,7.26,5.529357798165139,9,10,6.5
"076cc92aff4d582b4b87ff0d111496e4a646b12b",178,70,70,8.26,5.085,9,8.5,8
"7a7bd043dfb44f7b90dcb37b669e89afcd79d234",43,27,18,-53.07,3.101111111111111,4,2,3
"1db8dc5d1005cd6d742fd9bfba759aeb2babab66",262,104,101,13.927,6.1980808080808085,6,8,6
"0341249377940c004d0823408ace7cddbddbc923",294,71,70,-0.586,7.164057971014495,10,9,7.5
"1ae3ba4f07f87302215a9b35d195bfbeef187ebc",311,112,109,2.544,5.243761467889909,9,9.5,7.5
"1f15254ccdc062083c8f4e02523e18c2384dc6e1",414,116,111,-0.592,5.250540540540543,9,9.5,5
"8481a7f00c3d30473b01a8a3cff2564948d24902",54,24,23,-30.855,4.091304347826086,8,1.5,2.5
"7a0e5d245539a1b2906358ad255a4375f914d37c",161,56,52,7.519,5.261666666666667,9,8,5.5
"7855b4de6d964e1f7477a3a40d384de9f4602f49",414,91,85,-0.389,7.258235294117648,8,7.5,7
"0aff6f7083979073168bbdd6c227015eb09eced9",126,43,40,-8.406,4.2425000000000015,6,3.5,2.5
"5af239a466d0a8e17a8daf66709fded23576c37d",240,96,92,10.893,5.244565217391305,4.5,7.5,4.5
"201b7f1b1071911915956b1d54f5b7e69a7d7cb3",163,41,36,-24.845,3.8188888888888886,8,4.5,5
"26bf2e6d5a634712af2f46b7057a83a4052ce9b9",208,43,42,7.114,7.6692857142857145,8.5,7,5
"6b1996be827950638657d6f5a23f4ab8a5a13be5",291,90,85,5.517,5.104705882352939,10,8,6
"463ef2266d31ca7f0bca92bfcc9ae7301addb58b",109,46,36,-31.813,4.476666666666667,7,6.5,4.5
"83d335d59714648643c6ca68c522a9a37bc9d8ae",83,32,32,-10.108,8.060312500000002,4,4.5,2
"37593f2cd1d978efb79e32ed6981b74ad8523ebd",434,105,96,2.259,5.317634408602153,10,9,4.5
"404b067bd1dc212fb28d256714a9dc430d5e65af",199,64,59,4.715,12.963050847457628,9.5,9,8.5
"36a292355e4b31b866da368ac2bc7902a72d4db2",153,53,51,6.832,4.4421568627451,10,8.5,6.5
"0aee33404db5dc946de8c70be37c6e82582885c6",244,57,49,-7.614,4.927608695652173,10,10,6.5
"1a4b69992c879b4e5f64e848ffdddc2f2f401e44",282,87,66,-17.769,5.000606060606062,9,6.5,5.5
"0cab57d7705bafe60116d29a1019a774cd661f02",212,100,98,14.195,5.4172448979591845,10,9.5,5
"34a187324e5c8bb2723a6f51a038acfef94a7538",327,52,49,14.048,7.288163265306123,9.5,9,5
"2f4cbc9afdd23132d572c5f7a81b4e9b19b8081d",151,60,54,-29.343,4.903703703703704,9.5,7,5.5
"494ceabf1266854738ca9832b601000a8a3cde24",161,34,20,-51.58,2.6811111111111123,1,5,3
"2f465acb00ca28cf6a7ef4b71b4df1208eb8fc8c",222,67,59,-16.026,6.182909090909089,10,8.5,6
"746be138d650a2627e814da73cf09cfbf3127bd4",18,3,2,-69.597,2.2349999999999994,4,1,1
"81fcf2e137c8587b8663ffec7ba1d8184be705b7",63,47,42,-21.871,4.256904761904762,8.5,5.5,0
"7316452530dd2fb2eb68d1fffeebef98bb730ae0",145,53,51,13.601,7.105686274509804,9.5,9.5,8
"017ec1bbad0d598e5a86ac3bd595b870b6456e61",218,91,85,-0.598,5.60458823529412,8,8.5,4
"21661552706810e470f97f098927a2b89d9b9eaa",308,100,100,18.632,5.721300000000001,7,9,4
"68c8fbedb26cd1376389edb04626dbeb90a065a0",203,59,55,-11.961,6.563454545454547,9,9.5,6.5
"49da363dc17a0db86c70a20f515608629bced9ed",108,43,43,12.67,7.663488372093022,2.5,6.5,1.5
"63de421fb8d11a118ae783980d2e204b71e4f2d9",275,98,98,14.195,5.417244897959183,10,8,4.5
"06b43a9d40f16603a72a6333318a5086b7bb7e12",276,91,82,-3.882,5.454146341463416,8,9.5,5
"5d7aa061832e40bec792c52ef42de898a5045a1b",423,112,99,2.864,4.443333333333333,9,9.5,6.5
"1f7be2d565e2629c4ffe64c30c41252de69300c5",160,49,47,8.492,6.016170212765959,9.5,5.5,2.5
"2639449829463fd12c2b9ba6fb9ea1c56e94385f",309,105,103,14.034,6.660485436893205,9,9.5,5.5
"2e22e4cd67d6f2e9f70782c69e67f4d15bee7d1d",705,121,119,14.816,5.35377192982456,9,9.5,9
"195aa2f618f1001a6ca4da0300dd8bb798013a73",338,110,109,6.883,5.543486238532111,9,9,7.5
"72ebebdb431cf5dbd216ed0c16660f40a963b082",255,89,85,2.509,6.795882352941179,10,9,3
"5055b8d5ef881bdbac3ff865d6f97249b0aa4bbc",133,54,50,-16.827,14.395599999999995,9,10,8.5
"49d11fa2e8d68ac09ecdacb94a96c95c95205ff9",231,103,102,1.427,5.437058823529413,8,5.5,3
"0fc728b5b267485042d587eeac067b6c4e2a1d15",243,70,70,13.371,4.291857142857142,7,1.5,0
"01122b3ef7e59b84189e65985305f575d6bdf83c",195,66,58,4.55,6.1139215686274495,9,7,4.5
"2813d0ddc37e34a25e798ebf8c8ecb2fc659e8b7",157,88,86,-9.718,4.787790697674419,8.5,4,0.5
"05f7b04136abf33daf80973c0942a91751222e1e",171,109,101,-0.213,5.589207920792082,7,4.5,3.5
"3d085aa7161eb03884e0a1e98d90f8d46e030d1a",237,61,49,-10.556,4.401632653061223,9,4,2.5
"2d450fbabcb95dad1b49ce3a6c70ee6fd9ed6c68",264,60,56,-1.013,6.350357142857141,8,8,7
"5832a6cbeea8c9e6efb82a284e135cc58f201920",307,91,75,-7.324,4.986933333333335,9.5,9,5.5
"6881032aa20fa792984ffb15d6b043b4228c1070",586,108,106,4.761,6.613962264150945,8,8,9.5
"3949c822529f6d98d518b762c7b49b030685ddda",285,76,69,-10.949,4.299420289855074,6,8.5,6
"45147b7f31a588b0c4245845675f7856f4dfae30",101,34,27,-21.524,3.877777777777778,9,5.5,4.5
"0538762f44e8dfb07dc26c8c771f06080b9b2dee",120,41,41,6.188,7.143658536585368,8,5,3.5
"2fa2244e6e21b8799c5210d92f8966838a43783e",325,114,114,15.667,5.5076991150442485,9,9.5,4
"4df0acd4131767bb6aec6c0eba0deedb4c246125",451,114,113,8.882,5.442654867256637,9.5,10,7.5
"7b27fcdea3732f654b3a3cb4ee1517e8203645a2",154,53,47,-9.95,6.162127659574468,9,10,6
"845acd04a77b3d1b623f255d9f9f8eae90892dab",155,52,47,-0.064,4.106808510638298,6.5,5.5,6
"3399fb9cc4f115ff1d6a41cf169d8ebd200c3418",259,101,93,7.593,5.603440860215055,10,9,2
"12607a7c2283944afc08e1ce4df79ba688a31f74",552,107,98,-13.902,4.866734693877552,7,9,7
"3b24016cbab8b8632a54240fed0a17406b35bc65",438,69,68,1.421,7.911911764705885,9.5,9,7.5
"5b8aca58cb2c7cbcbb8918f50669eb821d5a7fad",125,45,39,2.814,4.4874358974358985,9,5,6
"66735c0721a73fb4dd487e32adafb82c6016e6ea",117,50,46,5.662,4.910434782608696,9,5.5,7.5
"11f5d8226ebf0108a5a4ecad896a990ecb369247",65,23,15,-45.17,3.1353333333333313,5,1,3
"2f2abfea66cd61a09939960e751666a2c0913430",149,49,44,-11.775,5.55659090909091,10,10,4.5
"7808a1989290cbf25b57bd60e74c56662eeba656",137,30,24,-28.963,3.5666666666666678,7.5,7.5,2
"49428bbbf72ee0208d581e31efb1db2dca5605f4",93,39,36,-5.386,5.647500000000003,6,5.5,6
"3d0c27e5e776d4ebe788c50a8da1a1c9215ae25a",137,71,67,2.296,5.355238095238095,9,9,6.5
"5822ad8b0277c775adf78b39385d63e7878b1069",241,58,45,-3.803,3.8322222222222226,5,7.5,4.5
"4db33a107c9a32cf80e08c941fd2c87888e8de8e",160,62,52,-24.297,3.1300000000000017,8.5,4,5
"5ed610bb14c3c7ebe34cf855871da13009ddf3f0",181,62,62,2.558,8.054032258064515,8,9,7.5
"4875a2f817d7d08aa0437c70c33eb2c3e8c20d65",164,104,100,-1.021,5.645700000000001,7,5,4
"2e171212b96d4d95e0857baadfdc55455113dfc5",294,111,110,8.06,5.539545454545456,9.5,5,2
"70cd793e026c0616c0a8186a1f2c5fa6d8816b49",291,89,88,6.767,4.81125,9.5,7.5,4.5
"6aea2ab4cff49df8f384b81558264c1390a8cf06",493,59,58,12.229,4.445344827586208,7,5.5,2
"692e3639f044b1dedc30d8b3a870bbe922a675fb",407,89,79,-4.733,4.868860759493671,9,5,1
"7b3d30b5f05d1acd3bd4979bd8e18efaafdcbc62",339,59,57,10.007,4.746666666666668,6,8,5.5
"249c629226d7716b59d1841c45dbca54afe3c1a2",96,62,60,-8.394,6.227833333333335,8,3,2
"6bdf2586c97f0954e728ef8a9ac5248d4c8270c1",104,45,43,4.947,6.12093023255814,9,5,4.5
"26c932032169ad849d274427dcbdcfb190f843d8",112,52,49,-33.041,4.578571428571429,7,4,2.5
"440e56298b04156381c3f648f175b8697135845b",186,64,54,-22.725,5.949444444444445,9.5,8,5
"7eeef145cb4a17be79b2251b164bcaf5d15a4995",231,101,93,-5.501,5.301290322580646,9,8,1
"080df7c3716ee6b773c346c67056400fc235ffec",175,84,74,-2.996,4.815405405405406,7,8,8
"40291da6897472b56a7ce6a0721a801b5014d3c7",436,77,72,-5.314,6.190972222222222,7.5,6.5,5
"19787a8ba9b724902ceb45f483190f766e9e291c",522,91,83,-0.097,4.497349397590361,7.5,9,7.5
"81fbb8b81316a0ddabd7838b1b9ecfaee762f70f",144,61,59,13.499,4.733448275862069,7,9,8
"263d37689dbb1044d8118782303415a1eac550df",463,90,83,-3.93,5.244819277108434,7,8.5,4.5
"27d6037b0e6ff9972c80bf6192062f3f2e8b076f",348,93,83,-13.064,4.691807228915663,9.5,8.5,4.5
"1e347993c7fb0053ac2a1b01b6b6c5a5fc3dad9d",230,104,98,-1.58,6.054285714285715,7,5,3.5
"7e585ba8095284ba4d7f920b37ee3e76ab6caa4c",295,37,36,8.062,4.368333333333333,3,8.5,6
"713e625391a72ed8f0780919b1c3e45af56ff94b",152,49,48,12.196,6.850833333333334,8.5,7,6.5
"42510054a233b7b56beccee99fdd4543c3cff388",266,59,58,13.023,4.687241379310347,8,9,5
"62bc28e18de640d9831303f80a4e44c352fb6170",299,104,93,9.926,6.619032258064518,10,9.5,8
"7dee913006479ffaff17ebed5a0b172112a0e115",215,55,37,-20.588,4.58,9,10,5
"346583cc308681a50145af444a26fb217df305c3",194,57,53,5.986,10.073207547169813,10,10,6
"6e849b2924dd2fc0a7efc8ef0a5f614ce2409b4f",229,42,41,-16.753,5.056829268292684,9,5,5.5
"1bf00adb6ad4cfbed2cab01bf71398e1ed9db042",124,48,39,-19.146,3.618684210526317,10,10,6
"502430aa4e945c0273cf3a6f35b982cef7067ad1",185,63,63,6.819,5.5619047619047635,9,9,5
"82edc69e489959e8b7453b8e3c89c11f2e3e4830",151,70,63,-14.396,5.120793650793651,9,4,3.5
"71c2d42bc4f81d5dcabf57d19f862a3b781ebbbf",105,44,39,-15.013,4.152051282051282,8.5,9.5,3.5
"5e4d0a4d83e5724fd92e13da6474090be3593639",183,41,28,-25.45,6.046428571428572,9,7,7.5
"6199c36a1e584c7a1d0d4d20a1d98f19f9d05785",493,93,84,1.339,8.091515151515152,10,9.5,8
"5ed8bcf8dcd1652c4a4bd0fc8197aaa54fca572b",226,65,61,-20.263,5.018524590163934,10,5.5,3
"73ffb966a8305f3cc46f3447459b4224128cd53b",285,64,62,5.819,5.404032258064518,9,10,7.5
"2785407c3fa2ce2c79a914657d9a4610ae1e5078",142,59,53,-16.03,4.430377358490564,8,7,6
"315b83340476d3a8338543ccdc95dbc86bddb3ab",221,82,78,-6.594,4.809743589743589,9,8,4.5
"12da07c3cca4f480a6064f7cbedaec11d677814a",104,59,59,14.451,4.7089830508474595,7,9.5,6
"2003e05bf78d3b5b7f672aa1d02ae3aa0537706b",277,106,102,11.667,5.992058823529411,8,9.5,6
"61291814d7295814cfccb336e38a08ceb9c7aba9",108,53,47,-16.115,4.677021276595746,9.5,2.5,1.5
"5eecd9dc3fe216cd45a2194e5f1a1d472a3fec56",498,107,100,-1.735,5.640500000000002,9,5,6
"5b7541b552024e94b0be876cdb63b69cf3f829d1",253,102,100,-0.795,5.746799999999997,8,5,5.5
"3d185c0c28fcae1ca2f5876a8e2e6681b38e5af7",154,52,48,-3.166,8.438333333333334,10,10,9
"598ab55ef7a383e76268b59d877afbc86fff2178",262,93,82,-1.527,5.865853658536586,7.5,8,6.5
"603ee97d90e36481c0c5a1cca5279c3aacfe91c6",190,71,49,-24.045,4.466122448979592,10,2.5,3
"6cbee42bf7c6251711a38683e4e1d6b15533f5a5",302,102,98,-2.353,4.982142857142857,7,5,7
"2170453bef40f448016841b0ca5ad2e07143bf5a",219,73,68,-0.83,4.314411764705882,8.5,8,5
"5e3ff61182b7e63c5f353b54a15e95069e670f10",124,74,71,-5.51,5.463943661971831,8.5,3.5,6
"785b27857468f61bde60ab25c5509e8ed38155d7",170,70,67,1.95,6.11805970149254,10,9.5,6.5
"1d5ba7c1c8ab8d16890eeb1772560ab942c42003",94,21,17,-8.142,5.853529411764708,10,6.5,6
"209d7c77e7a150b6990a3372f7cb24da0c0e7e07",8,4,2,30.4,43.88,null,null,null
"16b6e419367318f9a3a28439ae013d55638ba0d3",107,45,44,2.196,5.625,9,6.5,6
"4d234ae70fe14c2d32bfa01c0ca7cefc47d68703",204,43,43,11.744,7.663488372093025,9,8.5,8.5
"835496e3328ccd7ac2ffed3867840e1dce5da83f",321,89,72,-12.106,7.317083333333335,8,9.5,5
"7480543e3bc777391a4c3f06cb1c03920f6fa2a4",209,110,110,8.06,5.539545454545456,9.5,5,5
"5e854d8ecfe5f767abb76d3ce56b6bcf495047eb",252,108,93,-21.933,4.714193548387098,9.5,7,2
"2cd5132c3c49bd9d4d5081e386a4d69a593f850a",1022,108,100,12.642,7.026099999999999,5.5,8,3.5
"78ede02e6c03a1eb32ff3f464f4f7ae3e6510766",169,38,30,-27.319,4.516896551724138,9,6.5,6
"334c7722802329509bf82a5cd7b4a38b5825cc42",271,104,102,13.798,6.263137254901961,7,9,8
"143fdbefc9ba427b841fbd52b7999b2a996562af",128,62,55,-11.498,6.081818181818182,9,9,4.5
"23d64bbdd55f11cb1d617be60d7b5901c5fda2e6",308,107,100,10.465,6.0219,6,6.5,6
"6288d80ce9cf4d608eb41dc28dba194b1851dec5",212,60,59,10.443,4.708983050847459,7,9.5,6
"6b8a39007e56cacf54e6520da942fdb70d8d588e",172,95,94,10.195,5.05872340425532,8.5,8,5
"5fbcd4642d21aaa8ade10f9e23e70012e2b4afe0",64,37,33,-15.13,4.830909090909093,8,4,2.5
"34283eb36b1b51da5126f973e69199151b8f26c2",194,102,101,11.913,6.431188118811882,9.5,7.5,6.5
"56b3554a4a43514e497a667b0efee344df2ed21c",645,123,116,20.721,12.487652173913041,8.5,9,7
"46c1ebc62f7d6b099a6696755c9be3b984d2a27a",241,104,97,9.791,5.424123711340205,8.5,9.5,6.5
"6501a3dcdb9e3c5904a5820607f6ee354bbe0131",378,117,103,1.029,6.045631067961167,7,4.5,3.5
"40db6a6bd27b7f2fccb0ab0e4b97b2e64d5e79a2",319,53,45,-8.967,7.884772727272726,0,8,4.5
"35cc3e4b8108e6eb405c96afabb167d6c0f9b50c",326,113,112,8.882,5.441607142857145,9.5,10,5.5
"1d1a20a6ce616a1b0780f5c86f1f6cf9f7c9a5ff",290,104,99,-0.266,4.921919191919191,10,9.5,7
"1b248f11648c9000f277a02dc5d4bea3800ba43a",60,39,39,9.092,5.792631578947371,7,5,3.5
"4e718fe3c25329ccd0f4f138375f9099d81cd7c1",243,67,67,3.57,8.392835820895522,9.5,9,5.5
"34a00f81f528b38404f04d9a360e73fb17b62031",170,51,48,-4.394,6.8825,10,10,6.5
"3c499f0944773b5ae529a4356d92df5ce8ca7c0c",272,54,36,-42.517,4.396111111111113,10,3.5,4
"41834c311cf35264cb9e6357eae499b95edb73b5",450,102,98,10.7,5.576326530612245,8.5,9.5,6.5
"388c0aed9f437cb576f998892257a1a9410d1a2e",608,63,63,6.819,5.561904761904764,9,8.5,8.5
"50efa6979b217c6f12b5fa0990d669c499e6d2b6",223,105,96,-16.745,4.8646875,9.5,8,4.5
"0e51dc16b3d9de6cbcada8abb58ddeddb448b6e8",311,97,94,-4.266,5.01191489361702,10,7,2
"62762af72b006f671d4b9efe867e66312408723f",128,47,46,-11.412,4.135,5,6.5,3.5
"3954b15205238530f2cb3b66db735fad6d0c8fda",170,61,46,-12.598,4.096279069767444,10,10,6
"75aa1fd61921d68f59be09d2146a4b2b9442f41f",74,27,25,-22.887,8.9556,8,3.5,1.5
"57421dc59c1514a7edc7708657e57a6439e88585",198,69,66,-10.776,4.299393939393939,7.5,3,6
"692e213a160245cc3c07bc300b6ada19b15089e4",155,75,70,4.125,4.62257142857143,8.5,6.5,4
"50fd8f5bcd24b3b8ba8c450de77819037cfd6583",150,104,104,3.65,6.320865384615386,6,5.5,3.5
"37fd8930995a4978e8378d28a84e0aaf3ad85c2d",161,74,73,-1.837,4.368219178082191,9.5,6.5,2.5
"5a3141c7f984f3d6c41f632f6fb689378267bd51",384,68,66,1.149,5.086212121212121,10,7.5,7
"2bfadd9c6a7bdbdd1ae792e0225b799ee67453a5",256,104,101,0.316,5.898712871287129,7,8.5,5.5
"825e4001677d8644d6df773aea2f924c45d47318",301,61,58,-4.073,4.563103448275861,9,8,6
"47af18d4bbc37e11d2c5130faaa8b2da3dba64ca",114,38,36,8.062,4.467499999999999,5,9,6.5
"7cac45d03854038e6854f5b1843cd491021f94bd",224,40,39,5.028,5.333589743589745,7.5,6.5,4
"38397f1c58351146edd1787b0501bbdb31834abd",111,43,43,11.744,7.663488372093025,7,6.5,7
"33c1babbdbffe79f6f16e085a78ebd0b2a7b3a65",241,71,63,-6.506,7.5851612903225805,8,9,7.5
"69eda57c9ffdf6f26c5dda66863ef865d07195d2",109,48,40,-21.387,6.284750000000001,9,7.5,7.5
"00bef8afee8f3c595d535c9c03c490cac1a4f021",259,78,72,0.33,5.543194444444444,7,8.5,6.5
"582e4849c0e5208206789a186892a4f7ce9c11f9",232,42,34,-19.367,4.774705882352942,7.5,4.5,4.5
"79a8ea0acc62c00cbe9e6899917fdd233232ee12",190,71,70,8.26,5.085,9,9.5,8
"840d07858c03f80f4695056e2cc7d0c474b83a25",111,43,39,-9.233,4.885384615384617,9,6,5.5
"213a48a8028d2dd6ed42c47be4588ac5a909076b",318,108,96,6.122,6.525520833333334,7.5,8,6.5
"33b16210a7736a6f75ef1b1f3cb7070a4d29395e",745,105,88,5.259,5.7070454545454545,9,5,6
"052039d5c5915699359b1d549b36ea69330c0ac3",158,38,29,-26.771,3.7213793103448287,9,6.5,6
"1d9024c71085dc3822bac092baef8b238c3b497f",309,93,82,-2.171,4.861951219512196,7.5,8.5,8
"7323f16fa1027607f3f63cedb1cf2fea83dfcf76",255,68,67,2.265,8.392835820895518,8.5,9,7
"02f8a629f1a01a476de3944da2860d1c107f1b28",465,104,85,-4.146,4.689647058823529,6.5,7.5,4.5
"0ee9ac569e379f04a42a18c88cca093ef1121ab8",62,17,16,-12.272,3.851250000000001,9,6,6.5
"17b62f15056932dddf225da7f5e30911e316f7ed",302,105,103,14.337,5.83864077669903,9,6,5
"6405b9839b0179e5307afdb5117992033c2a9cbd",457,102,96,8.882,6.661979166666664,9.5,8,2.5
"01ad03ec301749c033155fc17e657cc767d447c8",271,72,67,-3.463,4.101940298507463,7,7.5,5.5
"02c88d535d7393d30ce3338174d0a17ee7e8b8cc",177,71,70,8.26,5.085000000000002,9,5,3.5
"232cce96362898f08e9150ba244adaf2d6583ab2",228,98,96,9.185,5.142291666666666,7.5,9,6