username,qt
ed9eaeb6a707f50154024b24d7efcb874a9795dd,8.188156
ba12c0a2cb367af0467e479c03507c71a805d291,8.527577
b7298b0fe50443a623af9b56792b330c2d052845,8.536164
c60be70309789b39355dc612f36e37090ccad5dc,8.004973
a22a58c5be8aa2c2700619e37f2b7a6e4efa7e6b,8.784327
d5841f944022e9ef49bf6ac9b5546dd82ab2784f,6.984003
eb451c65ea210bed6af798282c2c6205c79f71fd,8.522914
c3e73d0362e2b21fae6edfcf518063e8a28b7b63,8.898644
df9e2c6cfb6035fa5b26af3b101bacf64e95e913,8.0730505
99103791231143dd15aa77f2aeb87b2cd4a1c22e,7.6453743
e2ed5ffddf1e60198f9f138810f84b7107ca0561,7.351131
8554d1155712da4bc72ec5921db3227311265359,8.528254
89fe8b96c04597a0fb63dca3a86e5f36e7580940,8.440619
8b65dcf807a9de0c95c0896919da04523176fab8,7.9990144
b6e252e4989b3b422d69eae06831ad0bfd396126,7.8337755
9e0457ac0f2824c5e725d83bdeee91ed078343b4,7.9989266
c9c6d1fdb1bc64d7137f0fb7050e334cbb7c0f6e,9.253326
ed6c052a16794cf2376b1497c505b438e9af69b6,7.544182
c5d903eea354607809419b5e23c869ea16626a59,8.585065
927008a1eb1983b52fe269b504f398ca185603c3,7.921188
fd29d68d81bf469540c56ab7074ad748cd72203c,7.6583257
d6f54f87ad964bd1cea20ffceea962f8b6236da3,8.306753
97983f3249349cfcb409b75d5f53e5cbab2bfa5a,8.299758
b72f0fecebc0120609eb4643631055b2e7a31fd7,8.559723
f3a7769633f8060ffee4a0295c55ec9be084e3c0,8.453628
abf736b0441172883ba772951733e73d557598ab,8.124779
af99c21153a5cd9289febb0cc7d1f8cbee810621,7.8931575
f5a2b63a98287f49a07f6101717dd4c1048b9903,8.211364
a9947ca4f64f3122a22c7827ae089d48db8fd76d,8.300318
d28c344507f89c41df926794e0d5a96d10349014,7.1099105
ac6522ed2e2b8a808bb80970ccffcb6572183349,8.311248
8cf96ad1e77c722694ef03a06a781d61d632f2c0,8.53724
92de4c1319bb3b07781b63801e4599302764dc5f,8.362734
f0cbea39c26f2cf588e04885ddc1a439564bd782,8.2717705
f1299639d65fd743440958354f22154e171500d0,7.79452
943f8910b7d79d76726a7c50a996a39a00fb033b,7.961982
fc4d0cb084cf3b98bbe820a9fc36fd437940969e,7.405915
c084f1399d2813131b70acb3920068a454cea6d5,7.463758
979ddec134899a31461a05d820b9d6cad713715b,7.911214
f7d331120e9b3a15cf4a0028849bf050846d5d6a,8.329284
8866a6da23ad8a2abfb243905e0b5e2c98e366bc,8.634039
5c67cd01bb445f9b80d30f2c551d0d42776898fe,7.838113
f408354e704d901dac2f283fc8242d2787ee4813,8.671287
e594aa5283c8b2076ece870504b4b6b2e9c29ca9,8.059102
c5b963fdd21435b56c4cf55f49d652d92fc83093,8.282491
948fbf59cd52083820e8e1682a5bc2a34793997a,9.327075
c399382ea2553528d9b44a9aa6492cee7cf0b5c0,7.8350396
541270fc6468b9399001ee5a8bfa0cd380e1db60,7.627705
d2a2d2ee79d993c9821f176d9a248223ee59b3c7,7.9031625
911daa5a6058823b007274f35ba038da7ec89a11,8.076257
a5b034cb2c29d312a2e5475da6174e196cfc3c1b,8.51018
da7fa747f59ca321b48b414b2f884d027bc961f8,7.9472747
dc87f8c4ae8953d2d0bcaf1a08239547d77cdee8,8.471465
8e3a076971fce919b1a5a0bc62dcef86264a1c24,8.155226
987888aba1d68d84a51fcfef4131d649024e0aec,7.2501135
c3635fc4a7b4545fc6df8dcad81f86d1e08c66cc,8.214513
8ef9f17bb904f437ec0a9849d820ed0f86843517,7.868412
addfbcc77f77c6c80cc3e55261cec181722e68cb,8.279946
ca84b66fa8d2c26e91bcd21dea081bb062e51711,8.399662
b80a4c674f6640d304722f4a92eb9b47345f1258,8.125337
a3c251eb71ac7769282f383672f19d3cf66f1b04,8.21303
f2c6f4d1250f2570b4dc5edfa7d0952ec4b7194f,8.581181
be7b5a55c3a0343bda6a2a6ad09c5cfe8714b27f,8.219036
a593667aa30cd094ca66d70dbb5ee98fc64d38f0,7.73393
c67df30ae6cf151f19df3e36d15f0361619ed47a,8.088175
bf9e4a55173e6e65b88bbf4f18744ea043b07ed6,8.735743
df1a661311bcb75b3b3c258c46ab75819bd6d249,8.296278
a60f543d315ec120d2f433cdccc19342c9c3be02,8.554067
aeae992591ef4a9423528eb6029301cbd29daff5,7.978926
b002ea316ac314e47c6aceffd6583bd300962387,7.854208
eaffaa19471bbf9bba8fa5808dd0904474089ae7,8.033157
bdc3fba009b4d570355de5bfedfb6766746789ce,7.984862
97469bc8eac2e4fd57266fa9821a50561a4d8473,7.982377
fe659e147194c97b69278c8effb4041297398009,8.042854
91ccfc470d803af51ecbb91da39db5592e3a3324,8.588814
dcf7777f614c11ed45f8ff82f2c44d7dd15889af,8.20704
248ff20c10b7d18c30fc84ce214936f5bb440e6e,7.9591575
8b2735093e532de21b7aabee43b9c76278bdd5cb,8.733179
fe4316169ee8c83567ebc52bc629912ff65f14b6,8.34101
9a8ad4a46036cc65da3ce25da0a1b9e70f979655,8.403556
f1fb0a22c3c46fe87eaf8bdd97d80ed51436f782,7.739319
e299749491b5a979701f0dedd4467ed53aaf7c7c,8.364114
9deeecfc873e74ca5ef8b27fb6b22bf7a536ab86,7.9389515
f382c8f54d9fc494b6d8cc0751f694f0acbddca2,8.109824
884afc60bb87e1f0d85311221487273fc5d13d13,8.030157
add21f371c1ade0e82ccdacf7ce016dc151a6968,8.131556
ad77e6368d86e38cbf14a33770ca16b204522863,8.630909
a57d3a31b965e00aa208f4d499c0b3637f759838,8.394569
dd98462b95687767f50edcdc4758ff5237c0bcff,8.1648035
f7ce1b89f61b8a40a961d7fee02ea31d4b27583a,8.55045
ce5a9a38579b80879f4de53eaab2d0083b685d62,8.5641575
f4984561cc406867aa796356b6bf10a2091e67fe,7.597137
137ffd846ed245676a14f1d5e8676a4ef646182b,7.8845367
92e2b243f8ca7bf1ce773bedf8205980f034ff05,8.258751
b8b78832d415b2137aaa400ec638ca3828510a71,8.2707815
b4742d304d9cd4891aac3cedf5905676e9fcc9d5,8.458728
c1287b2f156f6963bdda82942a95288967e9422b,7.2041206
ef5d4cc5cd7a9d46f3e31572d97bd52423bae4e0,7.626697
ebdfeac0c48444c5f4fd377145b2d97e12c78cac,7.2995777
f01795183fd859bc35b074c06fd58b5e6623fb03,7.9170713
ca01f93cb3384006f7af5de96bc25f924ad8bd14,7.6300893
c9c9df2ea1ddcc10cc57d4e1d92b2f8b33d94538,8.274852
d982afe8253215b9a75464a85bb061d5d5f7975a,8.201787
a99c3a5ba8f7e25ea61f79dd74cb89d6d8bf8a43,8.089603
b459886eb6e03f683c364b338a5c2f4776391dbc,8.368659
add17ba1901ea9804a604aeed6ebe191d784785d,7.3844643
c757c72ff79910b22c548daf9067d6a682bdbb4b,8.016952
d8cb6954aff8cc17b05a205c949f36b46493eb8b,8.209529
a832f98e370c27f9fbc8e0caec05700a96e89a4e,7.812157
d5cc23d9ca216f0f8c6e5ada7c4e3284a3920958,6.654188
8fa7abd9421e396273c3571b177340434fc132f6,7.003013
fbf5d7997f35a05b4f296b7b70b08866c13db856,8.382544
c6e9fd605b75a5090b1879635a6db8da08b8a600,8.210402
a576ed0ff4b19b2c864b2c489227a491ac670b84,7.780151
de163edff457321dc540b375c7b316c7f9fe73cf,8.525884
92a1cd997867a6115b3d079903e63aba8dd214cf,8.338339
aa01429991aa756b651364d54b7b28c2bfeb6c3c,6.9361625
50f17ae2d9048b293cc969aa8668b365f9773f1b,7.993309
ff3fa2ec64294f37ae968159f810ebeda7966c51,8.119279
f7875ec1207504a229cd9b5ca132437c6bdd6a4d,8.299845
da37e77368c2bd5a7a9792749fd6ed83e05e2515,8.763227
dfc34f90e58f60b101c824e10d74b8ad0c46a2cf,8.413281
4df58b4a53afe49f40e1c054f9a2e8553352e254,8.071357
ba0b274a12a5891f98da7f012d4c757aeb822917,8.282287
e73e06dbdc983d0a3ccccdf754b85603dd0818e7,8.570032
a05a86b21a7d5922fed8c50f36d307ed7a8cc70b,8.557423
87322721181928972ce2b67242f61ff23275f3dd,8.451738
c001ef5d0a98bae288e504e13db2f1d4533021f5,8.657516
a07cb417ba30c0e4d8cc3831f093740ece8be01d,8.954685
87ce4212940578f8ab9aaab4616b104ab515d4e9,8.1663265
d2491eb9351f861cdcd439fd5d73883a6d681d6a,8.575102
9871e11a3a4574e6b565733fe3e565f13d670744,8.106463
a30f91cf4dd6e15b62a675de5087a6db82d61f51,8.184477
ccc7600e812ec5b6e75a9b4e2b04f00a48d1a9dd,10.861934
aa2166a08738eb1a62d78686cce70fc5572d0607,8.22981
73c38d8466f153b974c09c066d1469f63b856d07,8.251535
db4c010c135d84c00fee816a085360bca2537594,8.432216
8531dba6dd1818a4e3f3ba5e355e1e5ea9276afe,8.227938
951b5bb9ecd6593cecd2bd72fdf62a0785bd3b3b,8.514504
bca16481f37f3534abb04344ef1855b0e56140e3,7.941921
f679eb92d1581b842e213a6d2a8a74a0b9ede984,6.6497645
df15664e980175f8ee9ea6687b81c59f3139406f,8.399499
bd53f29596985f567c39329a8f8da5100810f0fd,7.393242
cb713a14e9dcf23999265a8826e204beb646626b,7.050924
fab22b3c9fd685c26953a5ffe073c4aa2a788c7a,8.00182
8674a295a4ae610ccd77b60cbaa692db6a875761,8.537071
bdefe60060197430834e27ee0ecc1d775f5e2b89,8.4636545
9f605b4802c811805adc38ae19035ded09a5e4b5,8.226091
dbc27d6c8a04413d73a885a7b2c2d8db605504fe,6.744281
c15e04639eb35379bc74fd289f38b1c9d21e2278,8.053405
a65549b33ec5839c95aa1e9c2e50f74685ad7cc5,7.661733
89b7eb7ce1dccd4f6a7eb59017ac455cf1e57766,8.157822
c308727c618e21c478dba676bcea9d040d179f99,8.578906
eb46bad8df84ccc42fb7bc9cc3a218247777367e,8.134742
c787e77b224890e7fdcc8e2ca0c0577657d98581,8.562375
94ec21d59f07c2091e0359a0085fa6c569ed30c4,8.521011
ec62a3c21a4a116991338ac88863dff35157a1a7,6.9720306
9081ee605de7c5e739569f3f829cba953cb918f4,8.32207
e2670654203c6b5aa850edf95ea9e293939963fd,8.153731
a75958bf7ddea02d2c0d5a300c83abfe240f3552,8.538331
c484db51bb8e5e6218578a71ca541b135c2aa1ff,8.394641
bda97a680a69285ab84aefb75abb53676e7f6b55,7.4822474
f2efe01b5b7d2613529468857009a02a3cc820b6,7.608884
ac7569c6eb788ec3ca408850d164b68f73bb148b,8.065381
911315669fafba0a06cdbf08da7cff7e81f49759,10.833713
ac6104bfab84b79b7ff1f01c576e2b7442988f38,7.9461837
89cd14d1bb26c559102e9080a85ffa977cde7fda,8.260235
e90cd427d5e229999107e56e3f06953f3108635a,8.21014
a130e19ad47a6849ba0261a7a81a8d9bb93f3a7a,8.348871
baccf806cbacabe5f3a91ecd093cf36b4db436a6,7.668027
c6b1b85455fc8ae7de258ff95875644d77f55254,8.197842
b7ea6b3de19afe8e98d52228dfcc3f3027f18891,8.453309
c2dc9b42636e453c1ad8e7a5e490654d39dc303b,8.034627
cfe97f961ec4d2fc578ef0aaf87f52c54a9aa181,8.203492
c4dc23da121e0654017198804449e35b2e9c2027,6.757483
ea79d40b446a3660b4d0b01e53fc4a14bc18f60e,6.981415
b51b95c923fbe5e4f47342faa554cacb44477016,7.7956667
b0f303b4bc78b12a467c465db3b050425eadbf64,8.010637
ef02ce9a2a904477907fe9135cdcbf1652180d31,8.443752
908ccf9bf5e0e7ab597a09fa19d91b1a5563b43b,7.4733763
cd2cc30c2a3c6b967fc897beaeae9d3482163a21,9.627036
e460fd665c3f541f48ac4503abf2e90b9bbb3b94,8.337518
f77371745c51f549f9a641110e52f255aaed0f10,8.139686
9938999e257ea21c657f6c63ff386937544987aa,8.248463
a05ee87ddc674ddf01518fe125eaeec0820ea53e,7.5762877
913eb5b320c3f4b475e8064303960997b0dd7a9f,8.433431
e9a8e1a87eb55c0dc1787fcaed22be98d9cc1ed0,8.265443
8b43c7696dc13421431102cb4385363ee33513e0,8.413604
138c5848f009c004f0b8e2379316d5ec18332ff8,7.5766535
a99ed97ee0e4d81fc9a8a5a5baaba5407a897b84,7.9670215
8d9b19c2ff7d630d2d48932f3c1d35aaa97ad51f,9.361933
920523a6f06947927c3d1b9c2c902fae6eb740a1,8.504323
9d549d02a71100ae95cf02deb371138097549edc,8.089961
8c5d6de5fca9e769de9676c911d9e082ec1a9fb4,7.933802
8968e2c95fd09b05d48b4b094529d54d06bf6da5,8.3912325
f8da0aad0792d4f2d30881abdbfd4029dc264842,8.284788
cf6788dceae33f7826997b7fa99b5189cff1aa4d,8.430191
908365770c09838aa1bc1874bf3915779910e775,8.497723
d4a5c57c98a9d8e16b1dd93042d22cc422772b0d,7.718071
c195c2ea359350b81a96211ccb40d03fb0501e7d,7.131206
c8332f72a4f6049ef2f28e4a0fcbde9d142c8591,7.792539
c0c13857d74703fa66da743d1d670bc2b9957f7b,8.491675
89d4e10b3c250c027e108d10ebc00bda239e7e39,7.334695
fcdf51cf37b314ebc57038046b859b3172117f4f,8.473366
cdea6ad7a63edbcba925717a8c64328c255a0450,8.625634
859c3b6fce7256abf5acfef957e6c04134c01e4b,8.383999
911f5eafac3def56e71836d495b740cd059edbcf,8.613154
f8526194e3d9450a847706ea1c474c9e1a65a3a4,8.438827
85838695003ef753ce13327655b84defa54d6eae,8.32782
d8cc02c7b6d2478b9f6d47664272c43801d6d9a9,8.233868
bbf7f2c725fe4c3e0eb56d29707437d1603b1c56,8.397823
e92f3d3e5a00b7767c239cac14b6d9fe92d5ef9b,8.2557335
8bf27a767fce0a5fb359059183d06e01d62dca8c,7.9812818
84b6b2d70924066c8345f2bc2281791ae3188da2,8.494941
d3de05492e2353a5f3a80b5ea37a6de4651923fe,8.394396
85bebedd9d4605ff6823f6f25c761e64a588bf22,8.242375
c2ca84eba451533cc357b9c82cdc4c59227ee38d,8.149039
b03084cbf44b7fc100db518a5ff7ef7e9924c260,8.194957
2fa311a94bc0da6d97955730d071ad6fcc770bfd,8.042127
970dc7689a54be2108e10cf65af78d85288b64e9,8.878946
f94ac320b67f53eb86a68cf30fcced221092e7fa,6.98608
baa9b5294556d31b066df7e0dd8b1b0b1a8bb9f2,8.531517
917f1aba835e5d7e79fc124c1d7a3c8c2588cf8b,8.409706
95c2c72faa0bcedf9452be96511b7ab488754e77,9.386626
9167062812b68b140da9de7f824ec6131ef31a01,8.232118
c41c79391cd0c8816cebc9a0b4ef1fcc5c2e4018,8.465567
ce3ad9b28ad26a494e6a196c110ca405402f3e9b,8.352128
cc818564efabc759f8cfd2e978029ff6125406cf,7.4710565
cd2b912e4a3d661cd4f500287d3bf1b4f444b7bd,8.23472
85bf028205803eb9b1e5494c540ddd2938606606,8.255531
e7d0678e66dad824da63837b53bb0bb38a571f42,7.7466493
abae080e558fbbcf25131d47ef3dbea697548f14,8.458181
ddffb03cf0301334f5a2f89626640fa8812bde5c,8.577822
db7c4fbff4eaf7b21678b8b053a0c3dcd74dd2b1,8.318006
badea8134ecf83e912ac6628ec12465e227c1e6a,7.9578485
c3127c3c92a3d510a78a5248b4e7fac50ab81e0b,8.272681
9b788cef19b68860b4cba1f072cfc4744e6610b7,6.790379
afc376cc4bc5460a941a5d21f91d19f159cdf490,8.232088
c52fc84d8cd2335788c472ff6fa6b3aaaa8f2252,7.2492504
c2da78b847fbfac6920b3c5a2086c79b3a2db8f7,8.556138
aa8e2b08e043c6d844c28cb004a224615af29e90,7.3778243
bec0491f541a76e4fa31e17842bc573c812cb528,7.7367907
9843de5b71377fd3392db81e3178e11bbe90d95c,8.226543
c846650d2b1b4a07f67e13c5aa56c15185f81f15,8.477946
af744dfd0234f2b89d667f962f13cff1b5d0c9e0,8.091693
84a17972cc6d29489bbe205a9e7feb8745726fbc,8.335038
a4a81c655f21aac65297532528cba5a28e8f5ab1,8.125144
d4a08e7df54afbd81401faf2e0349e88ed7fc2d9,8.451681
a6bd1b3de6ceb8be610c33e3a0e4a89350700984,7.624932
eb83b2280e41f55da33ed81e62d7b8ebba9a93f8,8.329674
ce2f2072bf32af4582a24726936af34f88225213,8.578265
c667e08eaa5cf47dba38ac81da9c185659db42c2,8.558944
ed8ffb58d172827f17d1abead83d9b8c44b554df,6.303479
b7931b60e23916058a5767895b9214dac7a6515e,8.454504
e3b9460f9a4bd3f4a5243f388246084f41e0dab2,8.327425
c0b8f55536e05f6da91c3b65ddfb69dc8daa12e9,8.961674
f97b1dbd007f20fea2e262e62433e01ae91da602,7.8285723
ab7c842d24cac25a1a3852cce506ca92cb8ed428,8.051351
c69dcaf9e10f52b187b13e678f9fe65505167720,8.476467
99751d158308f801241e028eb7c6b0363fc6ec88,8.304815
9d053bdf589efd451ff25e1977e438b11122e0fa,7.9496465
9cb2a2853cd6c58a9b7d07a87ef3138c3cf723b8,8.60122
98cafa82b3e7f1a3a179c62509778cf9290ca87c,8.316526
9db80a153d642e12571588fd68473c6e307195df,8.524251
87752697bce404c9b410be71a45e76f3c7fc9392,8.4637985
980f92c1ca3d1d662e790e884a1bafb6785dfe45,7.8576694
9ec591a707f8d7eaaa8b43b6faa23292511ffef3,7.959433
cb0f9c7be617b2bd18ae83ee9e85b621cabda67c,8.557371
a52c67c0bc1c6ae7da7c6e4d38cc7ac5a869ed39,8.558901
af124b723c6d0d777c60479978e8da661b34bc2a,8.580034
9981528e7324f2d92c27f163b5d0424a07f94b67,8.479445
eadbb37222d32232022838b7765dea96bf38e0f6,7.9489684
8d65a433657534866907ca34885953c36951db06,7.944589
e7b94e593e93b6fe31083393cff1d63ca2142b64,7.939245
d06025e3b7e91bb8718335f7328466206060faee,8.180338
af8cb88c604c245257dfd33607bcb87cd357d3c9,7.87077
f2418c1ba0f63cb975e6d8c26ce4a145b11ad924,6.144496
d66918b05a4d978f6aa15979c85902d09babc898,8.180762
96013c7ce1186c9a18f5127959bb867243b1b9f2,8.227398
4dcdd4c95ba88786172619ebea8aad4ec757a150,7.8588796
f78599d53dcb621a631b8dbc0feb5dd63e2aedd3,7.7469788
9a7c94325cf12595e72895187822c354cd8ef458,8.379466
f3a603f5ad05ee8b8374af6523467f1ee058959e,8.241859
e3919de46ecd1f707451dad4a1ac88e5b7403f11,7.420627
e6900f649459ddbd9ee38b93582378162c8d77ac,11.187005
ab2a1e43f425b67817553405c41c09a9bcb0e9c4,8.374283
8b3f8cb80815c489e6278cfc1a371b3bee3f6e1e,8.34173
d4707fc4aa22e29062e02639a1b8c9f7ba3e6b65,7.934196
8a97d52d61d704e77f82fd7f1161d98054f48f25,8.811078
9c4e901d499220d23e819ffe0156ef62c7bcfdbc,8.214966
ff12d6e2ab80696ed8e22fbe5497e96c68d29076,8.253292
eee2c3c453eb64f9c327f09e83be35ef36528101,8.232326
999704c760821f39257d453f58ae57cdc5db7cee,8.084511
f42621bb38f167d2de3d662cbe897f5fd1234aa3,8.154258
d7af1840c8914a381ffae4617c33ab76833d9513,8.209538
b52028ddeb0e0289019154f32e763393f83a30a9,8.241397
b2b334fbcfc12bdf6bba8dc45aa8ade3ddb746aa,7.5768137
f1302a0b13ef669e0d797c1d4106355cc43f7144,8.145213
a0ec1fa9ef85571c363b1ff524a7bccd583b0ee2,7.2650957
f861873a2af44519d0c30b7b390257e28084c360,8.411591
9c8c8ca8e36d83954ecf380f84b01759c8363df6,8.141298
9906fd2917a481b373848f6d084228f34ace63a4,8.133826
a211065a6e065d2421b924d4e9314f1026611aa2,7.968605
3d4f612148056feeb651f4711c1f640f5015101a,5.9079704
ddc549a4ced606b9181bc2e6e0bb75824fc20f70,8.145007
92f51b59f25a16e76b18441fbe797a2fa2a5d3b5,8.52604
ebe0702c8a0d906044fbc61cf18d3f8dc9aacef9,8.626005
89521736c16fbbd86315c3f3c555132aee8896ae,8.06234
b1e8855867b91eadecefd05a09f101799008b8c7,8.263673
aba3f0810ff4abb82c285780965735f59dffc070,8.577639
f126cb73dbad037e40b322f82b6f40e92a15a595,8.026636
be6f4f4f657c80883591c6749a7951f9c992e4b9,8.29999
aa1696aba3e93761b292c97c68bb0e06bb2f537d,8.023746
ea8f19a7914d05412dc4159108d93d42a675e2e8,14.797671
952c0daa0b72620df1288d516f0a2abeb5b3986d,6.7120504
adf4cd4036fe7649e15bbc8379f224685017b379,7.476463
8f7402db46b9b2a95aaa8282be9e471a3ee659ba,8.177436
df42fc345b50f42b32dc5f9df420978b1cda663d,8.193692
af618fc07f8f8c9e1697d7e8ce5cea9dd4ddee00,8.338093
cee41e969faac5fdd054a726b10fb09228eb7061,8.190256
e7cef9ca74dbf2dc906e3216004a1b5e6a96e241,8.341654
a9da415ddd0567c5995957b2239621158a4521f1,8.605806
9f8f3fbc1f6d3f36859a33054203c55d028c6e65,7.2652135
d5155526fe2b5c2b956687b34d478647ef6bd092,8.20047
c352dbabae85680f4ce4ebf67886666ce47edade,8.383832
db5924e7ed00c9136308999827d50dbcecae5091,8.162991
c3bf932c28538beb5024e80bd06e09c44661c8f7,7.529177
eda32ee9ebe79ae7f85927db19cadc6199752dfd,8.373623
d0f28e44db91cce7caff1db428643300dfb3392f,8.082926
c162ce77f4002856b569f63b1e2b58ccd6d961e2,8.93665
b6de7562a3dfc6522d1d9f86967f5159e3f2f090,8.284805
8b557374000feae5ac9aee7b4078bfea53176ffc,8.515586
0bf111a9caedf02804f6991792490e63bc21058a,8.365146
a5aef107fcfe6b7323ead96aed8ef74a69efe042,8.402039
bfe7f84ef78bc0134134fcb799465996fa84e4b0,8.275097
bba75421c48ff666a96646bd283072492fc712ea,8.220304
df8fb59599b421d91967aa7d053fa72e91e4f6fb,8.596058
9eef5b76500d606c0ace08b9cd3ee9403e9e9664,11.545351
8e20affd5aca29391f582b7dd756c83205297c11,8.497555
cac291a9658d7ef15e1ef0c71b188d96eec19ad0,7.106811
e45204eccdaf94faa580c54b1fe1289c97b1f56c,6.854678
be40efffa2a2ea77d3d2fb0cf1f8dd6a8da2b287,7.6755033
b11c7371190aaf26293afea3ba2146f21205f73f,8.875115
f4c3f24024c2e96ed13a845b5ad7213143844d9f,8.334437
c87d4a1dca2349d1fbdff1c6d6a57708c1df793e,8.567358
9c59b505cc82ae66d54df9629666137c9527e56d,8.80323
d615e34b407b1816d1ae062d56a466c1d17b68ae,8.34574
d68718e7e9140ca136bf5e39efd7c122632ebba2,8.246831
bbb7c8095658b847103c47aa2a4b55440b0e9ffe,8.8173685
bc1f0dc5b937d54fa64e44c1e4e0de0e5a4724c1,7.8631544
ad3d8c094d5606a8005bb22a4cf910e497a03224,8.145381
8aea6c59a11267f4143312770b4c84a2be56f353,8.1954775
cf5422ab2f6793f4d5930d2901e652ed7dadac9d,8.207839
8576d2d269326a29503a1763996227723fa531a7,8.368868
cd1c8085cc77aaebd3c527b4ecae7e9150ce0d77,8.456011
e2d88e3ad6275b7eca2bff120e467f9158b29fc5,8.133694
4f571f241bb2d884216b4712cdcd482e310a718a,7.810252
9e4c480f54169dd91629ec30917139f2b16bf6b3,8.592203
c0986547994c0c40ee739f045a02e1ce427ec132,7.405725
91eb4058d0937eb5499d0f6b2a8dbae6f47eddf9,7.9047217
892240639d1170ec0f4bb6248ba3e9bd390ed089,8.507753
87b3a5eca0c70c7828168756cd7813cc8b3285bd,8.307979
75ef6c3aff156ef52aa846c2fc3b26271e50e335,8.178908
c32840e4bedac9715b49ce3f04b3dedb98007cfe,6.1284947
aef76b2d6bbd67cf3aac958965862b263c50d4e6,7.967843
fcd6e54df612c033e7a465155046b5223ca4eee3,7.4787025
a50e88cb6830931dd1271dfc49b3497d63bd436b,8.107827
9bbf52d74e4300842b27973d5e1d65a74c54c1b9,7.3543205
b7297bd49e99532695b6290f29fac82928f9e03d,8.360365
c047e3345530b4b4634715536ac54cec9c756b66,8.716813
d023d3790457d12ac59581326aff1a396b206d09,8.465295
c2ac862e74879f4b60191f0bb1397eff1e157c8b,7.92059
8960e95f79cd20b46b7e8fd09d0aa88015566a9a,7.966227
ca3bb5c80bd96ba545e0a42232c6fcdb55f7106a,7.794906
e20abeea371227f8a6318491ca3c0211afbdc1a1,8.214342
e40337a34c269120bffcc76e69700d06f6d716ce,8.04056
f639cf4aa4008b2bf51b274cc01dede03666150e,11.54142
b729f209cdcbb802e5f6f16fd902793131660968,8.0363245
f05838da14ca1dad97a5cc0c58323c6df9153257,8.18148
b0718e2faa64ff947c0ba9e9516616b44c8f4a5d,7.820966
cc8edf9c827fef5ead4c85eabf96ca7033ddf165,8.242564
d37f552ad5c3e1e1c3fc9aebbea6cf50e1b9f334,7.2570534
ab4899d3252b533827ab7d15261b9edb38cf0a7a,7.841466
a244f431e70a9d4c780ac6914b564d98c04ac7ff,7.8787436
39713cf2db02601e4bd6360ba70f8013c0433f48,7.711786
d94808bbe3e5b3ffc39c8d68e0eed70929c70762,8.077811
c0d3079f5b83f8962c439707b96c7ee43be2ca18,8.532996
a11fcd52b2df310a3f3bf8e0561a2c587005e96d,8.529149
dea33f83f3cd94f54f1063a0cd22eab07ec8d3cd,8.037056
ffe872165621d735a48bb5db0c71dd5195cba359,8.437266
d4ca57e34b4e28a3a0c73339e0c72db036894d3a,8.731342
f947938c0e7c1345a488d9f17a74331ca6f478dc,8.546565
f3d6d22e76fc586bffc4f5ac1d73f096f03efa0f,8.315658
cf4bc843e5bd6ba302b1289af66f383b0329d6bf,6.9875064
87e4a8d6efab19e147f510e9b5d10c0d0ff5845e,8.448524
e8335df6f0ac481c6ac16096889c51cb95ab2f6c,9.24419
ec7d2ce8cce8253208e8d0ae74991b46ce2eadf0,7.963595
36dbfe4759f861ee72011812df2178cbbfd736a1,8.08622
ea55b410ce0e38664c6597e4bfa09fce84399461,7.9909854
8819c6723e6d42ad569274ebe2ce4212fd8621c4,8.173789
f5674c61e82766371ddd913c99e6b70414f4dd55,8.252575
9038ddd6c0d498cb8c65b4510e99e8527eabd40c,8.691172
aa8508f6aa7e91da7efc770fc0e04c471463ffeb,7.600831
86adc493a1cc74328222a194a1d1e3adf098b5c8,8.493174
edcb11b4746d7b8056929a37a11e81b0fe3202c9,8.892438
962de82430c78164a7c1cceffdfe31dd0f3c3cd3,7.9392414
c8944ded19113906cf130904726028c5c1a11138,8.054069
e4935a868e50ec1951f892af50e2f5886c935919,7.165881
feb8a2859a011c59efd22ed419cb69288fe03627,8.388431
73ec1e02101d9e26fb75fe8580eec218d09ba78b,6.825907
bb6bcc05d3ef04c14c73ce93dad8c9ea60f5297b,7.167136
035f97702f2c01d26ab1fae8f39ea2f98a0caa3c,8.130817
c9d7b86399869ced995a6e467a257c3915339562,8.171492
dbb0e3f3c32292438fbd39684d9f1ad153bba64a,8.270633
d57eca033aa6388430166086ed3d0390ffefa85d,8.320615
67f697ac574661dca982dcd95ba358bde5b48a8e,7.5605035
b75c5320a2ce606e7c46d1f82723e1e461f37a68,8.47012
947a2e7cf57ae1a546f98831d861cd87c4fd5ff5,8.119708
f5ede5df58c2ea59be6b8c8097659bb8c2e9d0e9,8.184951
7494b38c6d82b590c4afa6cc975f583f51395177,8.129092
faab34a8374299678ccf4eaa3628cdba3b65bfa6,7.677735
861075bc29124627aacce66a29c6dd835abcf3be,8.1129875
ee30201b0b1261fcb6cf010787990ec87343d300,8.084415
d7a319cabc8e30b748e2beca44fc575fc83197d3,8.398171
eb001120a0f842e5bbfd786652695628bd65090c,8.94219
b2c520e7e4ea03898e0b8204fea068149d5535c8,8.5243635
d0561a58b05777ad43db1e0627d8770d37c48d5e,7.5197616
a632e2659eb116c7514dd825ffaa8939365c71e2,7.853884
d5179819718a325ee33fa2096f37995ea6cfea8c,8.582999
aa2ad4e1f1035826e6351e1e801eb57c0b494267,8.245024
67212308d026508fd5b6942ffbbdd7b0be2e89de,6.983428
a6f3201e19df0a0fdf0a3d878d6a8d2e50eefc70,8.233411
a7442b91887824d182c90cd82955b97a1404dc21,7.3491015
e25991f3bf474e9b542b09aef2407a78f3ffc61d,7.7823195
8fdb7157f90753735edf97fcc828b75e6a8042d6,8.277495
b7047722486e995e27292b5ab1945d72ab5a3708,8.047964
accf49bc7124b7fdffea9e75a869a597c4e8adce,7.275151
ca6829e71c271976a4eeae12cbba5e49f232da3e,8.354292
ea0a8f0b0b712337c3740e6ad5293f3dc47db568,8.437582
adcfbf9c58d92335f9b971f6a9afd19d9feab214,8.540317
c52befc118a44669cbf7912b419dfc433c1c0eee,8.622384
61c0c30e1af44a3ad57880bfab7a88591a434b92,7.8912516
c4f595ca17b4c13287b0beec0dbd45d0e356055b,7.244246
f18c98fe93f825e2c01296bad47dc072ff70eef1,8.52761
b3f68ef83acd623f98f4a03fc633905fb2a5b027,8.510119
93bda77bd8d32e4fa1a0549b76f807fbc22f1f7f,8.094745
909386947a62f62c8b94ddde0b623b87c01e2524,9.079077
c2660985c0dbf52fe68f7d3620fffa6ff8f2794f,8.339667
d8ad4586476ab6240c0ec83f3c12cd4cc7a8f622,8.507256
c28a837bbc21a0b6ea686c34b12a7e6badbc9140,8.100427
cc431fffd568a0d46d302233b4d71bd216fa94f3,8.090876
90d54808ce52c41418550421c387818cae759dec,8.631134
a9ccae25b9a8738fd3ce42dfb0fc5e92ca9b8d7f,7.6892543
8d0a196c1c472a4601384f4235f293c4a341b3a9,8.22844
ed3e0c98995edeee0b0a55fe15929a82097e93fe,8.457649
a62742a35ef9194f7da07e547fe13f99bb6257bd,7.791835
e3c9abe5680cb3851ac38d00a01c46f58b6aaaeb,7.984324
798e6393c36bd3b6dc0a9f97de7d4c87a6e5b252,5.9755993
a74f9942a4bf89bc51a259bdd7f5427f1ccc82f8,8.469773
6434afe6261c6f3f4fdbad511a2db8ef090f8c07,8.166827
b68533a39390311fdd9ca8baced33145784eb561,10.517999
df90d9da415c30c25a16e21ca85638577961e81b,8.2917385
cd32daa7c1ff3ed117a127c9c185c1b53a396138,7.8904195
dace1e5b88ac51d7bd53523ad70f8d5d188b9368,7.8345594
f90fb4df43d85aad3ae9602aea19fdb4f47de984,8.142745
72a34636b5a1de1c3796e43d5abc564b4d0803e7,7.696561
d5e3e0d1ec5eae8e2fc08b9c3607cc766be6dffe,8.283265
a274dc9836c18bf295e9e81afecbdd72825ea79c,7.767746
a1d026f103e45011fefbfd9ddc32eedf16edd5f8,7.7614007
9de51c3306c206bfeaf41f4aafc8526300a9f103,7.1092715
dafd07b7aab7dad9894cee44cad55efc89255614,7.9920983
e15002a49ed03188f18c7a791c458c19d1ec973a,8.3870325
899bf68f741b96e69c8b1d6bf22fd86e00b7c00f,7.8563046
b11bdeda44addd99b9b0cdc016fcd27262b51fdb,7.4563518
f7b65fa8dfbc07f71d9e206d1e1fd35b986cab65,8.180988
ae84ba8c1585fe80b8d2cc991a9cc4af2921a2a2,9.844892
f38238ea1bfa182b81a7d73d563b61dbf2825754,8.242258
8ee77ba42fdd6aff7a9eaa84d70064c4cb39cdc2,8.115812
d84468682013517fdcb3506ee81783dcbdf3bad4,8.034677
b25340984452108c2928e20f412866a7dbf4646c,8.479144
cfe62afe7795494a49cfaa46bdf17c38a3c0d284,8.588702
e63a9cdc387a31ea563ecc24b20eb824a8c54ebb,8.236864
a1b60c404f7df8f6f2695982048cac298567b821,8.249007
f7e7c21b753521a3f4eb226d9c69d71214e183bd,8.446512
12887fd9a4df4ba9b88a71f3fb1d2502a75995dd,8.275921
b392a38d92631885c3b63500548976ac63518da7,7.934567
9e1f7de0fe95b78cc2236adb52b0420b382b40c3,7.961164
b6535907c852434b9243df7a0e65f04d688d049f,8.363796
8c6976c873d2ab3f4af9188a4189c46a032a53d5,7.9885807
f35248e9e95942a05313dda4f3a677705d8c651b,7.873641
d13ea487552242f9c688d613dab06ea5b8a867a1,8.304489
d11774bd10cd517b1cde216ca391e76efaf59b44,9.47358
9a20834c7ddbbf82eff849ff8e4f321b856970de,8.336106
fc83d8b4ec86934a2daa128311afedeb0ca5fd50,8.663354
952e48fc51ee7afbd972a8305c2f22a80ce9ce92,7.567636
cdfb7ea46096b2a49dd710ef5dfe7bb354cda15a,8.287985
ac018ab3a6242492006b3ca1e0c508abd1761538,8.552682
e65a627881df5d3e0bfad77c56221d858da5ead0,8.2555685
ea7332c6a62cada8a8e85200ddb71fed941ce876,8.296758
86a7e49131f2acbd350c4b0b9a2243838bd4e122,8.636188
921b990c548efb5620585b0fe3049ed43dfda903,8.277131
a727c00002127704e5ae41a4a08948dc43b4aefc,8.2466755
8d811d7887c2c868b631a2bd296412bde2b49bae,8.497881
cb7cbbf59876001661704aca5fa8d70467f514a6,8.0588875
410357eb9129023509cfaf8d38be61c050bb3b05,7.781132
bd81b591d06c4a726078a831c11516d6ee27541d,7.6563253
9b9216e586500b4d619e331890d3745eea1176b0,8.385705
b56069b7f468c9cb3ff1ed8830af52d4e2fe60c0,7.981514
f01bb96987327c1dfec6ddbc980cfd85650f20d6,8.281217
d0d3472fa981f90d8e6d036dea4bb627c73b6592,8.232836
8d14518288c33c098206996aab23c31b3eefc864,7.7513533
8dada7632816cb20f182c306ae74184ea9e056fb,8.055317
e105dc9d8869af3a83704a5d048424441ce4ad01,6.984643
d69d2c6bc916b8d054bd50f4270a1c6d8cca1426,7.928505
bd18fefd95851483c8aab15987fec421f92523fb,8.1294985
aa953585f60c1f5711c6d5159abbcaafcc89eb77,8.520286
e816ed48800359bfd078c1444a40e00be6fbb5bf,8.294167
badf8b0a0c342afb7e1eecc4fb19feb7ed28e180,8.116016
c072621681c71501470509aeb1c51e3f9f98df5e,7.1074176
cb16d181d96fc8c94f8416437c059b5f0aabded1,8.032065
99935e2b7f9f41bd823ece5418896aaf72e223fc,8.52785
e89a4f1825ece62064e95e63475769011258af36,8.399986
9ec1ac8c3d812703485bee8d58b2a81f4edc8754,7.8891883
ad03c4fb44da8b106e362ef8c65fe2bf34a385d1,8.442796
e04a53abed6db648ac01e162aad84ef8b608365b,8.253682
d8550edf3efaf335a9648aec7584ab6acb55cf30,8.632288
e67fff49031a4f2699f10d6a2dd89b4cafc70323,8.211144
f944b947ec651ccf64807b644af38c6f04229bb7,7.89635
737dd3b5a70f36e8bb79f4c5cf86c7ccfb1e7d55,7.368164
e659bb37740950badc7fac606f227ba5f74fa866,8.402527
ce56b4a23981e6c9f70e87f087bc1be07fdf25cd,10.5061
e873b044ecba72370076d7fe198eeaad94bef3a1,6.650409
ecd66b9bbdcc6ae1eb9a6b765868cba3601730b6,8.392347
c746678029d2139e7658a0f94e98bbf09f258673,7.740489
9bc8e6286b7a331de79c4c4e868b806c0b3bb12a,8.804248
a90b8415afe8507a36e7be7511fd36f1045418b7,6.904329
bb603e54f5809d802fec4c70df7b2c29a5125a89,8.497123
f492b1eb37bae60ab4597c161e7b67d9cc9e4dc6,7.8900523
dc5325f05ad384cacb2431acfa1f398913151afb,7.8040314
f459440c7a99294ca9763f332cd9aa09b0c280d6,7.5685573
994f5b5cdc8a126efbb290700caf797948ac1841,8.601046
b041f9ef5ab6da232256530cf8e22c31ac99971d,8.864771
88188301e8d3565c7f1e2cee1f9ab8794676216a,7.533124
cb72cf616f3cafed458ef94be529c172bbcc5277,8.362859
bf22fb15bf51bc4bcf3d50f7494caad62a596d0e,8.007581
ce201bf315598feafcad345a663284bc266862c0,8.337252
f9e06c04dc036b01f65e7f71a9201922f201dade,8.402637
ae7e6756887c7c2d0e3d26bb83045d298dcb5ddd,8.354758
bb81a7f88631b987cd15c8d539e806ad17a5b664,7.7555785
d1e238d8cc58ceae3359c94b2a4a976a975fc9ac,8.2837105
f0be3049c99eb84be5aae5352c2f0ccf661e1f43,8.19929
ededd47b1e0c18d4af4ad2b0cc21eebcb7c6e6b9,8.222142
9d789185f1d5fb7bd42acd9d6dc1f5380fef1c4c,8.072002
91f7019ee1831ead0e667cf264dfe7be6b743f3f,9.142662
af12f06588c971f6425a28d61e4511bafff05bb7,8.209431
ae75c8309bea2f4a1b1624ce50d0994d5b4dc451,9.39003
d73a15bdcce722312152f547cec67e8dd584a6a8,8.396386
f9f4d4ef2a3de006bd037db9eb160ab8e51c79f2,9.180609
f91758fe4f441cd4b7b053a03252b4c50f3d4737,8.270162
e99d4fb3ef87d5e201da3b08841541fd953af089,8.117594
d2ef78c03149ddfd267005d0dcd248adcc227e02,8.156815
edd78ffaa7bc16d94ee6908b98b3d9863f492c89,8.187284
88a694a270a460f5a09e1e8c569b036d03b9b5ea,9.352031
ba37558e4c84bdb5486d1b3622b0ac7ed3d5222d,9.165802
8ef999ab1a83c2760064ac6c7a4b6c4115c5a186,7.8854446
d92840812393583b0f053de80ecee59f5b19bc03,8.785109
9cf5d1c0d7ddfd6b78c222e83894ca3a75ee47f2,8.207314
92828f67b16f5e96ddb0d436aaa6f1193104c037,8.285534
98903e3bc03971360097ad809526370f701ef5f7,8.094826
5b023883ac089df249ef06f7c8c4398f37e1c55d,7.715579
d11e42daac68288eea95d8923771a326e667b520,8.650431
529d7e5b25e40c18bb7ea49be0963ed7f3e288ea,8.135988
b51687ca4edcbe2376bc3204617227bceb0a52c0,8.292189
92213400df98f5441533511526206328cdde4159,7.6420903
8e5fc3c13f17c0502fe3f0a8404b461b46183f8a,8.526422
b3946c98c388b721854634038fbd1820a7ff046d,7.584963
ad57f4feb3cdcdfbb77d4ccd074d9ca50227661d,8.415386
adc3882c435a390c34d34279b5528215928944df,8.326975
b8e898c506ad360ead5d4fafe6651fadfed6645a,8.232643
a10c5f4ba04fc56032719cc84184c0ad5b5f8446,7.7493377
e07c3edba3602b0d172c2db763539dfa9819027c,8.744989
c3fdd44aeb469416e4895afe4040e54eebc23db5,8.034847
549b4b9f5408631f8a062a6a3b71c496646ee0fb,7.8561645
f440f5463ae218aef17a60e9f2ffc7dbbc45dc54,8.2988825
f92e3ec921384713419dca56d1fe2be1d51f1b54,8.338335
797c7c555f32a47816ca7f0c017002a2131c132a,7.586832
eaf60b6a377c720fa7a13f97831f38531047a217,8.248244
f91b376092344f19705df8873d25aa4a34bafce6,8.4416
bbaeaab91cec9991b4747c8ca3fba0981bf68ad5,7.5225463
9272bf390ef4a8e31a5285c14ec721495414c53a,7.792155
d66c55f4502b462e88d4529dd6b4d167fd42d165,8.263558
950671c7855e25bf4a8330768cabc430bee030c9,7.983332
9d46769291771df99e8061cc9c5d79aacb087210,7.382275
cbb7db3eb5270179fe8ebb9e73dde2c894c9a971,7.9668765
baae1f7bd8567b6f9e220cc863c92124fa71e1fe,8.980057
cc1f8f78f5ef5237c717194b38699b168c265513,7.6593285
f4367a0ab2083a66a5fa812df89e590d3fd3b5a8,7.897167
e85a79ca1bb1f59951efb5c25e40e0ee73985cdb,7.666102
9b6d776d82bca421eb10bc4a1f5f866af7fc2a3d,8.625781
9d69c1d50467997289ee1396002cd197883a2b74,6.894608
bc8caaa2729aa0c9179e8d66388586a4a8586f20,8.304077
aa2288779d4ddfe46b3dcab170577d4f5096ab15,8.181916
fb0a2834f5f131005e12dc1962056623ee6a7188,8.282638
9b4fd6bc9be128b294d3a8590bb6a146bc503902,8.314656
f9491b0ab4aee90c428545e0e315a3af1f827595,9.036807
b1179b71e93f6ccfe9702cc342e53c5c04d2cf60,8.30347
cf8a26a2ce3ac2cfd81a1050e73bdc7a4cd225e0,6.8294797
8b158f3040b574b6d08148e24946fba8bbdc29ca,7.9786625
326a025b5c23347b9eb2c5ceae75a5908a461f69,7.8784986
9d91374d67624389dacb4b429b8fa8c18442b29c,7.847675
a24729ea6c4aab24a9d6dc73513113e8b8fcf35c,8.039548
f4d9301713b16c13c174f19e18d0200175494a79,7.5346904
b27862a2f9590331f29ffdc8f3648dec2a7a7d30,7.870751
9c03af1da21c500de8e0a1be24e3c22d341961ca,7.95231
c8ea10d959a7c782b45e6e83040472d432fa448f,7.796225
96d8f7656a57c4a757129d95863a463358a0c3ca,8.569852
dfdeea1cf0b4fb6c906a25d99aa5756efe14c996,8.525505
9a5d7462df7a85794cd0d7d2c510ebf725d2e13d,7.982664
ece9b75bda9d53b5a67f7bb53b5635a3df017020,7.775603
c4504ac02ad7e7e0c9ea3a1d78601374e483fc30,7.45567
8ee958ba68793684a9962e1b60847d7b73d7c9d1,8.302672
8ab396fa5981adcdc777254c57ea744f1fd4cd2c,6.986368
bfb055d2c2ba396d5e6bd6022719b3ade1cd1407,7.5151415
c8bd30152ccbeebb18f9b1fedac0869f845980df,10.099783
8f19ffb508b23f955b93ebd99153f8ec99025785,8.28374
a94238b07de77bffd5189487ac3d56b96db7e09a,8.23307
a819175c8808635fda7c3854536f82d90a7b31cf,7.96933
f4a045088bd0003226023c10214248049d9da90f,6.110844
e1d3226bcfad8043e69d31f3d76e719c7f041d3e,8.556337
cee203ff00aaca3eaaef780ea6c4a68a3f8fd2fa,8.236247
c21b13edbab3d247c8816a374ebb57ef71700952,8.235153
a7e953186fda9e7bf8368e2d00a19d024f7db5c8,8.352394
86d9a98ab0225d2c2faf6d51fe3b9fad194c3ce3,8.358291
cd6862158d54e5c270e8d4bed99f73f32a721e14,7.9765573
fef4a3263ed9a8ab14d457694bb8fd86ccd98312,8.320233
9a6d7a470aab3fb51ab58261637c58c239ad804f,8.45791
d6515d627895751c832a3075053719da2f5e6cef,8.235237
a57e6a1dc883554789ef6049be9b51530a7aa207,8.557711
c670d2529bab25c82fc7c3757cb11e7f2e404de8,15.046512
c096fc1d9c0ad8efae9cfd509f75522c50603692,8.112481
9cf17df2214b19cf4cd63df22b802afde8cb98eb,7.243383
b9cfcb9ade5f88679b72a7977c50eaca7170206b,8.18299
0134f9f410c65ad0e8c2254a7e9288670e02a183,8.07533
f6c974c003c063735fb1afcba0aec50acdb89861,8.197085
efcf2fbf26e74d0af378d96a168c8cdc05c42a84,8.552153
92cea32d04d98c66af1c1366fe9811047a9b1cea,8.855014
bdcfd5ee015db872058dc442ab9d3c72518366ff,8.262717
93635a4013ec683f217cad90ca4e41aa557c3922,6.1270247
e0850b1bd8f8de58096da128ec94efbdf5f05ca8,7.9456754
c8a8565f00553a00a5d510958dc8c40a4a477783,8.346809
0aaebc88f6106684d6993c156104c1ef36cf94e0,8.117014
f037357014544261767c6ab5b172b246b09d3ddb,8.000584
edc5737211dd036ad81985e117aea3ab9cbc030a,7.731163
e036815d3a8d88224e7e8a95c64ca031dd5b205f,7.3362546
a3748712b8685edb49cf966b7e662e1647503013,11.734683
f6f5b15522aa9457158ec6d7a16caaacd6cbee42,8.524606
b9db6bc5ded963759b9a1db58adbaad3314169d6,8.370561
e95d7442ab6fb642a8c3529ef2fc8aa25a774e13,8.679061
c20545cf079fcd100052faf6db21ee865023525f,8.329965
9d12b920015fc145b62c73ca689e71a362e33b35,8.50281
b152244728671db447c59ab0796fac9a423e1356,8.298594
79fb09750bdb85310622bf240e1060ef8de8bce1,7.6524744
fe516d090eef192c93197ed87878da0e23908140,8.357611
f59fe9b15a7762aa5ffb0653396da3f4f2536553,7.979661
b6cb94c201726bd4e4dcadc007dba2c69933e0c1,8.264724
339fff79c43561c995b29972a962ccec846c599f,8.144909
aafa3b985fc5f4f1f6dbe50b8edc01713225dd2d,8.23908
cf84076c807f395016eaee41297162276781b963,9.221481
e85a95e2eddbdafe7db54351ce3680933e09d0a3,8.499095
945546f9d4db4b9599e57ffd4271193406f0d96b,7.5789123
e58eaf39ea458008043bd1472f267706524f1fc2,6.984578
9b0622ca034d946055f8590f554fde632487742f,7.746456
df17da01944f34b2a6b59e8d45407c1297f9834a,8.326304
9b536900fbffe20f4db747af055dec68b3ddb6ab,9.230044
f156718d3970030deec27298f56fc78a00c00f5a,8.209595
dade8cdd2806e1efa138e68d984abd0ab1c87ced,8.533995
edc641c842df448a70ce315e00b6dd4461a260a9,8.506524
8beffc1494bb81af08c352aea875a183e45bd824,8.413055
a18783b2a14d61192a1b97ce3daca9e67cb8cd59,8.5119295
980a5ef7011a98b8fa55e5ac3d7ebce6f7784286,8.282287
a688299300a50fed79edb502fb02fc503a564308,8.092445
c45bf22121eaa2f37dfec2f58729d22394ea220a,8.575224
88003ba023714648c4312658ad9a4b3703e56de0,7.242713
934776ec5bd2147907362602555bd692fc56aab9,8.666857
c13d9b5245d8fc600da9390192908048857599ea,8.621503
add7a23a1b66010154da076a059216a13b90191a,7.907982
e621f4d6991a537e4508648aa4c3fc278091ec1d,8.740351
baf05c058d7a427783ab9bde33f38d55ae8ac0cb,8.087401
ea2f8736bbf1d859fb5b46f848db37f421181bd4,7.2334695
bc54069a859b02cf1b00e7ab77d68132f9021c8e,8.224101
55ef1cb9ba9a618396f8f82aefdc261d00864381,7.9611287
eb870373b64f0be961f503936f7a725fca60fb32,8.320223
ef070fa973803bec505aeb6230acdd7a917e2a59,8.232743
e13e39c815ec66160db3c75b7331dc1a0dd1d4ce,8.551944
9aace874af47927645c48f21ffeb82f8e15f24e1,9.379979
f86b9fba1d59be7c864d4f23d0c7674113a27cab,7.904729
defaf0c38d68f9958bd180e1a709f130a999b2e6,8.342921
eaad1484ffa24b01432fa3564a8635bda0b4c34c,8.628557
c8d7193cba58a3bf26ba18f4ba5728c56ddcd4a3,8.3177395
ce892387ba13c6b526d18de003b62c1bfe4c125f,7.928093
a5fbdd306fbe3003283cf2cb7ae4c371c9693290,7.638839
89cc639060f3d63cf21d893882e544497e32aeea,8.291786
875e48fd13e52a01a4d48d745d72128f25b9ec81,8.286472
f2d54f193cc71d429fd5803b2e4721d012afe568,8.268927
fe31861a03511f91760de27adfb8803e8ad321b8,8.200016
b2a46e3625d075ff330baf8e18019e1af424bc62,7.5073714
ac164aef8492a4d178d0704b602f0522512dd913,8.534786
a40402ff4c87721e74766e6751bb458653b3e686,8.177124
bd9bd34617afb5bf1f3ff27e575c4df427ac32dc,8.484804
ab4e0b5338de7292c155831c4bd68a740ae6d05f,13.905663
eb2a090421ba380ba6c0a8119510e031bc4e55ea,8.234021
d08b1608a634fda68fd097f278ce9fd4ac24046a,8.31981
b7289b3b24fd67017ed82f62a889b4c9a0fb5ba4,8.560452
9a31bbe1021725b074357ae4668bed6eb7e46bc1,7.3582006
eb7470e41cb0d50314e9755be518f55b093a4975,7.8031216
a76e1891c401fc5f73f6942768488b1487533472,8.455882
a5f22a73b7cb93619da1f3cbc56febec52b1c16e,8.463987
851d9a4b9b8e236f2d62282ddf06fae57b7d9492,8.365976
96ded661b95e3d4d3cf1c8d45aeae3b335224583,8.567789
d20b8e96e5c520827768fe614961d0534c6f2680,8.419328
5235e36e00b0e927e6ce9f6f771ef92915857989,7.828505
cff1765d7a97d3f012a354586ccfd49fdaf6aa44,8.387139
f0d74f349e6479eaecf425634f8b0dd51e60d60c,8.129228
508e0627871ed482bd8ab34544e43e5d856a889c,7.691946
d525d6edf4b0c6362ddaa4814c3930a6a62bdc99,8.532192
b722e6209f2858faf0bf80947cadcbde586bb666,7.387238
b45e8d507778dab56f381a681c453cbf4d3b4050,7.8234134
ea385e57f5d3d6841a6997dd7af680e135928bca,8.865874