username,total_submissions,problem_tried,problem_solved,avg_completion_rate_delta,avg_inverse_solving_rate,avg_submissions_per_day,activity_span,percentage_submissions_night_hours,percentage_submissions_study_hours,submission_hour_variance
"ed9eaeb6a707f50154024b24d7efcb874a9795dd",139,58,56,7.943,4.6642857142857155,8.69,113,10.79,58.99,49.15
"ba12c0a2cb367af0467e479c03507c71a805d291",319,112,112,8.882,5.441607142857143,8.86,117,21,50.78,55.48
"b7298b0fe50443a623af9b56792b330c2d052845",247,110,108,13.114,5.06233644859813,8.52,126,6.48,61.13,46.1
"c60be70309789b39355dc612f36e37090ccad5dc",172,83,76,-5.448,4.01157894736842,7.48,107,5.23,65.7,45.76
"a22a58c5be8aa2c2700619e37f2b7a6e4efa7e6b",288,103,98,15.593,7.228659793814433,7.58,109,27.78,47.92,59.53
"d5841f944022e9ef49bf6ac9b5546dd82ab2784f",6,2,0,-18.759,0,6,0,0,100,14.49
"eb451c65ea210bed6af798282c2c6205c79f71fd",277,100,99,12.108,5.473232323232324,6.16,108,4.69,55.23,36.56
"c3e73d0362e2b21fae6edfcf518063e8a28b7b63",348,127,115,15.236,7.6881981981982,9.67,147,29.6,45.98,62.48
"df9e2c6cfb6035fa5b26af3b101bacf64e95e913",249,104,85,-12.156,5.173176470588234,9.58,98,4.82,57.03,43.96
"99103791231143dd15aa77f2aeb87b2cd4a1c22e",90,29,26,-13.005,3.731153846153845,18,114,5.56,28.89,75.49
"e2ed5ffddf1e60198f9f138810f84b7107ca0561",37,16,12,-41.403,4.907500000000002,9.25,91,0,100,47.2
"8554d1155712da4bc72ec5921db3227311265359",422,110,99,10.7,6.062727272727273,11.72,102,20.38,38.63,41.4
"89fe8b96c04597a0fb63dca3a86e5f36e7580940",102,20,19,-20.339,10.994210526315788,7.85,73,21.57,58.82,58.75
"8b65dcf807a9de0c95c0896919da04523176fab8",118,73,69,-7.782,4.341884057971017,14.75,113,0,47.46,52.55
"b6e252e4989b3b422d69eae06831ad0bfd396126",155,70,60,-10.955,3.8670000000000018,5.74,118,11.61,52.26,53.82
"9e0457ac0f2824c5e725d83bdeee91ed078343b4",426,111,107,-21.803,5.070377358490565,20.29,115,14.32,68.78,37.25
"c9c6d1fdb1bc64d7137f0fb7050e334cbb7c0f6e",554,78,74,17.429,12.198450704225351,8.94,136,29.06,30.69,70.29
"ed6c052a16794cf2376b1497c505b438e9af69b6",152,35,31,-16.571,3.278387096774194,12.67,44,26.32,55.26,65.19
"c5d903eea354607809419b5e23c869ea16626a59",330,108,104,2.406,6.944519230769232,8.92,103,50.61,34.55,62.42
"927008a1eb1983b52fe269b504f398ca185603c3",185,55,51,-7.994,4.6011764705882365,13.21,111,10.27,64.32,45.71
"fd29d68d81bf469540c56ab7074ad748cd72203c",205,38,37,-23.374,4.7624324324324325,13.67,113,10.73,49.27,48.42
"d6f54f87ad964bd1cea20ffceea962f8b6236da3",344,111,101,-2.229,5.462772277227723,11.1,117,4.94,78.49,29.48
"97983f3249349cfcb409b75d5f53e5cbab2bfa5a",121,44,44,3.41,6.4263414634146345,6.37,106,3.31,66.12,44.52
"b72f0fecebc0120609eb4643631055b2e7a31fd7",204,113,112,8.882,5.441607142857143,9.71,117,4.9,71.08,38.95
"f3a7769633f8060ffee4a0295c55ec9be084e3c0",311,111,107,5.703,5.4093457943925225,8.64,116,6.11,48.87,36.12
"abf736b0441172883ba772951733e73d557598ab",165,50,50,11.064,4.111000000000001,33,37,26.67,50.91,55.8
"af99c21153a5cd9289febb0cc7d1f8cbee810621",55,28,24,-5.937,4.910416666666666,13.75,63,7.27,32.73,87.29
"f5a2b63a98287f49a07f6101717dd4c1048b9903",144,80,73,6.705,4.37068493150685,10.29,98,13.19,70.14,52.06
"a9947ca4f64f3122a22c7827ae089d48db8fd76d",224,49,47,8.492,6.016170212765959,16,108,18.3,19.64,50.82
"d28c344507f89c41df926794e0d5a96d10349014",6,2,0,-9.6,0,6,0,0,100,36.83
"ac6522ed2e2b8a808bb80970ccffcb6572183349",310,87,84,8.342,4.893214285714286,8.86,118,10.97,53.87,45.21
"8cf96ad1e77c722694ef03a06a781d61d632f2c0",288,98,98,14.195,5.417244897959183,9,106,31.6,31.25,72.04
"92de4c1319bb3b07781b63801e4599302764dc5f",86,59,58,-0.994,6.778620689655172,7.82,70,0,58.14,65.37
"f0cbea39c26f2cf588e04885ddc1a439564bd782",209,62,61,4.552,5.636065573770491,16.08,127,1.91,75.12,31.09
"f1299639d65fd743440958354f22154e171500d0",109,21,20,-1.612,3.9319999999999995,18.17,21,11.01,55.96,49.48
"943f8910b7d79d76726a7c50a996a39a00fb033b",279,52,51,-5.181,4.806666666666668,16.41,111,5.38,60.57,43.22
"fc4d0cb084cf3b98bbe820a9fc36fd437940969e",115,28,25,-29.18,3.6923999999999997,19.17,45,5.22,86.09,40.77
"c084f1399d2813131b70acb3920068a454cea6d5",133,42,36,-31.649,4.046111111111111,8.87,105,4.51,45.86,48.04
"979ddec134899a31461a05d820b9d6cad713715b",160,92,64,-16.481,5.049375000000001,6.15,94,5.63,53.75,46.64
"f7d331120e9b3a15cf4a0028849bf050846d5d6a",246,95,78,-4.886,6.639102564102564,10.7,121,18.29,34.55,57.32
"8866a6da23ad8a2abfb243905e0b5e2c98e366bc",337,114,114,15.667,5.5076991150442485,21.06,125,5.34,68.84,32.46
"5c67cd01bb445f9b80d30f2c551d0d42776898fe",73,28,28,-7.253,4.4799999999999995,9.13,38,2.74,89.04,37.5
"f408354e704d901dac2f283fc8242d2787ee4813",272,105,101,13.125,6.453762376237625,8.5,110,18.38,52.21,54.18
"e594aa5283c8b2076ece870504b4b6b2e9c29ca9",112,42,39,2.433,4.8500000000000005,8.62,92,17.86,79.46,45.58
"c5b963fdd21435b56c4cf55f49d652d92fc83093",200,59,59,14.451,4.708983050847458,11.76,107,11.5,66,43.61
"948fbf59cd52083820e8e1682a5bc2a34793997a",304,76,74,17.429,12.198450704225353,6.61,114,28.95,52.63,51.55
"c399382ea2553528d9b44a9aa6492cee7cf0b5c0",132,47,43,-14.414,4.806744186046513,12,78,16.67,75.76,51.17
"541270fc6468b9399001ee5a8bfa0cd380e1db60",28,22,22,-13.484,3.638181818181819,9.33,17,0,32.14,86.12
"d2a2d2ee79d993c9821f176d9a248223ee59b3c7",121,48,45,-24.216,6.278444444444444,6.37,105,6.61,76.03,45.11
"911daa5a6058823b007274f35ba038da7ec89a11",223,90,83,-7.157,4.594819277108434,9.29,105,43.95,39.91,74.11
"a5b034cb2c29d312a2e5475da6174e196cfc3c1b",505,105,92,8.176,6.662065217391304,12.95,109,10.3,65.54,35.27
"da7fa747f59ca321b48b414b2f884d027bc961f8",226,87,67,-15.88,5.240597014925373,9.42,111,26.99,39.82,58.12
"dc87f8c4ae8953d2d0bcaf1a08239547d77cdee8",299,106,98,10.7,5.361530612244898,10.31,111,30.1,40.13,55.58
"8e3a076971fce919b1a5a0bc62dcef86264a1c24",245,65,60,-9.98,6.432500000000001,10.65,105,4.49,53.06,38.06
"987888aba1d68d84a51fcfef4131d649024e0aec",1,1,1,0,0,1,0,0,0,18.59
"c3635fc4a7b4545fc6df8dcad81f86d1e08c66cc",28,21,20,1.382,6.702000000000001,4,82,0,67.86,60.25
"8ef9f17bb904f437ec0a9849d820ed0f86843517",191,48,43,-16.022,5.378372093023256,19.1,80,3.14,67.02,37.36
"addfbcc77f77c6c80cc3e55261cec181722e68cb",49,20,20,10.906,6.231578947368423,6.13,83,0,71.43,52.12
"ca84b66fa8d2c26e91bcd21dea081bb062e51711",132,12,9,0,8.963333333333336,13.2,38,6.82,70.45,45.57
"b80a4c674f6640d304722f4a92eb9b47345f1258",194,29,29,17.49,4.3003448275862075,48.5,6,16.49,36.08,48.23
"a3c251eb71ac7769282f383672f19d3cf66f1b04",317,60,57,9.64,5.043859649122808,22.64,97,1.58,59.62,26.83
"f2c6f4d1250f2570b4dc5edfa7d0952ec4b7194f",335,111,104,6.868,6.46923076923077,11.17,126,6.27,60.9,39.5
"be7b5a55c3a0343bda6a2a6ad09c5cfe8714b27f",288,85,83,-3.212,5.394216867469883,14.4,128,19.44,56.94,53.89
"a593667aa30cd094ca66d70dbb5ee98fc64d38f0",31,23,21,-31.756,6.482380952380954,7.75,45,6.45,61.29,84.27
"c67df30ae6cf151f19df3e36d15f0361619ed47a",329,59,55,-0.133,5.228909090909092,16.45,104,6.08,50.15,39.54
"bf9e4a55173e6e65b88bbf4f18744ea043b07ed6",23,13,13,10.08,10.082307692307692,23,0,0,100,26.64
"df1a661311bcb75b3b3c258c46ab75819bd6d249",130,42,37,-10.075,8.16918918918919,8.13,53,14.62,53.85,64.28
"a60f543d315ec120d2f433cdccc19342c9c3be02",214,116,112,8.882,5.441607142857143,15.29,116,6.54,71.5,35.16
"aeae992591ef4a9423528eb6029301cbd29daff5",19,3,1,1.241,5.599999999999994,19,0,0,100,22.49
"b002ea316ac314e47c6aceffd6583bd300962387",12,5,1,0,4.760000000000005,3,31,0,16.67,92.11
"eaffaa19471bbf9bba8fa5808dd0904474089ae7",427,109,100,-14.222,4.832900000000001,20.33,112,2.58,59.72,26.8
"bdc3fba009b4d570355de5bfedfb6766746789ce",115,59,55,-7.073,4.687818181818183,7.19,111,5.22,65.22,49.86
"97469bc8eac2e4fd57266fa9821a50561a4d8473",7,3,1,1.241,5.599999999999994,7,0,0,100,14.64
"fe659e147194c97b69278c8effb4041297398009",15,11,11,9.413,4.814545454545453,5,5,6.67,86.67,38.03
"91ccfc470d803af51ecbb91da39db5592e3a3324",323,113,103,9.779,6.250194174757281,8.28,112,13.62,43.96,46.24
"dcf7777f614c11ed45f8ff82f2c44d7dd15889af",286,103,95,-6.048,5.181473684210526,10.21,106,63.64,19.23,94.2
"248ff20c10b7d18c30fc84ce214936f5bb440e6e",59,34,33,1.519,4.266969696969697,9.83,22,37.29,38.98,50.38
"8b2735093e532de21b7aabee43b9c76278bdd5cb",292,105,105,2.682,7.916380952380955,7.49,104,7.19,32.88,39.77
"fe4316169ee8c83567ebc52bc629912ff65f14b6",249,96,92,0.563,5.5208695652173905,7.32,109,2.01,58.63,35.98
"9a8ad4a46036cc65da3ce25da0a1b9e70f979655",82,14,6,-55.027,14.926666666666664,13.67,58,46.34,13.41,102.75
"f1fb0a22c3c46fe87eaf8bdd97d80ed51436f782",122,41,40,-12.013,3.8752500000000003,13.56,78,5.74,68.03,42.7
"e299749491b5a979701f0dedd4467ed53aaf7c7c",193,102,99,1.186,5.232020202020203,7.42,106,27.46,24.87,74.3
"9deeecfc873e74ca5ef8b27fb6b22bf7a536ab86",100,37,31,-8.773,5.416774193548389,6.67,98,29,42,69.51
"f382c8f54d9fc494b6d8cc0751f694f0acbddca2",217,50,50,11.064,4.111000000000001,24.11,29,1.38,64.06,37.83
"884afc60bb87e1f0d85311221487273fc5d13d13",193,53,48,6.355,4.053958333333334,12.87,102,12.44,65.8,45.51
"add21f371c1ade0e82ccdacf7ce016dc151a6968",249,105,87,-7.166,5.010344827586207,11.86,117,13.25,66.27,44.78
"ad77e6368d86e38cbf14a33770ca16b204522863",449,108,104,14.943,6.225576923076923,11.82,113,19.82,38.98,51.8
"a57d3a31b965e00aa208f4d499c0b3637f759838",35,20,20,12.096,6.965789473684212,3.5,82,28.57,42.86,89.89
"dd98462b95687767f50edcdc4758ff5237c0bcff",269,61,58,3.457,5.184310344827589,20.69,100,2.97,80.67,28.01
"f7ce1b89f61b8a40a961d7fee02ea31d4b27583a",206,106,99,11.263,5.662525252525252,6.87,104,0.97,50.49,45.1
"ce5a9a38579b80879f4de53eaab2d0083b685d62",20,7,6,0,10.095000000000006,5,6,5,80,50.72
"f4984561cc406867aa796356b6bf10a2091e67fe",62,32,31,-15.346,3.336451612903226,7.75,28,48.39,12.9,110.36
"137ffd846ed245676a14f1d5e8676a4ef646182b",174,41,41,-0.778,3.8741463414634154,15.82,38,16.67,51.15,59.84
"92e2b243f8ca7bf1ce773bedf8205980f034ff05",249,85,78,8.778,4.56064935064935,16.6,126,0,87.95,24.16
"b8b78832d415b2137aaa400ec638ca3828510a71",317,101,96,-1.298,5.178645833333334,12.19,100,30.28,25.55,67.67
"b4742d304d9cd4891aac3cedf5905676e9fcc9d5",368,103,98,9.009,5.576326530612243,16,127,20.92,58.42,48.89
"c1287b2f156f6963bdda82942a95288967e9422b",193,49,23,-34.784,3.1382608695652183,16.08,113,0,87.56,27.34
"ef5d4cc5cd7a9d46f3e31572d97bd52423bae4e0",80,25,19,-36.312,6.350526315789475,6.67,105,17.5,35,78.46
"ebdfeac0c48444c5f4fd377145b2d97e12c78cac",11,10,9,1,0,11,0,0,100,18.97
"f01795183fd859bc35b074c06fd58b5e6623fb03",73,21,21,-12.35,5.91047619047619,12.17,113,0,72.6,49.3
"ca01f93cb3384006f7af5de96bc25f924ad8bd14",271,43,39,-20.057,4.279743589743591,27.1,99,0,78.97,26.91
"c9c9df2ea1ddcc10cc57d4e1d92b2f8b33d94538",283,90,85,5.269,4.854235294117646,10.48,114,4.95,50.53,34.95
"d982afe8253215b9a75464a85bb061d5d5f7975a",401,84,78,1.843,5.192948717948718,12.53,105,18.95,40.9,55.16
"a99c3a5ba8f7e25ea61f79dd74cb89d6d8bf8a43",313,72,68,2.476,4.424411764705883,9.78,131,5.75,69.01,32.93
"b459886eb6e03f683c364b338a5c2f4776391dbc",199,104,104,-0.565,5.254313725490197,5.69,201,35.68,21.11,82.36
"add17ba1901ea9804a604aeed6ebe191d784785d",257,56,43,-42.852,4.687142857142859,11.68,208,2.33,64.98,38.46
"c757c72ff79910b22c548daf9067d6a682bdbb4b",188,70,61,-2.406,4.406721311475409,9.4,105,9.04,53.19,51.45
"d8cb6954aff8cc17b05a205c949f36b46493eb8b",366,99,92,-3.718,5.238804347826088,24.4,94,0,47.54,23.13
"a832f98e370c27f9fbc8e0caec05700a96e89a4e",80,50,38,-29.866,6.417105263157896,6.15,107,13.75,51.25,70.46
"d5cc23d9ca216f0f8c6e5ada7c4e3284a3920958",47,10,7,-77.341,3.5342857142857156,11.75,143,0,100,18.84
"8fa7abd9421e396273c3571b177340434fc132f6",42,16,9,-49.191,3.177777777777777,6,57,19.05,40.48,84.04
"fbf5d7997f35a05b4f296b7b70b08866c13db856",206,91,89,2.822,5.607191011235955,6.65,112,5.34,34.95,49.25
"c6e9fd605b75a5090b1879635a6db8da08b8a600",171,77,72,7.218,4.392777777777777,15.55,113,21.05,36.26,60.28
"a576ed0ff4b19b2c864b2c489227a491ac670b84",27,12,12,4.507,3.2816666666666676,9,7,3.7,44.44,81.22
"de163edff457321dc540b375c7b316c7f9fe73cf",312,116,112,8.882,5.441607142857143,17.33,117,3.85,79.49,27
"92a1cd997867a6115b3d079903e63aba8dd214cf",190,89,86,0.632,5.584186046511628,7.04,106,10.53,80.53,35.24
"aa01429991aa756b651364d54b7b28c2bfeb6c3c",72,11,4,-56.809,3.7325000000000017,12,5,5.56,54.17,47.58
"50f17ae2d9048b293cc969aa8668b365f9773f1b",116,45,45,4.485,3.8739999999999997,7.25,39,6.03,53.45,52.99
"ff3fa2ec64294f37ae968159f810ebeda7966c51",94,34,30,-5.966,6.531666666666666,13.43,116,7.45,39.36,73.39
"f7875ec1207504a229cd9b5ca132437c6bdd6a4d",168,47,40,-22.38,9.498974358974358,10.5,80,22.02,61.9,54.31
"da37e77368c2bd5a7a9792749fd6ed83e05e2515",470,107,96,3.65,8.871458333333333,14.24,112,3.4,75.74,23.67
"dfc34f90e58f60b101c824e10d74b8ad0c46a2cf",260,94,89,10.601,5.156179775280899,11.82,107,13.85,35.77,45.15
"4df58b4a53afe49f40e1c054f9a2e8553352e254",74,44,44,7.168,4.13909090909091,7.4,45,20.27,68.92,67.06
"ba0b274a12a5891f98da7f012d4c757aeb822917",406,87,77,2.454,5.833246753246753,11.94,133,34.24,41.38,63.15
"e73e06dbdc983d0a3ccccdf754b85603dd0818e7",113,33,29,-23.516,12.004137931034485,9.42,63,29.2,38.94,72.14
"a05a86b21a7d5922fed8c50f36d307ed7a8cc70b",212,113,112,8.882,5.441607142857146,10.6,117,16.04,59.91,49.11
"87322721181928972ce2b67242f61ff23275f3dd",275,97,86,7.009,6.0329069767441865,11,98,10.55,36.73,41.9
"c001ef5d0a98bae288e504e13db2f1d4533021f5",367,40,31,-29.735,13.879999999999997,11.12,112,14.17,52.59,42.16
"a07cb417ba30c0e4d8cc3831f093740ece8be01d",80,38,35,-13.112,13.574571428571426,8.89,80,13.75,81.25,46.28
"87ce4212940578f8ab9aaab4616b104ab515d4e9",630,113,113,-11.645,5.483893805309734,25.2,116,29.84,39.21,60.13
"d2491eb9351f861cdcd439fd5d73883a6d681d6a",225,101,92,4.123,6.945714285714287,5.92,132,15.11,52.44,54.77
"9871e11a3a4574e6b565733fe3e565f13d670744",95,43,34,-10.928,6.84764705882353,4.75,112,0,62.11,50.74
"a30f91cf4dd6e15b62a675de5087a6db82d61f51",236,64,60,-14.071,7.071166666666667,8.74,111,8.9,59.75,44.02
"ccc7600e812ec5b6e75a9b4e2b04f00a48d1a9dd",4,3,2,21.241,25.839999999999996,4,0,0,100,10.5
"aa2166a08738eb1a62d78686cce70fc5572d0607",48,19,19,10.906,5.877222222222224,8,80,4.17,54.17,71.03
"73c38d8466f153b974c09c066d1469f63b856d07",207,66,65,15.693,4.126769230769231,23,256,32.37,47.83,55.82
"db4c010c135d84c00fee816a085360bca2537594",295,87,86,11.199,5.404651162790699,7.56,119,27.46,49.49,59.51
"8531dba6dd1818a4e3f3ba5e355e1e5ea9276afe",175,72,69,-3.191,5.754202898550725,6.48,114,1.71,56,43.56
"951b5bb9ecd6593cecd2bd72fdf62a0785bd3b3b",498,117,101,5.52,6.639791666666667,12.45,122,28.31,40.16,62.02
"bca16481f37f3534abb04344ef1855b0e56140e3",243,89,67,-6.474,4.244029850746271,7.15,111,6.17,69.96,36.73
"f679eb92d1581b842e213a6d2a8a74a0b9ede984",21,14,4,-70.781,2.905000000000001,4.2,4,19.05,80.95,49.23
"df15664e980175f8ee9ea6687b81c59f3139406f",375,51,49,-9.534,8.980833333333335,9.62,114,23.73,55.73,49.28
"bd53f29596985f567c39329a8f8da5100810f0fd",93,28,21,-24.742,3.251904761904762,31,114,1.08,69.89,57.29
"cb713a14e9dcf23999265a8826e204beb646626b",250,32,19,-39.036,2.5878947368421055,22.73,114,28.4,58.4,42.71
"fab22b3c9fd685c26953a5ffe073c4aa2a788c7a",156,40,38,-2.357,5.046578947368422,6,111,13.46,50.64,61.81
"8674a295a4ae610ccd77b60cbaa692db6a875761",369,93,85,2.7,7.386666666666667,18.45,129,22.49,43.36,44.36
"bdefe60060197430834e27ee0ecc1d775f5e2b89",334,102,98,11.003,5.317755102040818,7.26,125,15.27,49.1,44.26
"9f605b4802c811805adc38ae19035ded09a5e4b5",1047,97,86,11.692,5.503023255813954,19.04,118,8.6,52.44,30.78
"dbc27d6c8a04413d73a885a7b2c2d8db605504fe",10,2,2,-69.6,3.4950000000000045,10,0,0,100,41.3
"c15e04639eb35379bc74fd289f38b1c9d21e2278",107,59,51,-1.741,4.815686274509805,11.89,135,0,87.85,37.9
"a65549b33ec5839c95aa1e9c2e50f74685ad7cc5",93,32,27,-8.698,3.379999999999999,10.33,45,2.15,54.84,58.91
"89b7eb7ce1dccd4f6a7eb59017ac455cf1e57766",166,52,45,5.106,5.251777777777778,9.22,115,0.6,55.42,39.99
"c308727c618e21c478dba676bcea9d040d179f99",139,64,64,22.78,5.7971875,10.69,114,16.55,68.35,51.08
"eb46bad8df84ccc42fb7bc9cc3a218247777367e",242,83,78,-8.087,5.370641025641025,10.08,106,27.69,34.71,63.58
"c787e77b224890e7fdcc8e2ca0c0577657d98581",188,88,79,3.514,7.329240506329114,10.44,111,13.83,29.79,47.7
"94ec21d59f07c2091e0359a0085fa6c569ed30c4",165,51,50,16.773,6.593800000000001,9.17,115,24.85,43.64,63.2
"ec62a3c21a4a116991338ac88863dff35157a1a7",41,16,8,-47.43,2.7912500000000033,6.83,87,36.59,43.9,59.14
"9081ee605de7c5e739569f3f829cba953cb918f4",120,71,70,8.26,5.085000000000002,17.14,84,0,99.17,18.06
"e2670654203c6b5aa850edf95ea9e293939963fd",272,105,102,-11.487,5.011782178217822,14.32,119,9.93,62.13,40.88
"a75958bf7ddea02d2c0d5a300c83abfe240f3552",528,105,103,11.047,6.122621359223302,9.78,131,14.02,43.18,37.97
"c484db51bb8e5e6218578a71ca541b135c2aa1ff",328,97,94,3.093,5.76054347826087,13.12,103,7.01,64.63,37.67
"bda97a680a69285ab84aefb75abb53676e7f6b55",27,12,8,-49.054,6.880000000000001,5.4,94,0,55.56,87.88
"f2efe01b5b7d2613529468857009a02a3cc820b6",116,51,38,-22.775,4.16184210526316,8.92,124,13.79,56.03,55.44
"ac7569c6eb788ec3ca408850d164b68f73bb148b",188,68,62,-4.073,4.902419354838709,10.44,106,3.19,60.11,48.61
"911315669fafba0a06cdbf08da7cff7e81f49759",18,5,2,30.4,24.685000000000002,18,0,0,100,59.37
"ac6104bfab84b79b7ff1f01c576e2b7442988f38",104,48,36,-33.439,7.97472222222222,3.59,121,20.19,59.62,56.06
"89cd14d1bb26c559102e9080a85ffa977cde7fda",81,53,53,-1.613,6.220377358490567,10.13,114,37.04,41.98,71.99
"e90cd427d5e229999107e56e3f06953f3108635a",107,48,46,1.773,5.809565217391304,7.13,109,1.87,63.55,44.1
"a130e19ad47a6849ba0261a7a81a8d9bb93f3a7a",246,102,99,1.186,5.232020202020203,6.31,106,17.48,31.3,54.33
"baccf806cbacabe5f3a91ecd093cf36b4db436a6",196,73,55,-26.951,4.630909090909093,7.26,127,4.59,51.53,42.05
"c6b1b85455fc8ae7de258ff95875644d77f55254",119,62,56,6.263,4.9037500000000005,9.92,130,1.68,82.35,39.78
"b7ea6b3de19afe8e98d52228dfcc3f3027f18891",238,101,96,8.964,5.324631578947368,9.52,130,15.55,39.5,53.18
"c2dc9b42636e453c1ad8e7a5e490654d39dc303b",113,67,60,-6.451,4.833666666666668,7.06,130,0,72.57,39.04
"cfe97f961ec4d2fc578ef0aaf87f52c54a9aa181",208,84,78,0.982,4.86602564102564,12.24,102,6.25,73.56,35.96
"c4dc23da121e0654017198804449e35b2e9c2027",53,6,3,-59.167,2.5599999999999974,17.67,4,0,71.7,62.2
"ea79d40b446a3660b4d0b01e53fc4a14bc18f60e",15,2,0,-18.759,0,15,0,0,100,19.48
"b51b95c923fbe5e4f47342faa554cacb44477016",31,13,11,-14.762,5.528181818181818,15.5,14,0,77.42,22.77
"b0f303b4bc78b12a467c465db3b050425eadbf64",321,84,74,-3.894,4.321756756756757,10.7,121,2.8,58.57,32.54
"ef02ce9a2a904477907fe9135cdcbf1652180d31",372,64,54,-10.705,9.309629629629628,12.83,117,10.48,63.44,38.4
"908ccf9bf5e0e7ab597a09fa19d91b1a5563b43b",159,74,59,-35.581,3.7801694915254243,10.6,116,1.26,50.31,41.94
"cd2cc30c2a3c6b967fc897beaeae9d3482163a21",133,47,44,9.85,16.12590909090909,11.08,53,3.76,89.47,33.01
"e460fd665c3f541f48ac4503abf2e90b9bbb3b94",199,87,80,5.139,5.375063291139241,6.22,105,8.04,42.71,46.41
"f77371745c51f549f9a641110e52f255aaed0f10",191,60,59,13.04,3.734576271186442,14.69,45,0,55.5,31.81
"9938999e257ea21c657f6c63ff386937544987aa",211,102,97,-4.354,5.056082474226805,7.28,103,10.43,47.87,53.99
"a05ee87ddc674ddf01518fe125eaeec0820ea53e",273,89,45,-28.588,4.836666666666668,10.92,101,40.29,41.39,66.07
"913eb5b320c3f4b475e8064303960997b0dd7a9f",217,48,47,11.64,6.693191489361703,12.76,101,30.88,41.94,61.22
"e9a8e1a87eb55c0dc1787fcaed22be98d9cc1ed0",188,72,69,6.927,4.991884057971014,10.44,113,19.15,49.47,56.84
"8b43c7696dc13421431102cb4385363ee33513e0",39,21,21,15.668,6.702000000000001,4.33,81,2.56,64.1,63.4
"138c5848f009c004f0b8e2379316d5ec18332ff8",210,34,29,-14.871,3.563448275862069,23.33,45,4.29,57.14,42.3
"a99ed97ee0e4d81fc9a8a5a5baaba5407a897b84",103,43,43,0.538,4.139767441860465,9.36,210,19.42,74.76,54.83
"8d9b19c2ff7d630d2d48932f3c1d35aaa97ad51f",226,74,73,18.625,12.198450704225353,9.83,120,9.73,66.37,46.16
"920523a6f06947927c3d1b9c2c902fae6eb740a1",384,124,113,10.687,5.253693693693694,19.2,115,5.21,77.08,31.84
"9d549d02a71100ae95cf02deb371138097549edc",189,81,75,-0.411,4.203599999999999,7.56,106,0,58.73,38.46
"8c5d6de5fca9e769de9676c911d9e082ec1a9fb4",22,11,11,4.886,4.465454545454543,11,7,0,100,20.39
"8968e2c95fd09b05d48b4b094529d54d06bf6da5",168,58,57,16.945,5.301578947368422,15.27,114,0,73.21,37.22
"f8da0aad0792d4f2d30881abdbfd4029dc264842",79,40,40,6.695,6.01775,6.58,105,0,94.94,30.62
"cf6788dceae33f7826997b7fa99b5189cff1aa4d",157,60,58,19.217,5.305862068965517,10.47,114,0.64,73.25,37.82
"908365770c09838aa1bc1874bf3915779910e775",183,87,77,8.363,6.37921052631579,8.71,127,0.55,67.76,35.57
"d4a5c57c98a9d8e16b1dd93042d22cc422772b0d",345,41,35,-11.011,4.330571428571427,19.17,49,8.7,49.57,35.32
"c195c2ea359350b81a96211ccb40d03fb0501e7d",52,12,6,-52.641,4.676666666666669,13,48,0,98.08,41.34
"c8332f72a4f6049ef2f28e4a0fcbde9d142c8591",200,49,45,-12.031,4.295777777777778,12.5,114,16.5,47,51.9
"c0c13857d74703fa66da743d1d670bc2b9957f7b",440,100,98,14.195,5.417244897959184,13.75,104,0.45,83.41,16.93
"89d4e10b3c250c027e108d10ebc00bda239e7e39",39,16,12,-54.796,6.218333333333334,3.25,105,7.69,58.97,64.79
"fcdf51cf37b314ebc57038046b859b3172117f4f",163,46,44,10.024,7.179090909090909,14.82,110,0,68.1,35.31
"cdea6ad7a63edbcba925717a8c64328c255a0450",363,115,114,15.667,5.5076991150442485,16.5,117,9.92,47.11,46.1
"859c3b6fce7256abf5acfef957e6c04134c01e4b",129,64,64,7.717,5.869523809523809,9.21,128,4.65,81.4,41.35
"911f5eafac3def56e71836d495b740cd059edbcf",279,111,103,14.337,5.838640776699029,10.33,102,23.3,32.97,54.24
"f8526194e3d9450a847706ea1c474c9e1a65a3a4",151,81,77,7.068,5.944025974025974,12.58,115,9.27,83.44,33.24
"85838695003ef753ce13327655b84defa54d6eae",525,114,101,-0.4,5.85821782178218,11.93,100,14.29,57.33,40.44
"d8cc02c7b6d2478b9f6d47664272c43801d6d9a9",198,58,56,8.791,5.0617857142857146,12.38,91,5.05,74.24,34.4
"bbf7f2c725fe4c3e0eb56d29707437d1603b1c56",63,20,20,13.287,6.926315789473685,7.88,81,33.33,36.51,90.32
"e92f3d3e5a00b7767c239cac14b6d9fe92d5ef9b",196,65,62,4.819,5.429354838709678,19.6,94,1.02,72.45,28.18
"8bf27a767fce0a5fb359059183d06e01d62dca8c",101,27,23,-38.492,9.22521739130435,10.1,106,7.92,70.3,52.48
"84b6b2d70924066c8345f2bc2281791ae3188da2",160,82,77,9.058,6.195454545454546,5.16,107,9.38,63.13,50.49
"d3de05492e2353a5f3a80b5ea37a6de4651923fe",551,111,110,6.501,5.263000000000001,19.68,113,0,69.87,23.88
"85bebedd9d4605ff6823f6f25c761e64a588bf22",129,44,43,5.5,5.819069767441862,8.06,111,0,89.15,26.46
"c2ca84eba451533cc357b9c82cdc4c59227ee38d",56,23,19,-42.236,10.986315789473684,9.33,36,0,80.36,49.97
"b03084cbf44b7fc100db518a5ff7ef7e9924c260",210,101,93,-4.418,4.8194623655913995,5.68,105,23.33,43.33,57.21
"2fa311a94bc0da6d97955730d071ad6fcc770bfd",112,46,44,8.484,3.8700000000000006,8.62,46,34.82,49.11,55.5
"970dc7689a54be2108e10cf65af78d85288b64e9",231,114,106,17.923,7.3023300970873795,11,128,2.16,76.62,34.59
"f94ac320b67f53eb86a68cf30fcced221092e7fa",2,1,0,-18.759,0,2,0,0,100,5.75
"baa9b5294556d31b066df7e0dd8b1b0b1a8bb9f2",356,93,85,3.177,7.2631764705882365,13.19,105,46.07,33.43,74.09
"917f1aba835e5d7e79fc124c1d7a3c8c2588cf8b",267,83,78,8.787,5.761666666666666,9.89,112,7.87,41.57,38.35
"95c2c72faa0bcedf9452be96511b7ab488754e77",385,58,55,12.457,14.114909090909087,18.33,110,22.6,48.57,49.38
"9167062812b68b140da9de7f824ec6131ef31a01",131,83,78,0.584,4.951923076923076,6.89,93,3.05,12.98,56.86
"c41c79391cd0c8816cebc9a0b4ef1fcc5c2e4018",365,111,110,6.306,5.421636363636366,33.18,137,0.27,90.41,19.7
"ce3ad9b28ad26a494e6a196c110ca405402f3e9b",314,104,100,-2.253,5.7468,9.24,104,11.78,61.46,35.07
"cc818564efabc759f8cfd2e978029ff6125406cf",227,75,46,-26.603,3.554347826086955,7.09,117,22.03,39.21,60.96
"cd2b912e4a3d661cd4f500287d3bf1b4f444b7bd",236,77,69,-4.563,6.126764705882354,15.73,112,43.64,40.68,59.25
"85bf028205803eb9b1e5494c540ddd2938606606",194,50,47,5.552,5.922127659574471,8.08,128,15.98,57.22,54.03
"e7d0678e66dad824da63837b53bb0bb38a571f42",171,65,55,-18.544,4.229272727272727,15.55,115,0.58,96.49,27.33
"abae080e558fbbcf25131d47ef3dbea697548f14",364,104,94,6.458,6.026382978723407,8.09,118,23.9,52.2,55.42
"ddffb03cf0301334f5a2f89626640fa8812bde5c",246,106,101,13.125,5.674554455445546,6.31,107,9.35,46.75,49.94
"db7c4fbff4eaf7b21678b8b053a0c3dcd74dd2b1",328,101,93,5.343,4.9970967741935475,13.12,105,9.15,71.04,33.9
"badea8134ecf83e912ac6628ec12465e227c1e6a",142,62,58,-18.466,5.642586206896549,15.78,98,41.55,20.42,83.88
"c3127c3c92a3d510a78a5248b4e7fac50ab81e0b",376,102,88,0.802,5.473636363636363,12.13,114,3.19,70.48,29.23
"9b788cef19b68860b4cba1f072cfc4744e6610b7",13,5,3,-62.16,3.0400000000000014,4.33,12,23.08,53.85,49.27
"afc376cc4bc5460a941a5d21f91d19f159cdf490",173,74,73,-4.07,5.707808219178082,12.36,106,6.36,38.73,56.97
"c52fc84d8cd2335788c472ff6fa6b3aaaa8f2252",4,1,1,0,0,4,0,0,100,27.55
"c2da78b847fbfac6920b3c5a2086c79b3a2db8f7",266,73,69,2.181,7.946956521739129,11.08,155,0.75,72.56,26.16
"aa8e2b08e043c6d844c28cb004a224615af29e90",217,63,51,-36.991,3.602941176470589,9.43,107,6.91,41.94,45.27
"bec0491f541a76e4fa31e17842bc573c812cb528",160,55,48,-15.471,4.046458333333334,10,114,7.5,55,47.26
"9843de5b71377fd3392db81e3178e11bbe90d95c",189,101,96,-4.737,4.915520833333335,6.3,106,0,70.9,29.81
"c846650d2b1b4a07f67e13c5aa56c15185f81f15",466,105,99,10.953,5.706161616161617,14.56,127,1.93,65.45,26.3
"af744dfd0234f2b89d667f962f13cff1b5d0c9e0",195,99,82,-2.698,4.285487804878049,10.26,105,13.85,34.36,56.61
"84a17972cc6d29489bbe205a9e7feb8745726fbc",182,98,98,-0.967,5.228265306122449,5.69,91,25.82,51.1,62.63
"a4a81c655f21aac65297532528cba5a28e8f5ab1",227,90,80,-4.645,4.852750000000002,9.46,132,35.68,36.12,65.89
"d4a08e7df54afbd81401faf2e0349e88ed7fc2d9",95,46,38,-10.046,9.281578947368422,5.28,114,2.11,87.37,33.37
"a6bd1b3de6ceb8be610c33e3a0e4a89350700984",62,25,22,-29.549,5.4350000000000005,5.64,84,1.61,75.81,54.07
"eb83b2280e41f55da33ed81e62d7b8ebba9a93f8",312,91,86,1.881,5.670697674418606,12.48,116,5.45,64.1,33.5
"ce2f2072bf32af4582a24726936af34f88225213",213,71,71,0.847,8.037605633802816,11.83,107,4.23,62.91,36.86
"c667e08eaa5cf47dba38ac81da9c185659db42c2",7,4,4,0,10.095000000000006,7,0,0,100,48.88
"ed8ffb58d172827f17d1abead83d9b8c44b554df",5,4,0,-68.149,0,2.5,7,0,100,28.86
"b7931b60e23916058a5767895b9214dac7a6515e",165,74,68,-4.904,7.740588235294116,5.69,111,27.27,32.12,75.47
"e3b9460f9a4bd3f4a5243f388246084f41e0dab2",157,48,48,10.106,5.851458333333336,7.48,113,0,46.5,41.6
"c0b8f55536e05f6da91c3b65ddfb69dc8daa12e9",249,109,108,19.259,7.716571428571429,11.32,105,1.2,71.49,32
"f97b1dbd007f20fea2e262e62433e01ae91da602",572,77,41,-25.254,7.211219512195121,23.83,72,2.45,44.76,27.44
"ab7c842d24cac25a1a3852cce506ca92cb8ed428",157,65,60,-11.45,5.583500000000002,31.4,112,1.27,50.32,51.62
"c69dcaf9e10f52b187b13e678f9fe65505167720",193,84,81,7.456,6.128641975308642,10.72,133,18.65,67.36,45.31
"99751d158308f801241e028eb7c6b0363fc6ec88",180,71,70,8.26,5.085000000000003,12,104,1.67,77.78,38.46
"9d053bdf589efd451ff25e1977e438b11122e0fa",36,12,6,-9.6,6.407500000000002,6,128,16.67,69.44,62.62
"9cb2a2853cd6c58a9b7d07a87ef3138c3cf723b8",287,108,100,10.278,6.313775510204081,13.67,112,21.25,49.13,61.99
"98cafa82b3e7f1a3a179c62509778cf9290ca87c",151,62,58,11.956,5.19896551724138,16.78,114,12.58,44.37,54.54
"9db80a153d642e12571588fd68473c6e307195df",320,104,100,11.61,5.616499999999999,16.84,107,12.19,35.63,44.12
"87752697bce404c9b410be71a45e76f3c7fc9392",149,62,61,9.669,6.449672131147542,18.63,101,31.54,65.1,61.61
"980f92c1ca3d1d662e790e884a1bafb6785dfe45",247,77,67,-10.052,3.8931343283582076,8.23,154,2.83,72.06,30.51
"9ec591a707f8d7eaaa8b43b6faa23292511ffef3",133,66,60,-9.452,4.606833333333335,8.87,102,0,77.44,42.17
"cb0f9c7be617b2bd18ae83ee9e85b621cabda67c",218,98,98,14.195,5.417244897959183,11.47,111,0,82.57,32.66
"a52c67c0bc1c6ae7da7c6e4d38cc7ac5a869ed39",171,46,46,10.071,7.766956521739132,9.5,126,18.71,60.82,52.62
"af124b723c6d0d777c60479978e8da661b34bc2a",236,67,65,2.644,8.155846153846152,9.44,145,5.93,73.31,33.61
"9981528e7324f2d92c27f163b5d0424a07f94b67",271,108,105,11.838,4.9335576923076925,33.88,126,0,68.27,34.64
"eadbb37222d32232022838b7765dea96bf38e0f6",187,36,34,-3.722,5.004411764705884,17,111,11.76,71.12,42.88
"8d65a433657534866907ca34885953c36951db06",142,49,46,-4.637,4.5128260869565215,28.4,84,0,100,26.69
"e7b94e593e93b6fe31083393cff1d63ca2142b64",190,50,46,5.801,3.468043478260869,21.11,38,7.37,66.32,45.94
"d06025e3b7e91bb8718335f7328466206060faee",269,59,58,8.591,4.741034482758622,12.81,147,0.37,60.97,34.88
"af8cb88c604c245257dfd33607bcb87cd357d3c9",205,45,42,0.538,3.6785714285714284,20.5,38,4.88,54.15,43.05
"f2418c1ba0f63cb975e6d8c26ce4a145b11ad924",1,1,0,-80,0,1,0,0,0,12.44
"d66918b05a4d978f6aa15979c85902d09babc898",60,23,22,11.654,5.333636363636365,6.67,15,6.67,65,58.63
"96013c7ce1186c9a18f5127959bb867243b1b9f2",171,51,47,-6.13,6.909787234042553,15.55,80,0.58,78.95,35.68
"4dcdd4c95ba88786172619ebea8aad4ec757a150",167,44,42,0.538,3.4935714285714274,23.86,38,0,77.25,31.04
"f78599d53dcb621a631b8dbc0feb5dd63e2aedd3",48,15,15,-8.8,4.38,8,15,0,22.92,88.42
"9a7c94325cf12595e72895187822c354cd8ef458",124,59,59,12.791,5.472033898305085,9.54,95,8.87,78.23,45.5
"f3a603f5ad05ee8b8374af6523467f1ee058959e",506,94,76,2.506,5.833026315789475,12.05,111,3.16,50.79,28.77
"e3919de46ecd1f707451dad4a1ac88e5b7403f11",94,47,38,-35.88,4.020526315789473,4.7,131,0,69.15,47.32
"e6900f649459ddbd9ee38b93582378162c8d77ac",33,14,13,26.43,27.458461538461542,16.5,13,0,100,27.78
"ab2a1e43f425b67817553405c41c09a9bcb0e9c4",261,104,94,6.534,5.133829787234043,10.88,105,29.5,20.69,75.26
"8b3f8cb80815c489e6278cfc1a371b3bee3f6e1e",297,104,97,8.059,4.660416666666666,11,126,9.76,72.39,34.76
"d4707fc4aa22e29062e02639a1b8c9f7ba3e6b65",79,20,13,-21.166,7.359999999999999,7.9,105,8.86,56.96,55.66
"8a97d52d61d704e77f82fd7f1161d98054f48f25",190,85,81,16.422,7.775802469135803,13.57,105,6.84,75.26,37.63
"9c4e901d499220d23e819ffe0156ef62c7bcfdbc",71,34,32,3.053,6.168260869565217,4.18,116,4.23,69.01,55.94
"ff12d6e2ab80696ed8e22fbe5497e96c68d29076",437,100,99,-1.906,5.232020202020204,9.1,112,8.47,30.66,36.95
"eee2c3c453eb64f9c327f09e83be35ef36528101",306,80,73,2.851,5.30972602739726,17,106,1.31,30.72,30.48
"999704c760821f39257d453f58ae57cdc5db7cee",167,54,48,-5.429,5.688478260869564,10.44,81,18.56,50.9,55.52
"f42621bb38f167d2de3d662cbe897f5fd1234aa3",470,93,85,-1.138,5.041529411764705,11.75,117,10.21,55.96,34.34
"d7af1840c8914a381ffae4617c33ab76833d9513",251,100,87,1.826,4.623218390804599,10.46,102,16.33,46.61,43.31
"b52028ddeb0e0289019154f32e763393f83a30a9",172,43,41,0.381,6.540243902439025,7.82,113,4.07,69.77,42.46
"b2b334fbcfc12bdf6bba8dc45aa8ade3ddb746aa",37,17,15,-15.049,3.7133333333333343,5.29,16,2.7,51.35,76.22
"f1302a0b13ef669e0d797c1d4106355cc43f7144",231,63,61,7.863,4.351967213114754,8.88,105,19.91,60.61,46.37
"a0ec1fa9ef85571c363b1ff524a7bccd583b0ee2",92,42,29,-35.14,3.1003448275862078,8.36,92,6.52,79.35,49.97
"f861873a2af44519d0c30b7b390257e28084c360",46,21,21,15.668,6.702000000000001,6.57,79,2.17,65.22,67.5
"9c8c8ca8e36d83954ecf380f84b01759c8363df6",33,18,17,6.361,5.725000000000001,4.71,84,30.3,51.52,88.39
"9906fd2917a481b373848f6d084228f34ace63a4",30,18,18,15.085,4.680000000000001,6,79,40,50,51.36
"a211065a6e065d2421b924d4e9314f1026611aa2",185,49,47,7.117,3.491702127659574,12.33,35,24.32,65.95,55.97
"3d4f612148056feeb651f4711c1f640f5015101a",4,1,0,-97.143,0,4,0,0,0,39.67
"ddc549a4ced606b9181bc2e6e0bb75824fc20f70",316,71,66,4.26,4.75590909090909,21.07,114,3.8,75.63,31.89
"92f51b59f25a16e76b18441fbe797a2fa2a5d3b5",330,106,101,12.822,5.491782178217823,11,104,13.33,47.58,43.13
"ebe0702c8a0d906044fbc61cf18d3f8dc9aacef9",386,108,95,8.056,7.1952173913043485,13.79,129,0,52.33,38.6
"89521736c16fbbd86315c3f3c555132aee8896ae",153,75,72,-4.807,4.472361111111111,19.13,50,14.38,43.79,45.93
"b1e8855867b91eadecefd05a09f101799008b8c7",162,98,96,-4.297,5.075520833333333,6.75,106,8.02,35.8,62.01
"aba3f0810ff4abb82c285780965735f59dffc070",178,71,71,0.331,8.00957142857143,8.09,110,36.52,56.18,58.47
"f126cb73dbad037e40b322f82b6f40e92a15a595",158,43,39,-3.309,5.322307692307692,6.87,113,0.63,91.77,25.23
"be6f4f4f657c80883591c6749a7951f9c992e4b9",200,70,70,8.26,5.085000000000002,18.18,108,2,71,41.47
"aa1696aba3e93761b292c97c68bb0e06bb2f537d",259,88,78,-8.923,4.669615384615383,7,107,2.7,49.81,37.45
"ea8f19a7914d05412dc4159108d93d42a675e2e8",18,5,4,70.4,51.1925,18,0,0,100,58.1
"952c0daa0b72620df1288d516f0a2abeb5b3986d",105,17,11,-65.381,2.7018181818181803,17.5,108,6.67,68.57,53.57
"adf4cd4036fe7649e15bbc8379f224685017b379",147,37,32,-40.288,5.2484375,13.36,114,14.97,48.3,59.87
"8f7402db46b9b2a95aaa8282be9e471a3ee659ba",197,101,79,-16.745,6.614000000000001,13.13,117,3.55,66.5,35.72
"df42fc345b50f42b32dc5f9df420978b1cda663d",219,57,55,7.458,4.9770909090909115,15.64,92,7.76,67.58,36.53
"af618fc07f8f8c9e1697d7e8ce5cea9dd4ddee00",239,98,92,7.284,4.770352941176472,8.85,109,0,65.69,28.82
"cee41e969faac5fdd054a726b10fb09228eb7061",42,22,22,10.614,5.471428571428573,7,84,35.71,33.33,94.74
"e7cef9ca74dbf2dc906e3216004a1b5e6a96e241",342,78,73,4.445,6.056986301369863,18,117,7.02,22.51,41.87
"a9da415ddd0567c5995957b2239621158a4521f1",311,109,103,14.337,5.838640776699031,6.35,111,23.79,38.91,65.81
"9f8f3fbc1f6d3f36859a33054203c55d028c6e65",96,53,36,-37.472,3.1194444444444454,7.38,102,31.25,10.42,80.17
"d5155526fe2b5c2b956687b34d478647ef6bd092",130,55,53,0.266,5.677735849056605,8.13,97,14.62,60,53.56
"c352dbabae85680f4ce4ebf67886666ce47edade",92,38,38,3.96,7.18842105263158,13.14,108,26.09,56.52,66.56
"db5924e7ed00c9136308999827d50dbcecae5091",90,37,35,4.092,5.579142857142857,15,114,16.67,47.78,48.81
"c3bf932c28538beb5024e80bd06e09c44661c8f7",10,8,5,-51.633,7.591999999999999,2.5,114,0,100,40.15
"eda32ee9ebe79ae7f85927db19cadc6199752dfd",484,101,96,8.882,5.263749999999999,14.67,104,13.84,49.79,39.03
"d0f28e44db91cce7caff1db428643300dfb3392f",285,96,89,-9.152,4.768426966292136,8.91,112,22.46,42.46,62.05
"c162ce77f4002856b569f63b1e2b58ccd6d961e2",340,110,108,16.759,8.00047169811321,12.59,112,11.76,56.76,45.69
"b6de7562a3dfc6522d1d9f86967f5159e3f2f090",196,58,57,0.977,6.245333333333335,9.33,113,8.16,65.82,47.35
"8b557374000feae5ac9aee7b4078bfea53176ffc",325,65,64,21.947,5.817031250000001,19.12,113,8.62,65.54,35.37
"0bf111a9caedf02804f6991792490e63bc21058a",199,65,62,9.1,5.829999999999999,13.27,257,52.26,43.22,55.24
"a5aef107fcfe6b7323ead96aed8ef74a69efe042",279,95,90,-0.074,6.215977011494255,12.13,120,12.19,40.5,45.87
"bfe7f84ef78bc0134134fcb799465996fa84e4b0",166,71,69,6.927,5.010579710144927,15.09,101,9.64,60.24,45.97
"bba75421c48ff666a96646bd283072492fc712ea",206,48,46,5.714,5.688478260869568,12.12,106,6.8,60.19,38.5
"df8fb59599b421d91967aa7d053fa72e91e4f6fb",561,116,107,10.546,6.596542056074769,9.2,139,13.19,43.67,35.22
"9eef5b76500d606c0ace08b9cd3ee9403e9e9664",3,2,2,21.241,31.154999999999998,3,0,0,100,8.63
"8e20affd5aca29391f582b7dd756c83205297c11",257,100,96,9.185,5.681041666666666,6.43,111,31.13,54.09,54.51
"cac291a9658d7ef15e1ef0c71b188d96eec19ad0",20,1,0,-9.6,0,20,0,0,100,58.52
"e45204eccdaf94faa580c54b1fe1289c97b1f56c",11,3,3,-43.436,1.5166666666666657,5.5,15,9.09,90.91,52.27
"be40efffa2a2ea77d3d2fb0cf1f8dd6a8da2b287",139,48,47,-20.723,4.079574468085106,13.9,111,8.63,46.76,53.33
"b11c7371190aaf26293afea3ba2146f21205f73f",185,61,61,16.183,9.030000000000003,14.23,106,4.86,65.41,42.49
"f4c3f24024c2e96ed13a845b5ad7213143844d9f",42,21,15,-21.261,10.32133333333333,5.25,78,21.43,59.52,75.49
"c87d4a1dca2349d1fbdff1c6d6a57708c1df793e",144,44,40,-3.809,9.518749999999997,9.6,54,7.64,65.28,46.58
"9c59b505cc82ae66d54df9629666137c9527e56d",245,108,107,6.983,7.826448598130844,14.41,101,33.47,16.73,77.54
"d615e34b407b1816d1ae062d56a466c1d17b68ae",151,86,80,-0.719,5.951749999999999,5.39,176,16.56,72.19,47.47
"d68718e7e9140ca136bf5e39efd7c122632ebba2",324,59,59,14.451,4.708983050847459,32.4,96,7.1,72.22,29.05
"bbb7c8095658b847103c47aa2a4b55440b0e9ffe",374,112,108,8.094,8.089814814814815,13.85,110,3.48,76.47,26.1
"bc1f0dc5b937d54fa64e44c1e4e0de0e5a4724c1",259,58,50,-10.64,4.6656,15.24,114,6.56,43.24,42.38
"ad3d8c094d5606a8005bb22a4cf910e497a03224",149,77,71,-6.066,5.305352112676059,7.84,110,51.01,18.79,70.43
"8aea6c59a11267f4143312770b4c84a2be56f353",280,93,86,-0.243,4.795411764705882,20,123,17.86,58.93,52.04
"cf5422ab2f6793f4d5930d2901e652ed7dadac9d",197,66,57,-12.066,7.102631578947369,5.18,106,22.34,51.78,57.33
"8576d2d269326a29503a1763996227723fa531a7",166,73,68,-2.611,6.822835820895523,11.07,121,10.84,72.29,47.14
"cd1c8085cc77aaebd3c527b4ecae7e9150ce0d77",295,103,86,3.926,6.484523809523812,9.83,106,9.15,49.49,39.42
"e2d88e3ad6275b7eca2bff120e467f9158b29fc5",134,50,50,11.064,4.110999999999999,16.75,36,0.75,54.48,56.94
"4f571f241bb2d884216b4712cdcd482e310a718a",100,41,40,-2.094,3.3162499999999993,9.09,38,18,53,62.56
"9e4c480f54169dd91629ec30917139f2b16bf6b3",176,100,99,11.61,5.8401010101010105,7.33,104,0.57,38.64,56.1
"c0986547994c0c40ee739f045a02e1ce427ec132",140,40,32,-31.104,3.7196875000000014,8.75,113,4.29,60.71,41.35
"91eb4058d0937eb5499d0f6b2a8dbae6f47eddf9",41,29,29,-14.438,5.658275862068965,8.2,92,34.15,53.66,65.07
"892240639d1170ec0f4bb6248ba3e9bd390ed089",358,110,110,8.06,5.539545454545456,22.38,110,10.89,57.26,35.86
"87b3a5eca0c70c7828168756cd7813cc8b3285bd",169,71,70,8.26,5.084999999999999,9.94,107,11.83,39.05,58.84
"75ef6c3aff156ef52aa846c2fc3b26271e50e335",176,49,49,15.063,4.167551020408164,11,45,0,76.14,36.04
"c32840e4bedac9715b49ce3f04b3dedb98007cfe",1,1,0,-81.164,0,1,0,0,100,11.1
"aef76b2d6bbd67cf3aac958965862b263c50d4e6",213,84,73,-10.642,4.5147945205479445,9.26,100,27.7,48.36,59.6
"fcd6e54df612c033e7a465155046b5223ca4eee3",75,25,20,-23.454,3.763499999999999,8.33,80,16,28,83.1
"a50e88cb6830931dd1271dfc49b3497d63bd436b",136,44,43,0.979,5.270697674418605,7.56,109,19.12,53.68,58.99
"9bbf52d74e4300842b27973d5e1d65a74c54c1b9",32,17,14,-34.142,4.059285714285712,5.33,116,3.13,53.13,72.25
"b7297bd49e99532695b6290f29fac82928f9e03d",188,64,64,11.069,5.45859375,13.43,109,7.45,81.38,37.44
"c047e3345530b4b4634715536ac54cec9c756b66",543,134,131,4.458,7.181984732824427,25.86,100,30.39,50.83,47.82
"d023d3790457d12ac59581326aff1a396b206d09",146,63,62,9.925,6.3887096774193575,8.59,104,14.38,73.29,48.24
"c2ac862e74879f4b60191f0bb1397eff1e157c8b",167,80,70,-7.261,3.789714285714287,6.68,129,3.59,68.26,40.05
"8960e95f79cd20b46b7e8fd09d0aa88015566a9a",256,109,105,-28.411,5.219428571428571,10.67,119,1.95,75.39,29.07
"ca3bb5c80bd96ba545e0a42232c6fcdb55f7106a",273,45,42,-21.494,5.59952380952381,27.3,114,21.25,60.81,54.18
"e20abeea371227f8a6318491ca3c0211afbdc1a1",154,95,91,-7.111,5.181538461538462,11.85,106,12.99,29.22,49.63
"e40337a34c269120bffcc76e69700d06f6d716ce",84,41,25,-43.928,10.240833333333335,4.94,148,10.71,79.76,44.17
"f639cf4aa4008b2bf51b274cc01dede03666150e",7,5,2,21.241,31.154999999999998,7,0,0,100,15.12
"b729f209cdcbb802e5f6f16fd902793131660968",28,16,15,1.033,5.54357142857143,3.5,126,28.57,64.29,44.34
"f05838da14ca1dad97a5cc0c58323c6df9153257",109,44,41,-4.932,6.508536585365854,18.17,87,22.94,21.1,71.09
"b0718e2faa64ff947c0ba9e9516616b44c8f4a5d",202,60,57,-15.71,4.4466666666666645,9.18,115,14.85,42.57,58.93
"cc8edf9c827fef5ead4c85eabf96ca7033ddf165",51,19,19,6.144,6.493333333333335,6.38,81,1.96,66.67,61.08
"d37f552ad5c3e1e1c3fc9aebbea6cf50e1b9f334",8,4,3,0,0,8,0,0,75,52.86
"ab4899d3252b533827ab7d15261b9edb38cf0a7a",160,67,60,-19.53,4.834833333333334,7.27,109,30,33.13,69.42
"a244f431e70a9d4c780ac6914b564d98c04ac7ff",146,42,38,-6.19,4.490263157894738,7.3,100,6.16,33.56,58.51
"39713cf2db02601e4bd6360ba70f8013c0433f48",48,34,34,-9.988,3.501764705882353,5.33,38,0,39.58,73.62
"d94808bbe3e5b3ffc39c8d68e0eed70929c70762",117,41,36,-13.01,6.790833333333333,7.31,111,0,73.5,47.94
"c0d3079f5b83f8962c439707b96c7ee43be2ca18",267,111,110,8.06,5.539545454545456,13.35,111,19.48,65.17,44.29
"a11fcd52b2df310a3f3bf8e0561a2c587005e96d",151,48,47,-6.303,9.212765957446809,7.19,98,29.8,48.34,66.15
"dea33f83f3cd94f54f1063a0cd22eab07ec8d3cd",278,51,50,0.791,4.788200000000002,25.27,92,12.23,79.5,36.87
"ffe872165621d735a48bb5db0c71dd5195cba359",399,96,96,12.195,5.178229166666667,15.35,103,28.07,44.86,61.12
"d4ca57e34b4e28a3a0c73339e0c72db036894d3a",369,104,101,19.118,6.489898989898988,16.04,131,10.84,17.62,51.98
"f947938c0e7c1345a488d9f17a74331ca6f478dc",517,109,103,14.337,5.83864077669903,13.26,111,22.82,49.52,50.36
"f3d6d22e76fc586bffc4f5ac1d73f096f03efa0f",266,93,87,-0.864,5.721149425287358,8.87,131,13.53,36.09,49.14
"cf4bc843e5bd6ba302b1289af66f383b0329d6bf",51,13,11,-48.576,2.898181818181819,6.38,27,25.49,47.06,84.39
"87e4a8d6efab19e147f510e9b5d10c0d0ff5845e",47,24,22,30.711,5.356818181818181,9.4,53,6.38,65.96,64.5
"e8335df6f0ac481c6ac16096889c51cb95ab2f6c",346,65,64,14.188,12.3715873015873,12.81,81,5.49,69.65,29.67
"ec7d2ce8cce8253208e8d0ae74991b46ce2eadf0",156,66,63,-4.038,3.973809523809523,6.24,116,3.85,64.1,43.41
"36dbfe4759f861ee72011812df2178cbbfd736a1",86,37,37,12.832,3.9445945945945957,8.6,20,11.63,72.09,55.86
"ea55b410ce0e38664c6597e4bfa09fce84399461",300,59,49,-24.713,7.313541666666666,8.57,110,1,77.67,25.74
"8819c6723e6d42ad569274ebe2ce4212fd8621c4",165,79,75,1.736,4.558533333333335,6.35,117,4.24,65.45,44.3
"f5674c61e82766371ddd913c99e6b70414f4dd55",60,31,28,11.425,5.701153846153849,5.45,127,0,68.33,59.94
"9038ddd6c0d498cb8c65b4510e99e8527eabd40c",514,129,109,13.112,6.959906542056075,15.12,116,15.95,56.03,43.12
"aa8508f6aa7e91da7efc770fc0e04c471463ffeb",149,47,36,-21.102,4.056388888888888,11.46,58,16.78,34.9,61.01
"86adc493a1cc74328222a194a1d1e3adf098b5c8",37,23,22,-15.201,10.592272727272727,6.17,36,29.73,67.57,62.71
"edcb11b4746d7b8056929a37a11e81b0fe3202c9",297,106,104,16.169,7.776831683168316,12.38,99,7.41,44.78,42.83
"962de82430c78164a7c1cceffdfe31dd0f3c3cd3",281,50,47,-4.098,4.6863829787234055,17.56,94,13.52,65.48,33.35
"c8944ded19113906cf130904726028c5c1a11138",165,54,48,-12.724,6.228125000000001,12.69,80,5.45,73.94,37.27
"e4935a868e50ec1951f892af50e2f5886c935919",9,8,3,-44.841,4.12333333333333,3,104,33.33,33.33,33.96
"feb8a2859a011c59efd22ed419cb69288fe03627",74,34,34,14.361,6.223913043478262,10.57,203,14.86,54.05,57.47
"73ec1e02101d9e26fb75fe8580eec218d09ba78b",6,2,2,-57.35,2.809999999999995,6,0,0,100,32.92
"bb6bcc05d3ef04c14c73ce93dad8c9ea60f5297b",9,3,2,-34.545,3.039999999999999,9,0,0,11.11,28.06
"035f97702f2c01d26ab1fae8f39ea2f98a0caa3c",144,50,50,11.064,4.110999999999999,18,34,11.11,68.06,46.43
"c9d7b86399869ced995a6e467a257c3915339562",175,76,73,-6.118,5.473972602739726,9.72,111,4.57,30.86,43.99
"dbb0e3f3c32292438fbd39684d9f1ad153bba64a",305,87,83,5.11,4.957439024390243,13.86,123,10.49,60.33,40.74
"d57eca033aa6388430166086ed3d0390ffefa85d",152,63,63,6.819,5.5619047619047635,19,99,7.24,60.53,49.27
"67f697ac574661dca982dcd95ba358bde5b48a8e",148,28,28,-18.709,3.712142857142858,21.14,45,3.38,68.92,41.88
"b75c5320a2ce606e7c46d1f82723e1e461f37a68",149,93,92,10.001,5.270217391304348,14.9,111,16.11,66.44,50.62
"947a2e7cf57ae1a546f98831d861cd87c4fd5ff5",163,60,54,-2.588,5.4185185185185185,12.54,139,14.72,63.8,44.93
"f5ede5df58c2ea59be6b8c8097659bb8c2e9d0e9",202,113,112,-16.985,5.287678571428572,16.83,116,20.79,54.46,52.06
"7494b38c6d82b590c4afa6cc975f583f51395177",150,50,50,11.064,4.111000000000001,21.43,36,20,50.67,61.38
"faab34a8374299678ccf4eaa3628cdba3b65bfa6",120,31,23,-32.703,6.311739130434783,12,218,0,70.83,41.37
"861075bc29124627aacce66a29c6dd835abcf3be",206,50,50,11.064,4.111000000000001,13.73,38,66.02,7.77,105.06
"ee30201b0b1261fcb6cf010787990ec87343d300",1,1,1,0,6.5,1,0,0,100,8.64
"d7a319cabc8e30b748e2beca44fc575fc83197d3",277,109,104,3.986,5.207692307692308,17.31,112,11.19,59.93,36.35
"eb001120a0f842e5bbfd786652695628bd65090c",99,45,41,8.616,10.969,11,56,2.02,79.8,29.8
"b2c520e7e4ea03898e0b8204fea068149d5535c8",286,110,103,8.694,5.75970873786408,12.43,106,28.32,31.82,68.91
"d0561a58b05777ad43db1e0627d8770d37c48d5e",69,27,23,-24.186,4.025652173913044,6.9,68,17.39,68.12,58.94
"a632e2659eb116c7514dd825ffaa8939365c71e2",61,20,17,-6.053,4.892500000000002,8.71,81,3.28,59.02,71.31
"d5179819718a325ee33fa2096f37995ea6cfea8c",87,50,49,14.689,7.163673469387755,5.8,115,8.05,68.97,54.04
"aa2ad4e1f1035826e6351e1e801eb57c0b494267",306,107,98,-3.309,5.120612244897961,10.93,101,0.33,62.42,37.28
"67212308d026508fd5b6942ffbbdd7b0be2e89de",8,2,0,-18.759,0,8,0,0,100,17.87
"a6f3201e19df0a0fdf0a3d878d6a8d2e50eefc70",290,64,63,17.25,4.081746031746032,14.5,46,0.69,52.41,39.18
"a7442b91887824d182c90cd82955b97a1404dc21",157,37,28,-30.701,3.434642857142857,11.21,114,29.94,61.78,52.99
"e25991f3bf474e9b542b09aef2407a78f3ffc61d",321,43,40,-4.104,3.8235000000000015,26.75,44,8.1,54.21,29.41
"8fdb7157f90753735edf97fcc828b75e6a8042d6",275,71,70,8.26,5.084999999999999,13.1,110,17.45,53.09,52.63
"b7047722486e995e27292b5ab1945d72ab5a3708",211,82,76,-7.903,4.689605263157895,6.81,109,12.8,56.4,46.86
"accf49bc7124b7fdffea9e75a869a597c4e8adce",173,51,29,-39.902,3.935172413793104,15.73,95,4.62,42.2,40.95
"ca6829e71c271976a4eeae12cbba5e49f232da3e",41,24,24,14.781,6.223913043478262,6.83,84,19.51,58.54,80.51
"ea0a8f0b0b712337c3740e6ad5293f3dc47db568",133,48,44,10.905,6.753181818181821,7,135,12.03,68.42,50.43
"adcfbf9c58d92335f9b971f6a9afd19d9feab214",187,98,97,13.195,5.367731958762888,6.03,107,8.02,52.41,45.73
"c52befc118a44669cbf7912b419dfc433c1c0eee",141,51,51,18.439,7.1056862745098055,8.81,111,22.7,35.46,63.02
"61c0c30e1af44a3ad57880bfab7a88591a434b92",216,47,39,1.905,3.8679487179487184,21.6,41,4.17,71.3,42.92
"c4f595ca17b4c13287b0beec0dbd45d0e356055b",1,1,0,0,0,1,0,0,0,13.86
"f18c98fe93f825e2c01296bad47dc072ff70eef1",197,55,51,9.837,7.442941176470588,11.59,125,0.51,69.04,38.05
"b3f68ef83acd623f98f4a03fc633905fb2a5b027",426,118,115,8.06,5.539545454545457,15.21,128,1.88,70.66,23.23
"93bda77bd8d32e4fa1a0549b76f807fbc22f1f7f",122,70,64,-0.295,4.50171875,8.71,114,6.56,54.1,62.77
"909386947a62f62c8b94ddde0b623b87c01e2524",41,10,7,-4.111,14.569999999999999,10.25,4,34.15,26.83,88.37
"c2660985c0dbf52fe68f7d3620fffa6ff8f2794f",315,90,84,5.652,5.435595238095239,10.5,114,12.7,46.35,48.63
"d8ad4586476ab6240c0ec83f3c12cd4cc7a8f622",380,115,112,8.882,5.441607142857143,14.62,117,6.32,66.05,30.22
"c28a837bbc21a0b6ea686c34b12a7e6badbc9140",434,97,69,-8.084,6.0456521739130435,8.68,114,26.5,38.25,57.6
"cc431fffd568a0d46d302233b4d71bd216fa94f3",256,80,72,-7.504,5.250416666666666,5.45,119,19.92,38.28,56.41
"90d54808ce52c41418550421c387818cae759dec",102,60,55,22.913,6.489454545454546,10.2,125,9.8,43.14,64.58
"a9ccae25b9a8738fd3ce42dfb0fc5e92ca9b8d7f",113,49,47,-22.293,4.303829787234042,10.27,114,7.08,45.13,62.47
"8d0a196c1c472a4601384f4235f293c4a341b3a9",116,56,55,7.458,5.009818181818182,7.73,95,10.34,56.9,55.95
"ed3e0c98995edeee0b0a55fe15929a82097e93fe",249,51,50,12.381,6.758750000000002,13.83,105,19.28,43.37,51.01
"a62742a35ef9194f7da07e547fe13f99bb6257bd",11,6,4,-10.673,5.284999999999997,5.5,44,0,100,17.63
"e3c9abe5680cb3851ac38d00a01c46f58b6aaaeb",102,28,26,-14.312,6.531538461538462,8.5,113,2.94,83.33,39.36
"798e6393c36bd3b6dc0a9f97de7d4c87a6e5b252",15,4,0,-91.791,0,7.5,14,0,93.33,56.48
"a74f9942a4bf89bc51a259bdd7f5427f1ccc82f8",351,107,102,10.094,5.354141414141412,9.75,115,6.55,47.86,40.16
"6434afe6261c6f3f4fdbad511a2db8ef090f8c07",51,40,39,12.045,4.5087179487179485,25.5,25,58.82,41.18,58.26
"b68533a39390311fdd9ca8baced33145784eb561",173,45,37,5.003,23.981621621621624,7.52,130,16.76,60.69,48.1
"df90d9da415c30c25a16e21ca85638577961e81b",215,83,79,3.03,5.296962025316455,7.17,114,11.16,63.72,47.64
"cd32daa7c1ff3ed117a127c9c185c1b53a396138",75,44,42,-8.656,4.517857142857143,12.5,99,0,90.67,25.48
"dace1e5b88ac51d7bd53523ad70f8d5d188b9368",237,100,65,-19.074,4.914461538461538,9.88,104,0.42,38.4,37.75
"f90fb4df43d85aad3ae9602aea19fdb4f47de984",350,82,76,2.654,4.608815789473684,20.59,115,13.14,64.29,41.97
"72a34636b5a1de1c3796e43d5abc564b4d0803e7",80,35,34,-9.988,3.4620588235294116,13.33,38,0,73.75,50.15
"d5e3e0d1ec5eae8e2fc08b9c3607cc766be6dffe",182,57,57,10.124,5.215087719298247,10.11,95,2.75,90.66,29.58
"a274dc9836c18bf295e9e81afecbdd72825ea79c",84,29,23,-12.173,4.719130434782607,12,28,1.19,84.52,29.1
"a1d026f103e45011fefbfd9ddc32eedf16edd5f8",111,41,31,-29.047,6.258387096774195,7.4,107,0,58.56,44.38
"9de51c3306c206bfeaf41f4aafc8526300a9f103",5,3,0,-9.6,0,5,0,0,100,35.65
"dafd07b7aab7dad9894cee44cad55efc89255614",294,94,84,-11.081,4.501666666666667,14,99,0,71.09,28.49
"e15002a49ed03188f18c7a791c458c19d1ec973a",248,60,47,4.603,7.241489361702131,9.54,119,0,74.19,30.29
"899bf68f741b96e69c8b1d6bf22fd86e00b7c00f",104,39,34,-16.775,5.5161764705882375,8.67,100,0,56.73,49.06
"b11bdeda44addd99b9b0cdc016fcd27262b51fdb",54,20,17,-33.754,4.746470588235294,7.71,114,0,75.93,52.89
"f7b65fa8dfbc07f71d9e206d1e1fd35b986cab65",227,73,71,4.626,4.583521126760563,10.81,120,7.49,59.03,46.41
"ae84ba8c1585fe80b8d2cc991a9cc4af2921a2a2",197,76,73,24.062,15.32830985915493,14.07,116,4.57,83.25,25.28
"f38238ea1bfa182b81a7d73d563b61dbf2825754",76,34,33,12.509,5.333636363636365,8.44,203,17.11,67.11,63.5
"8ee77ba42fdd6aff7a9eaa84d70064c4cb39cdc2",80,50,49,9.748,4.037346938775511,8,37,15,53.75,68.09
"d84468682013517fdcb3506ee81783dcbdf3bad4",227,83,76,-1.789,3.9743421052631573,10.32,131,26.43,51.1,60.2
"b25340984452108c2928e20f412866a7dbf4646c",386,108,99,10.776,5.576868686868687,13.79,108,12.18,54.66,45.01
"cfe62afe7795494a49cfaa46bdf17c38a3c0d284",256,100,95,4.949,6.888315789473687,7.31,127,9.77,69.14,36.63
"e63a9cdc387a31ea563ecc24b20eb824a8c54ebb",266,59,59,4.418,5.575932203389831,19,98,0.38,75.19,29.09
"a1b60c404f7df8f6f2695982048cac298567b821",401,63,63,6.819,5.5619047619047635,14.32,114,11.47,49.63,42.83
"f7e7c21b753521a3f4eb226d9c69d71214e183bd",158,61,61,8.964,6.40344262295082,11.29,102,12.66,61.39,47.73
"12887fd9a4df4ba9b88a71f3fb1d2502a75995dd",155,64,63,17.25,4.110476190476189,10.33,46,0.65,65.81,44.59
"b392a38d92631885c3b63500548976ac63518da7",277,42,41,4.537,3.9326829268292687,14.58,46,24.91,54.51,51.47
"9e1f7de0fe95b78cc2236adb52b0420b382b40c3",100,36,34,-10.452,5.6252941176470594,7.69,112,16,65,47.81
"b6535907c852434b9243df7a0e65f04d688d049f",502,103,100,-0.408,6.054100000000001,14.76,113,35.86,20.32,74.82
"8c6976c873d2ab3f4af9188a4189c46a032a53d5",258,76,67,-14.323,5.387910447761196,8.9,102,2.33,44.96,39.07
"f35248e9e95942a05313dda4f3a677705d8c651b",153,76,71,-22.511,4.951267605633803,6.38,96,39.22,39.22,74.29
"d13ea487552242f9c688d613dab06ea5b8a867a1",197,91,86,5.952,4.780813953488372,5.18,123,13.71,42.13,57.11
"d11774bd10cd517b1cde216ca391e76efaf59b44",343,47,40,12.238,15.327941176470585,14.91,126,0.29,74.05,27.03
"9a20834c7ddbbf82eff849ff8e4f321b856970de",240,61,53,-6.912,7.79301886792453,8.57,104,32.08,56.25,56.74
"fc83d8b4ec86934a2daa128311afedeb0ca5fd50",339,100,94,15.176,6.6062765957446805,17.84,119,19.17,67.26,33.33
"952e48fc51ee7afbd972a8305c2f22a80ce9ce92",32,15,13,-15.804,3.7884615384615374,3.2,81,6.25,56.25,69.7
"cdfb7ea46096b2a49dd710ef5dfe7bb354cda15a",157,57,53,14.102,4.952641509433962,11.21,112,6.37,77.71,41.99
"ac018ab3a6242492006b3ca1e0c508abd1761538",243,66,65,3.023,7.910615384615386,9,103,12.35,48.97,51.8
"e65a627881df5d3e0bfad77c56221d858da5ead0",218,52,46,-16.759,8.425869565217393,7.27,103,15.14,53.21,49.45
"ea7332c6a62cada8a8e85200ddb71fed941ce876",119,42,41,6.188,6.223658536585368,8.5,105,0,64.71,50.02
"86a7e49131f2acbd350c4b0b9a2243838bd4e122",93,51,51,18.439,7.1056862745098055,6.2,115,3.23,86.02,39.53
"921b990c548efb5620585b0fe3049ed43dfda903",133,53,53,-4.257,6.751698113207548,10.23,98,3.76,57.89,54.5
"a727c00002127704e5ae41a4a08948dc43b4aefc",121,38,38,6.87,5.873157894736844,8.64,100,18.18,59.5,52.83
"8d811d7887c2c868b631a2bd296412bde2b49bae",235,50,50,15.662,6.6822,13.82,115,0.85,64.68,32.37
"cb7cbbf59876001661704aca5fa8d70467f514a6",375,81,73,-10.062,5.503287671232877,22.06,86,5.6,42.93,33.85
"410357eb9129023509cfaf8d38be61c050bb3b05",43,16,16,-9.639,4.6862499999999985,8.6,17,9.3,39.53,83.26
"bd81b591d06c4a726078a831c11516d6ee27541d",228,69,60,-22.189,3.8440000000000007,9.5,119,12.72,26.75,44.5
"9b9216e586500b4d619e331890d3745eea1176b0",150,57,57,8.805,6.082765957446808,7.5,227,8.67,66.67,46.4
"b56069b7f468c9cb3ff1ed8830af52d4e2fe60c0",10,3,1,1.241,5.599999999999994,10,0,0,100,18.02
"f01bb96987327c1dfec6ddbc980cfd85650f20d6",289,63,63,6.819,5.561904761904762,32.11,105,4.84,80.28,30.23
"d0d3472fa981f90d8e6d036dea4bb627c73b6592",303,97,88,5.181,4.494545454545454,7.39,105,16.83,37.95,50.79
"8d14518288c33c098206996aab23c31b3eefc864",242,32,27,-0.068,3.4877777777777785,40.33,41,26.45,49.17,56.72
"8dada7632816cb20f182c306ae74184ea9e056fb",170,69,64,5.319,3.6935937499999993,5.86,121,3.53,50.59,48.53
"e105dc9d8869af3a83704a5d048424441ce4ad01",7,1,0,-18.759,0,7,0,0,100,14.16
"d69d2c6bc916b8d054bd50f4270a1c6d8cca1426",189,63,56,-17.435,5.507500000000001,12.6,80,9.52,58.2,48.17
"bd18fefd95851483c8aab15987fec421f92523fb",140,58,55,-3.968,5.530909090909092,14,104,4.29,57.86,50.56
"aa953585f60c1f5711c6d5159abbcaafcc89eb77",50,17,13,-4.22,10.024615384615384,10,86,32,42,88.86
"e816ed48800359bfd078c1444a40e00be6fbb5bf",153,46,43,7.238,6.104651162790699,9,101,7.84,56.86,51.65
"badf8b0a0c342afb7e1eecc4fb19feb7ed28e180",122,71,68,1.61,4.287794117647058,4.69,97,39.34,27.05,83.99
"c072621681c71501470509aeb1c51e3f9f98df5e",5,5,0,-9.6,0,5,0,0,100,32.1
"cb16d181d96fc8c94f8416437c059b5f0aabded1",50,34,33,1.284,4.840000000000001,7.14,63,0,94,25.66
"99935e2b7f9f41bd823ece5418896aaf72e223fc",128,44,37,-10.41,10.019189189189191,10.67,54,0.78,51.56,52.52
"e89a4f1825ece62064e95e63475769011258af36",191,65,65,-3.905,7.33923076923077,5.79,111,4.19,51.31,40.81
"9ec1ac8c3d812703485bee8d58b2a81f4edc8754",216,48,46,-4.637,4.239782608695653,43.2,84,0,100,19.28
"ad03c4fb44da8b106e362ef8c65fe2bf34a385d1",227,101,101,0.316,5.915742574257427,9.87,111,9.69,39.65,51.83
"e04a53abed6db648ac01e162aad84ef8b608365b",206,102,100,-4.281,4.940600000000001,15.85,116,0,56.31,49.62
"d8550edf3efaf335a9648aec7584ab6acb55cf30",186,80,72,1.754,8.320149253731344,4.43,145,3.23,74.73,35.87
"e67fff49031a4f2699f10d6a2dd89b4cafc70323",106,26,24,2.281,6.607500000000002,9.64,82,21.7,50.94,65.16
"f944b947ec651ccf64807b644af38c6f04229bb7",181,51,49,-1.136,3.7267346938775514,10.65,46,14.92,64.09,49.16
"737dd3b5a70f36e8bb79f4c5cf86c7ccfb1e7d55",40,13,12,-22.781,3.0308333333333337,20,15,0,75,62.98
"e659bb37740950badc7fac606f227ba5f74fa866",11,8,8,31,5.411250000000001,11,0,0,45.45,67.9
"ce56b4a23981e6c9f70e87f087bc1be07fdf25cd",30,19,14,-17.833,26.87785714285715,10,31,50,40,92.35
"e873b044ecba72370076d7fe198eeaad94bef3a1",75,13,6,-67.273,2.556666666666665,12.5,41,14.67,33.33,76.88
"ecd66b9bbdcc6ae1eb9a6b765868cba3601730b6",144,56,56,18.298,5.142857142857144,20.57,114,5.56,84.03,39.53
"c746678029d2139e7658a0f94e98bbf09f258673",99,41,39,-19.58,4.68897435897436,24.75,17,0,81.82,24.75
"9bc8e6286b7a331de79c4c4e868b806c0b3bb12a",259,102,99,11.298,7.725959595959596,9.96,107,17.76,54.44,48.99
"a90b8415afe8507a36e7be7511fd36f1045418b7",65,16,11,-49.93,2.448181818181816,32.5,14,0,100,38.61
"bb603e54f5809d802fec4c70df7b2c29a5125a89",292,104,102,1.226,6.363137254901963,8.59,108,0.68,59.59,35.33
"f492b1eb37bae60ab4597c161e7b67d9cc9e4dc6",49,15,12,-4.968,5.223636363636363,8.17,125,34.69,57.14,79.76
"dc5325f05ad384cacb2431acfa1f398913151afb",285,75,66,-14.35,4.051969696969698,9.83,107,4.21,42.81,39.5
"f459440c7a99294ca9763f332cd9aa09b0c280d6",77,24,21,-32.692,5.4045,5.92,104,0,71.43,53.92
"994f5b5cdc8a126efbb290700caf797948ac1841",182,115,113,10.623,5.496517857142856,9.58,148,23.63,38.46,55.3
"b041f9ef5ab6da232256530cf8e22c31ac99971d",417,115,107,16.076,7.767943925233646,9.07,115,4.56,55.88,36.03
"88188301e8d3565c7f1e2cee1f9ab8794676216a",249,68,49,-23.349,3.5510204081632657,10.38,111,0.8,64.66,39.08
"cb72cf616f3cafed458ef94be529c172bbcc5277",185,86,82,7.452,5.194756097560975,9.25,111,40,25.41,75.58
"bf22fb15bf51bc4bcf3d50f7494caad62a596d0e",445,104,101,-16.863,4.875000000000001,20.23,114,3.37,84.72,20.77
"ce201bf315598feafcad345a663284bc266862c0",187,94,90,5.445,4.906777777777779,7.79,107,16.04,49.2,52.82
"f9e06c04dc036b01f65e7f71a9201922f201dade",596,113,109,7.332,5.399174311926606,17.53,116,1.85,59.4,21.96
"ae7e6756887c7c2d0e3d26bb83045d298dcb5ddd",241,97,92,-0.253,5.704673913043478,11.48,114,11.2,71.37,41.06
"bb81a7f88631b987cd15c8d539e806ad17a5b664",231,80,62,-14.892,3.830483870967742,12.16,110,0,75.76,35.86
"d1e238d8cc58ceae3359c94b2a4a976a975fc9ac",328,101,99,-1.906,5.232020202020203,10.25,110,20.73,55.49,52.02
"f0be3049c99eb84be5aae5352c2f0ccf661e1f43",148,61,60,3.256,5.112,5.92,114,16.22,65.54,51.63
"ededd47b1e0c18d4af4ad2b0cc21eebcb7c6e6b9",124,43,40,2.67,6.083250000000001,5.17,105,18.55,45.97,68.49
"9d789185f1d5fb7bd42acd9d6dc1f5380fef1c4c",12,9,2,0,6.439999999999998,2,74,0,75,68.35
"91f7019ee1831ead0e667cf264dfe7be6b743f3f",150,62,57,9.631,11.927818181818184,15,73,0.67,62.67,39.79
"af12f06588c971f6425a28d61e4511bafff05bb7",150,65,54,-23.049,8.31592592592593,6.52,142,43.33,40.67,79.02
"ae75c8309bea2f4a1b1624ce50d0994d5b4dc451",183,72,69,18.958,12.453731343283584,7.96,121,1.09,81.42,33.82
"d73a15bdcce722312152f547cec67e8dd584a6a8",357,102,100,2.664,5.6469,8.3,131,12.04,71.15,38.78
"f9f4d4ef2a3de006bd037db9eb160ab8e51c79f2",518,76,71,12.451,12.207101449275362,16.71,133,1.35,71.62,31.38
"f91758fe4f441cd4b7b053a03252b4c50f3d4737",192,62,62,5.819,5.404032258064518,10.11,114,10.42,71.88,42.09
"e99d4fb3ef87d5e201da3b08841541fd953af089",128,39,35,-5.71,6.374857142857144,9.14,105,1.56,82.03,43.23
"d2ef78c03149ddfd267005d0dcd248adcc227e02",493,60,59,12.229,4.631525423728813,20.54,127,13.39,70.59,29.51
"edd78ffaa7bc16d94ee6908b98b3d9863f492c89",207,91,91,-6.653,5.011538461538461,17.25,118,1.45,76.33,29.55
"88a694a270a460f5a09e1e8c569b036d03b9b5ea",131,67,66,12.396,12.845,6.55,120,9.16,51.91,58.2
"ba37558e4c84bdb5486d1b3622b0ac7ed3d5222d",402,80,69,10.035,12.21089552238806,9.14,113,8.46,53.48,38.56
"8ef999ab1a83c2760064ac6c7a4b6c4115c5a186",273,50,41,-12.347,5.407073170731708,22.75,80,2.2,82.78,29.79
"d92840812393583b0f053de80ecee59f5b19bc03",228,60,57,7.15,9.568181818181818,15.2,80,4.39,81.58,32.79
"9cf5d1c0d7ddfd6b78c222e83894ca3a75ee47f2",367,70,69,5.594,5.0683823529411764,19.32,94,13.62,74.66,35.2
"92828f67b16f5e96ddb0d436aaa6f1193104c037",296,103,99,-2.308,5.232020202020204,14.1,107,1.01,46.96,31.2
"98903e3bc03971360097ad809526370f701ef5f7",309,87,75,-0.455,4.5584,16.26,128,27.51,46.28,54.32
"5b023883ac089df249ef06f7c8c4398f37e1c55d",148,32,31,-14.515,4.362903225806452,24.67,35,0,36.49,50.01
"d11e42daac68288eea95d8923771a326e667b520",280,114,114,15.667,5.507699115044247,16.47,122,31.79,40.71,63.16
"529d7e5b25e40c18bb7ea49be0963ed7f3e288ea",146,60,58,8.917,4.092241379310345,9.13,45,17.81,50,60.35
"b51687ca4edcbe2376bc3204617227bceb0a52c0",40,17,16,-23.934,10.199375,20,18,12.5,65,60.25
"92213400df98f5441533511526206328cdde4159",143,45,38,-23.359,4.500263157894738,11,80,9.79,62.24,52.32
"8e5fc3c13f17c0502fe3f0a8404b461b46183f8a",114,45,43,8.695,7.663488372093025,8.14,127,0,81.58,38.62
"b3946c98c388b721854634038fbd1820a7ff046d",209,49,35,-28.527,4.922571428571428,8.71,117,8.13,74.16,36.87
"ad57f4feb3cdcdfbb77d4ccd074d9ca50227661d",335,105,102,10.561,4.830099009900991,20.94,126,11.34,67.46,36.91
"adc3882c435a390c34d34279b5528215928944df",232,92,89,5.309,4.9733707865168535,6.27,129,19.4,48.71,62.11
"b8e898c506ad360ead5d4fafe6651fadfed6645a",94,48,42,2.169,6.096190476190478,4.48,112,1.06,89.36,37.91
"a10c5f4ba04fc56032719cc84184c0ad5b5f8446",156,57,54,-19.852,4.344629629629629,9.18,59,0,69.23,44.12
"e07c3edba3602b0d172c2db763539dfa9819027c",281,115,107,15.549,6.586476190476191,7.21,121,1.42,62.99,34.7
"c3fdd44aeb469416e4895afe4040e54eebc23db5",170,47,43,-2.502,5.172790697674421,14.17,100,0.59,67.06,40.52
"549b4b9f5408631f8a062a6a3b71c496646ee0fb",189,51,48,-2.521,3.6256250000000008,15.75,46,15.34,54.5,49.98
"f440f5463ae218aef17a60e9f2ffc7dbbc45dc54",143,59,59,14.451,4.708983050847459,17.88,104,0.7,73.43,39.66
"f92e3ec921384713419dca56d1fe2be1d51f1b54",259,50,49,-0.673,7.288163265306125,19.92,225,6.18,65.25,34.08
"797c7c555f32a47816ca7f0c017002a2131c132a",127,32,30,-13.698,3.2710000000000004,10.58,46,0,41.73,54.91
"eaf60b6a377c720fa7a13f97831f38531047a217",209,52,45,3.601,6.213777777777778,10.45,122,0.96,76.56,29.71
"f91b376092344f19705df8873d25aa4a34bafce6",335,107,107,5.837,5.3261682242990664,19.71,112,33.13,58.21,56.32
"bbaeaab91cec9991b4747c8ca3fba0981bf68ad5",98,44,27,-52.674,7.103333333333333,4.67,102,68.37,7.14,98.95
"9272bf390ef4a8e31a5285c14ec721495414c53a",250,79,58,-16.009,4.453275862068965,14.71,140,11.2,55.2,46.58
"d66c55f4502b462e88d4529dd6b4d167fd42d165",249,68,61,-13.579,7.6468852459016405,5.53,110,5.62,68.27,42.21
"950671c7855e25bf4a8330768cabc430bee030c9",245,70,64,2.657,3.593124999999999,12.89,54,12.65,35.92,52.84
"9d46769291771df99e8061cc9c5d79aacb087210",164,36,28,-27.832,3.3942857142857146,16.4,84,5.49,87.2,28.66
"cbb7db3eb5270179fe8ebb9e73dde2c894c9a971",163,49,40,-2.831,4.814358974358975,10.19,107,15.34,73.62,43.94
"baae1f7bd8567b6f9e220cc863c92124fa71e1fe",561,118,110,20.503,8.39916666666667,15.16,107,9.63,62.21,32.35
"cc1f8f78f5ef5237c717194b38699b168c265513",62,25,19,-21.7,4.999473684210526,7.75,127,22.58,17.74,90.43
"f4367a0ab2083a66a5fa812df89e590d3fd3b5a8",99,32,29,-15.948,5.912758620689656,7.07,95,16.16,42.42,73.79
"e85a79ca1bb1f59951efb5c25e40e0ee73985cdb",85,35,32,-15.991,3.970312499999999,9.44,110,25.88,57.65,58.15
"9b6d776d82bca421eb10bc4a1f5f866af7fc2a3d",203,66,66,3.57,8.286212121212118,6.55,98,0,78.33,27.18
"9d69c1d50467997289ee1396002cd197883a2b74",27,10,5,-55.754,3.1419999999999986,6.75,8,0,44.44,86.16
"bc8caaa2729aa0c9179e8d66388586a4a8586f20",288,117,107,-17.621,6.734029850746271,11.52,114,32.99,43.75,54.78
"aa2288779d4ddfe46b3dcab170577d4f5096ab15",13,12,12,18.75,4.8549999999999995,13,0,0,100,18.17
"fb0a2834f5f131005e12dc1962056623ee6a7188",143,70,69,6.927,5.0105797101449285,11,113,7.69,53.15,52.62
"9b4fd6bc9be128b294d3a8590bb6a146bc503902",219,97,97,-0.314,5.120927835051545,7.82,108,13.7,35.62,46.21
"f9491b0ab4aee90c428545e0e315a3af1f827595",186,63,57,10.299,11.119444444444444,11.63,80,5.38,75.81,34.73
"b1179b71e93f6ccfe9702cc342e53c5c04d2cf60",183,97,89,4.445,4.809101123595505,7.96,107,11.48,34.97,55.51
"cf8a26a2ce3ac2cfd81a1050e73bdc7a4cd225e0",46,12,7,-67.957,3.907142857142856,7.67,41,0,78.26,63.35
"8b158f3040b574b6d08148e24946fba8bbdc29ca",407,60,54,-0.39,4.6309259259259274,21.42,101,0,64.86,24.26
"326a025b5c23347b9eb2c5ceae75a5908a461f69",102,43,42,0.538,3.4935714285714274,20.4,38,22.55,55.88,61.28
"9d91374d67624389dacb4b429b8fa8c18442b29c",36,18,16,-12.904,5.553125000000001,5.14,78,0,77.78,50.44
"a24729ea6c4aab24a9d6dc73513113e8b8fcf35c",130,42,38,-10.479,6.166578947368422,10,103,18.46,46.92,66.98
"f4d9301713b16c13c174f19e18d0200175494a79",448,85,67,-30.178,4.040447761194031,23.58,108,7.14,56.25,33.68
"b27862a2f9590331f29ffdc8f3648dec2a7a7d30",147,35,34,0.795,3.8144117647058833,18.38,10,7.48,59.18,51.22
"9c03af1da21c500de8e0a1be24e3c22d341961ca",18,13,13,0,5.046999999999999,9,1,0,83.33,40.92
"c8ea10d959a7c782b45e6e83040472d432fa448f",130,42,37,-7.619,4.010270270270271,13,94,13.08,52.31,53.9
"96d8f7656a57c4a757129d95863a463358a0c3ca",172,112,112,8.882,5.441607142857143,7.48,116,0,64.53,38.74
"dfdeea1cf0b4fb6c906a25d99aa5756efe14c996",506,102,97,8.049,6.547083333333333,11,107,32.61,26.28,58
"9a5d7462df7a85794cd0d7d2c510ebf725d2e13d",6,3,1,1.241,5.599999999999994,6,0,0,100,14.49
"ece9b75bda9d53b5a67f7bb53b5635a3df017020",77,35,33,-11.729,4.3033333333333355,8.56,100,5.19,84.42,36.44
"c4504ac02ad7e7e0c9ea3a1d78601374e483fc30",144,63,49,-32.081,3.611428571428571,6.26,102,23.61,41.67,65.59
"8ee958ba68793684a9962e1b60847d7b73d7c9d1",341,99,97,-2.196,5.516907216494848,10.03,109,26.1,48.39,57.17
"8ab396fa5981adcdc777254c57ea744f1fd4cd2c",1,1,0,-18.759,0,1,0,0,100,3.11
"bfb055d2c2ba396d5e6bd6022719b3ade1cd1407",89,38,30,-25.942,3.9820000000000007,6.36,80,33.71,40.45,61.23
"c8bd30152ccbeebb18f9b1fedac0869f845980df",2,1,1,10.4,21.090000000000003,2,0,0,100,15.98
"8f19ffb508b23f955b93ebd99153f8ec99025785",103,59,59,4.418,5.575932203389831,9.36,103,9.71,76.7,53.1
"a94238b07de77bffd5189487ac3d56b96db7e09a",195,103,95,-4.804,5.047157894736842,11.47,107,5.13,53.33,40.99
"a819175c8808635fda7c3854536f82d90a7b31cf",87,43,40,-5.582,4.9145,6.69,100,11.49,56.32,63.66
"f4a045088bd0003226023c10214248049d9da90f",2,1,0,-82.427,0,2,0,0,0,28.4
"e1d3226bcfad8043e69d31f3d76e719c7f041d3e",329,111,102,13.731,5.618627450980393,9.97,109,20.36,32.83,62.85
"cee203ff00aaca3eaaef780ea6c4a68a3f8fd2fa",212,89,85,-1.479,5.1098823529411765,5.89,115,9.91,55.66,48.74
"c21b13edbab3d247c8816a374ebb57ef71700952",147,63,61,4.819,5.19049180327869,10.5,113,17.69,48.3,64.42
"a7e953186fda9e7bf8368e2d00a19d024f7db5c8",128,44,38,-8.01,8.349473684210528,12.8,80,3.13,80.47,38.86
"86d9a98ab0225d2c2faf6d51fe3b9fad194c3ce3",119,83,83,2.548,5.469156626506025,9.92,100,0.84,49.58,58.43
"cd6862158d54e5c270e8d4bed99f73f32a721e14",149,79,69,-7.828,4.2846376811594205,5.73,107,2.01,60.4,38.01
"fef4a3263ed9a8ab14d457694bb8fd86ccd98312",260,77,74,8.26,5.24486111111111,16.25,104,4.62,59.23,43.62
"9a6d7a470aab3fb51ab58261637c58c239ad804f",324,102,98,8.216,5.549081632653063,9.26,121,29.32,44.75,63.88
"d6515d627895751c832a3075053719da2f5e6cef",252,59,58,12.229,4.741034482758621,25.2,106,3.57,77.38,27.05
"a57e6a1dc883554789ef6049be9b51530a7aa207",211,113,112,8.882,5.441607142857143,12.41,116,4.27,67.3,36.09
"c670d2529bab25c82fc7c3757cb11e7f2e404de8",8,5,5,81.241,51.902,8,0,0,100,15.19
"c096fc1d9c0ad8efae9cfd509f75522c50603692",187,54,49,-12.254,6.636458333333336,11.69,80,0,96.79,26.61
"9cf17df2214b19cf4cd63df22b802afde8cb98eb",4,1,0,0,0,4,0,0,100,14.82
"b9cfcb9ade5f88679b72a7977c50eaca7170206b",146,55,55,8.737,4.578727272727273,11.23,104,9.59,56.85,50.88
"0134f9f410c65ad0e8c2254a7e9288670e02a183",100,47,47,7.117,4.118297872340426,7.69,38,0,59,50.98
"f6c974c003c063735fb1afcba0aec50acdb89861",184,58,57,2.495,5.372456140350878,18.4,104,1.09,74.46,35.29
"efcf2fbf26e74d0af378d96a168c8cdc05c42a84",225,102,100,12.172,5.5464,7.5,109,19.11,34.67,56.96
"92cea32d04d98c66af1c1366fe9811047a9b1cea",508,143,131,14.337,7.187211538461539,11.55,110,15.75,48.43,37.81
"bdcfd5ee015db872058dc442ab9d3c72518366ff",401,101,99,-1.906,5.2320202020202045,19.1,103,12.97,55.36,40.32
"93635a4013ec683f217cad90ca4e41aa557c3922",2,1,0,-81.25,0,2,0,0,100,13.92
"e0850b1bd8f8de58096da128ec94efbdf5f05ca8",152,49,43,-9.795,5.233255813953489,12.67,80,9.21,55.26,52.4
"c8a8565f00553a00a5d510958dc8c40a4a477783",154,63,60,10.866,5.474166666666667,11,130,18.18,76.62,45.41
"0aaebc88f6106684d6993c156104c1ef36cf94e0",192,50,50,11.064,4.111000000000001,16,38,1.56,64.06,39.48
"f037357014544261767c6ab5b172b246b09d3ddb",125,41,36,-5.617,5.415277777777779,6.94,106,0,82.4,34.6
"edc5737211dd036ad81985e117aea3ab9cbc030a",114,41,34,-19.976,4.920882352941177,8.14,108,9.65,67.54,47.25
"e036815d3a8d88224e7e8a95c64ca031dd5b205f",184,32,28,-39.531,4.3046428571428565,13.14,58,37.5,30.98,82.42
"a3748712b8685edb49cf966b7e662e1647503013",25,2,1,0,35,12.5,5,0,100,29.23
"f6f5b15522aa9457158ec6d7a16caaacd6cbee42",266,112,111,7.956,5.444594594594596,11.57,117,11.65,45.86,51.35
"b9db6bc5ded963759b9a1db58adbaad3314169d6",220,101,99,-1.721,5.646868686868687,7.86,111,5.91,50.45,48.88
"e95d7442ab6fb642a8c3529ef2fc8aa25a774e13",202,63,57,1.912,9.266363636363637,11.88,82,14.36,68.32,47.72
"c20545cf079fcd100052faf6db21ee865023525f",562,98,93,10.69,5.020219780219782,14.41,101,6.94,71.17,31.62
"9d12b920015fc145b62c73ca689e71a362e33b35",118,50,47,3.888,7.856595744680853,13.11,102,57.63,12.71,103.32
"b152244728671db447c59ab0796fac9a423e1356",144,59,59,14.451,4.7089830508474595,13.09,106,0,70.14,41.37
"79fb09750bdb85310622bf240e1060ef8de8bce1",56,23,23,-13.669,3.8752173913043477,8,45,19.64,53.57,77.6
"fe516d090eef192c93197ed87878da0e23908140",200,59,59,12.791,5.472033898305085,14.29,96,14.5,67,49.36
"f59fe9b15a7762aa5ffb0653396da3f4f2536553",220,60,46,-11.024,5.724318181818183,10,82,9.55,61.36,42.85
"b6cb94c201726bd4e4dcadc007dba2c69933e0c1",110,56,46,-0.829,6.577999999999999,7.86,120,9.09,65.45,57.5
"339fff79c43561c995b29972a962ccec846c599f",95,50,50,11.064,4.111000000000001,11.88,34,20,73.68,52.47
"aafa3b985fc5f4f1f6dbe50b8edc01713225dd2d",294,106,103,-5.664,5.06388349514563,14.7,116,3.74,70.41,33.14
"cf84076c807f395016eaee41297162276781b963",132,53,47,1.401,13.775111111111109,6.95,127,26.52,57.58,49.35
"e85a95e2eddbdafe7db54351ce3680933e09d0a3",184,96,96,12.195,5.178229166666667,9.68,105,4.35,32.61,46.01
"945546f9d4db4b9599e57ffd4271193406f0d96b",169,46,37,-26.619,4.468378378378378,16.9,104,17.75,45.56,53.2
"e58eaf39ea458008043bd1472f267706524f1fc2",4,2,0,-18.759,0,4,0,0,100,11.67
"9b0622ca034d946055f8590f554fde632487742f",194,77,60,-18.66,4.149833333333333,10.78,128,0,98.45,19.93
"df17da01944f34b2a6b59e8d45407c1297f9834a",252,60,59,-6.994,7.470847457627118,9.33,106,1.19,48.02,44.05
"9b536900fbffe20f4db747af055dec68b3ddb6ab",3,1,1,0,15.430000000000007,3,0,100,0,52.25
"f156718d3970030deec27298f56fc78a00c00f5a",132,50,44,-0.231,6.181818181818182,10.15,121,3.79,87.12,35.76
"dade8cdd2806e1efa138e68d984abd0ab1c87ced",176,98,97,12.428,5.3759793814433,9.78,111,27.84,48.86,66.18
"edc641c842df448a70ce315e00b6dd4461a260a9",351,106,99,11.913,5.575555555555556,8.16,104,19.37,51.57,50.06
"8beffc1494bb81af08c352aea875a183e45bd824",242,88,77,2.242,6.514545454545455,7.33,123,9.09,48.35,55.05
"a18783b2a14d61192a1b97ce3daca9e67cb8cd59",143,44,43,8.18,7.663488372093024,6.5,128,5.59,72.73,48.37
"980a5ef7011a98b8fa55e5ac3d7ebce6f7784286",207,58,57,10.029,5.280877192982459,13.8,97,15.94,58.45,48.93
"a688299300a50fed79edb502fb02fc503a564308",157,76,68,-8.544,5.306176470588234,7.14,99,1.91,72.61,38.41
"c45bf22121eaa2f37dfec2f58729d22394ea220a",104,47,44,11.744,7.663488372093022,9.45,107,0,85.58,35.78
"88003ba023714648c4312658ad9a4b3703e56de0",14,4,3,-32.57,3.3900000000000006,3.5,79,0,92.86,46.13
"934776ec5bd2147907362602555bd692fc56aab9",282,106,103,14.034,6.260097087378641,11.28,121,8.51,45.04,46.73
"c13d9b5245d8fc600da9390192908048857599ea",491,109,102,9.093,6.971584158415842,12.92,101,27.29,53.97,55.37
"add7a23a1b66010154da076a059216a13b90191a",17,3,2,0,5.1299999999999955,17,0,100,0,73.33
"e621f4d6991a537e4508648aa4c3fc278091ec1d",422,113,108,6.983,7.723518518518521,14.07,184,34.6,11.14,84.87
"baf05c058d7a427783ab9bde33f38d55ae8ac0cb",284,87,75,-10.453,5.515333333333335,8.61,106,12.68,25,40.33
"ea2f8736bbf1d859fb5b46f848db37f421181bd4",49,20,12,-37.529,3.6316666666666655,7,76,34.69,40.82,86.97
"bc54069a859b02cf1b00e7ab77d68132f9021c8e",136,63,60,1.462,5.485000000000001,10.46,114,0.74,51.47,50.5
"55ef1cb9ba9a618396f8f82aefdc261d00864381",167,54,52,1.584,3.793269230769231,11.13,45,31.74,57.49,56.54
"eb870373b64f0be961f503936f7a725fca60fb32",243,64,63,7.902,5.653968253968255,14.29,114,19.34,64.61,47.44
"ef070fa973803bec505aeb6230acdd7a917e2a59",332,90,80,-3.377,5.7905,10.06,114,10.24,27.11,40.88
"e13e39c815ec66160db3c75b7331dc1a0dd1d4ce",171,45,43,11.744,7.663488372093025,10.69,125,6.43,62.57,53.75
"9aace874af47927645c48f21ffeb82f8e15f24e1",287,80,76,20.338,12.19845070422535,7.36,107,3.83,44.25,39.08
"f86b9fba1d59be7c864d4f23d0c7674113a27cab",94,33,25,-7.495,5.2452,10.44,128,0,90.43,35.05
"defaf0c38d68f9958bd180e1a709f130a999b2e6",201,102,100,-0.795,5.2513,8.04,108,5.97,49.75,42.03
"eaad1484ffa24b01432fa3564a8635bda0b4c34c",59,28,26,-1.501,10.082307692307692,14.75,27,44.07,47.46,77.58
"c8d7193cba58a3bf26ba18f4ba5728c56ddcd4a3",162,63,63,6.819,5.561904761904763,18,112,13.58,59.26,58.79
"ce892387ba13c6b526d18de003b62c1bfe4c125f",95,40,39,1.905,3.8333333333333335,6.79,46,1.05,62.11,50.06
"a5fbdd306fbe3003283cf2cb7ae4c371c9693290",168,64,57,-17.511,3.1733333333333342,5.42,122,14.88,21.43,70.41
"89cc639060f3d63cf21d893882e544497e32aeea",181,64,64,18.584,4.10375,12.07,45,5.52,35.91,45.81
"875e48fd13e52a01a4d48d745d72128f25b9ec81",149,52,46,-20.292,8.890434782608693,7.45,111,6.71,71.81,48.78
"f2d54f193cc71d429fd5803b2e4721d012afe568",211,98,94,-6.073,5.507872340425535,7.03,104,9,62.56,43.38
"fe31861a03511f91760de27adfb8803e8ad321b8",105,29,25,-0.295,6.770400000000002,13.13,97,10.48,34.29,62.65
"b2a46e3625d075ff330baf8e18019e1af424bc62",139,37,19,-37.666,5.784736842105264,12.64,99,7.91,69.78,46.38
"ac164aef8492a4d178d0704b602f0522512dd913",264,110,110,8.06,5.539545454545455,11,110,0.38,83.33,24.82
"a40402ff4c87721e74766e6751bb458653b3e686",24,11,9,-39.824,11.245555555555551,4.8,20,0,50,71.29
"bd9bd34617afb5bf1f3ff27e575c4df427ac32dc",236,64,62,22.666,5.385000000000001,15.73,114,2.54,72.88,31.48
"ab4e0b5338de7292c155831c4bd68a740ae6d05f",5,4,4,61.241,45.1875,5,0,0,100,12.1
"eb2a090421ba380ba6c0a8119510e031bc4e55ea",243,77,64,-7.779,6.710000000000001,15.19,79,0,81.48,23.2
"d08b1608a634fda68fd097f278ce9fd4ac24046a",188,83,79,-6.962,6.525316455696203,12.53,98,18.62,23.94,71.68
"b7289b3b24fd67017ed82f62a889b4c9a0fb5ba4",13,5,5,-2.393,10.338000000000003,4.33,2,0,23.08,76.43
"9a31bbe1021725b074357ae4668bed6eb7e46bc1",266,49,28,-37.637,4.579259259259259,17.73,111,3.38,21.05,41.03
"eb7470e41cb0d50314e9755be518f55b093a4975",186,47,39,-14.152,4.833846153846155,8.86,79,4.84,72.04,43.51
"a76e1891c401fc5f73f6942768488b1487533472",355,102,94,10.658,5.524042553191491,10.76,106,7.04,59.44,31.26
"a5f22a73b7cb93619da1f3cbc56febec52b1c16e",143,109,102,7.114,5.176633663366338,28.6,124,0,74.83,39.05
"851d9a4b9b8e236f2d62282ddf06fae57b7d9492",389,95,90,7.649,5.354333333333334,12.16,110,11.57,40.1,48.29
"96ded661b95e3d4d3cf1c8d45aeae3b335224583",166,69,68,1.421,7.9119117647058825,5.72,111,10.84,59.04,50.95
"d20b8e96e5c520827768fe614961d0534c6f2680",254,110,108,4.12,5.131018518518521,9.07,116,10.24,67.32,44.94
"5235e36e00b0e927e6ce9f6f771ef92915857989",102,43,41,-0.778,3.290731707317073,11.33,38,27.45,44.12,69.72
"cff1765d7a97d3f012a354586ccfd49fdaf6aa44",250,93,89,6.676,5.343258426966293,19.23,103,58,39.2,44.94
"f0d74f349e6479eaecf425634f8b0dd51e60d60c",229,61,54,8.261,4.485849056603775,13.47,113,10.92,65.5,43.46
"508e0627871ed482bd8ab34544e43e5d856a889c",94,33,33,-11.304,3.62969696969697,9.4,38,19.15,18.09,77.04
"d525d6edf4b0c6362ddaa4814c3930a6a62bdc99",217,98,97,13.195,5.371649484536083,9.04,112,15.67,50.69,47.2
"b722e6209f2858faf0bf80947cadcbde586bb666",136,26,23,-20.833,2.7769565217391308,13.6,46,0,51.47,48.35
"b45e8d507778dab56f381a681c453cbf4d3b4050",141,53,45,-29.299,6.282444444444446,7.05,128,15.6,63.12,51.98
"ea385e57f5d3d6841a6997dd7af680e135928bca",215,109,108,8.094,8.089814814814817,9.77,107,27.91,28.84,76.76