username,total_submissions,problem_tried,problem_solved,avg_completion_rate_delta,avg_inverse_solving_rate,predicted_th,predicted_ck,tbtl
ed9eaeb6a707f50154024b24d7efcb874a9795dd,139,58,56,7.943,4.664285714285716,7.5198326,5.5637984,6.7174524
ba12c0a2cb367af0467e479c03507c71a805d291,319,112,112,8.882,5.441607142857143,8.449947,5.40975,7.3708788
b7298b0fe50443a623af9b56792b330c2d052845,247,110,108,13.114,5.06233644859813,8.408409,5.384536,7.267178
c60be70309789b39355dc612f36e37090ccad5dc,172,83,76,-5.448,4.01157894736842,6.9769187,4.7882037,6.16404896
a22a58c5be8aa2c2700619e37f2b7a6e4efa7e6b,288,103,98,15.593,7.228659793814433,8.804907,6.06683,7.827694800000001
d5841f944022e9ef49bf6ac9b5546dd82ab2784f,6,2,0,-18.759,0.0,4.965702,4.2245607,5.352271746666667
eb451c65ea210bed6af798282c2c6205c79f71fd,277,100,99,12.108,5.473232323232324,8.4195175,5.601666,7.474473400000001
c3e73d0362e2b21fae6edfcf518063e8a28b7b63,348,127,115,15.236,7.6881981981982,9.040102,6.0338173,7.846567720000001
df9e2c6cfb6035fa5b26af3b101bacf64e95e913,249,104,85,-12.156,5.173176470588234,6.947817,4.787749,6.3022264
99103791231143dd15aa77f2aeb87b2cd4a1c22e,90,29,26,-13.005,3.731153846153845,6.0896244,4.9430285,5.71106116
e2ed5ffddf1e60198f9f138810f84b7107ca0561,37,16,12,-41.403,4.907500000000002,4.704422,4.2351027,5.10180988
8554d1155712da4bc72ec5921db3227311265359,422,110,99,10.7,6.062727272727273,8.64717,5.940485,7.623062
89fe8b96c04597a0fb63dca3a86e5f36e7580940,102,20,19,-20.339,10.994210526315788,6.719597,6.1177077,6.7659218800000005
8b65dcf807a9de0c95c0896919da04523176fab8,118,73,69,-7.782,4.341884057971017,6.776643,4.7489343,6.37923092
b6e252e4989b3b422d69eae06831ad0bfd396126,155,70,60,-10.955,3.8670000000000018,6.5267034,4.731257,5.99018416
9e0457ac0f2824c5e725d83bdeee91ed078343b4,426,111,107,-21.803,5.070377358490565,7.110132,4.556311,6.3435771999999995
c9c6d1fdb1bc64d7137f0fb7050e334cbb7c0f6e,554,78,74,17.429,12.198450704225351,9.930721,7.8855743,8.942518119999999
ed6c052a16794cf2376b1497c505b438e9af69b6,152,35,31,-16.571,3.278387096774194,6.013847,4.801555,5.7061608
c5d903eea354607809419b5e23c869ea16626a59,330,108,104,2.406,6.944519230769232,8.284019,5.5721703,7.250475720000001
927008a1eb1983b52fe269b504f398ca185603c3,185,55,51,-7.994,4.6011764705882365,6.8055973,5.154488,6.45903412
fd29d68d81bf469540c56ab7074ad748cd72203c,205,38,37,-23.374,4.7624324324324325,6.0689044,4.8744974,5.74936072
d6f54f87ad964bd1cea20ffceea962f8b6236da3,344,111,101,-2.229,5.462772277227723,7.826534,5.1985583,6.7480369200000005
97983f3249349cfcb409b75d5f53e5cbab2bfa5a,121,44,44,3.41,6.4263414634146345,7.438895,5.8426847,7.06163188
b72f0fecebc0120609eb4643631055b2e7a31fd7,204,113,112,8.882,5.441607142857143,8.2122555,5.1685495,7.071322
f3a7769633f8060ffee4a0295c55ec9be084e3c0,311,111,107,5.703,5.4093457943925225,8.213959,5.331909,7.150347200000001
abf736b0441172883ba772951733e73d557598ab,165,50,50,11.064,4.111000000000001,7.614809,5.7057967,6.838242279999999
af99c21153a5cd9289febb0cc7d1f8cbee810621,55,28,24,-5.937,4.910416666666666,6.488326,5.3513947,6.34788828
f5a2b63a98287f49a07f6101717dd4c1048b9903,144,80,73,6.705,4.37068493150685,7.51692,5.253922,6.8263368
a9947ca4f64f3122a22c7827ae089d48db8fd76d,224,49,47,8.492,6.016170212765959,7.8337183,6.1171227,7.348336400000001
d28c344507f89c41df926794e0d5a96d10349014,6,2,0,-9.6,0.0,5.3945556,4.542073,5.76215144
ac6522ed2e2b8a808bb80970ccffcb6572183349,310,87,84,8.342,4.893214285714286,8.106686,5.6198587,7.318617880000001
8cf96ad1e77c722694ef03a06a781d61d632f2c0,288,98,98,14.195,5.417244897959183,8.532054,5.7014155,7.665387800000001
92de4c1319bb3b07781b63801e4599302764dc5f,86,59,58,-0.994,6.778620689655172,7.3041415,5.5024567,6.84763928
f0cbea39c26f2cf588e04885ddc1a439564bd782,209,62,61,4.552,5.636065573770491,7.6766815,5.7063813,7.176225120000001
f1299639d65fd743440958354f22154e171500d0,109,21,20,-1.612,3.932,6.660168,5.4934287,6.46143868
943f8910b7d79d76726a7c50a996a39a00fb033b,279,52,51,-5.181,4.806666666666668,7.176137,5.4907217,6.71274348
fc4d0cb084cf3b98bbe820a9fc36fd437940969e,115,28,25,-29.18,3.6924,5.369777,4.4398837,5.38086428
c084f1399d2813131b70acb3920068a454cea6d5,133,42,36,-31.649,4.046111111111111,5.394844,4.3109293,5.53730932
979ddec134899a31461a05d820b9d6cad713715b,160,92,64,-16.481,5.049375000000001,6.329689,4.676545,6.014493600000001
f7d331120e9b3a15cf4a0028849bf050846d5d6a,246,95,78,-4.886,6.639102564102564,7.4455853,5.390537,6.857448920000001
8866a6da23ad8a2abfb243905e0b5e2c98e366bc,337,114,114,15.667,5.5076991150442485,8.827089,5.6691413,7.632492120000001
5c67cd01bb445f9b80d30f2c551d0d42776898fe,73,28,28,-7.253,4.48,6.4638777,5.223242,6.028847880000001
f408354e704d901dac2f283fc8242d2787ee4813,272,105,101,13.125,6.453762376237625,8.5816345,5.7723,7.408573800000001
e594aa5283c8b2076ece870504b4b6b2e9c29ca9,112,42,39,2.433,4.8500000000000005,7.102298,5.562276,6.529829600000001
c5b963fdd21435b56c4cf55f49d652d92fc83093,200,59,59,14.451,4.708983050847458,7.9896445,5.8906293,7.10010952
948fbf59cd52083820e8e1682a5bc2a34793997a,304,76,74,17.429,12.198450704225351,9.445892,7.3697343,8.59625052
c399382ea2553528d9b44a9aa6492cee7cf0b5c0,132,47,43,-14.414,4.806744186046513,6.3689275,4.959603,6.119412200000001
541270fc6468b9399001ee5a8bfa0cd380e1db60,28,22,22,-13.484,3.638181818181819,5.92453,4.8371944,5.53168976
d2a2d2ee79d993c9821f176d9a248223ee59b3c7,121,48,45,-24.216,6.278444444444444,6.1096215,4.83956,6.1036726
911daa5a6058823b007274f35ba038da7ec89a11,223,90,83,-7.157,4.594819277108434,7.128673,4.85218,6.3423412
a5b034cb2c29d312a2e5475da6174e196cfc3c1b,505,105,92,8.176,6.662065217391304,8.71033,6.217938,7.852307200000001
da7fa747f59ca321b48b414b2f884d027bc961f8,226,87,67,-15.88,5.240597014925373,6.5986323,4.847692,6.289529720000001
dc87f8c4ae8953d2d0bcaf1a08239547d77cdee8,299,106,98,10.7,5.361530612244898,8.321729,5.5767612,7.27439608
8e3a076971fce919b1a5a0bc62dcef86264a1c24,245,65,60,-9.98,6.432500000000001,7.138444,5.425752,6.7736784
987888aba1d68d84a51fcfef4131d649024e0aec,1,1,1,0.0,0.0,5.856577,4.855955,5.0060128
c3635fc4a7b4545fc6df8dcad81f86d1e08c66cc,28,21,20,1.382,6.702000000000001,7.0138907,5.929033,6.98116948
8ef9f17bb904f437ec0a9849d820ed0f86843517,191,48,43,-16.022,5.378372093023256,6.481525,5.1277575,6.364713000000001
addfbcc77f77c6c80cc3e55261cec181722e68cb,49,20,20,10.906,6.231578947368423,7.445703,6.2199516,7.28526184
ca84b66fa8d2c26e91bcd21dea081bb062e51711,132,12,9,0.0,8.963333333333336,7.3689165,6.640292,7.4866834
b80a4c674f6640d304722f4a92eb9b47345f1258,194,29,29,17.49,4.300344827586208,7.8473573,6.287597,6.65198172
a3c251eb71ac7769282f383672f19d3cf66f1b04,317,60,57,9.64,5.043859649122808,8.006433,6.0467253,7.3362633200000005
f2c6f4d1250f2570b4dc5edfa7d0952ec4b7194f,335,111,104,6.868,6.46923076923077,8.415582,5.645298,7.376352000000001
be7b5a55c3a0343bda6a2a6ad09c5cfe8714b27f,288,85,83,-3.212,5.394216867469883,7.5900106,5.2786837,6.813477720000002
a593667aa30cd094ca66d70dbb5ee98fc64d38f0,31,23,21,-31.756,6.482380952380954,5.438087,4.732188,5.56611
c67df30ae6cf151f19df3e36d15f0361619ed47a,329,59,55,-0.133,5.228909090909092,7.575805,5.7894583,7.0481053199999995
bf9e4a55173e6e65b88bbf4f18744ea043b07ed6,23,13,13,10.08,10.082307692307692,7.826442,6.920867,7.800923600000001
df1a661311bcb75b3b3c258c46ab75819bd6d249,130,42,37,-10.075,8.16918918918919,6.972913,5.786664,6.5098308
a60f543d315ec120d2f433cdccc19342c9c3be02,214,116,112,8.882,5.441607142857143,8.209336,5.183231,7.1070268
aeae992591ef4a9423528eb6029301cbd29daff5,19,3,1,1.241,5.599999999999994,6.694685,5.9437,7.009187333333333
b002ea316ac314e47c6aceffd6583bd300962387,12,5,1,0.0,4.760000000000005,6.493401,5.7303386,6.584495840000001
eaffaa19471bbf9bba8fa5808dd0904474089ae7,427,109,100,-14.222,4.832900000000001,7.346021,4.8562927,6.48192548
bdc3fba009b4d570355de5bfedfb6766746789ce,115,59,55,-7.073,4.687818181818183,6.7493944,5.0061007,6.394198040000001
97469bc8eac2e4fd57266fa9821a50561a4d8473,7,3,1,1.241,5.599999999999994,6.6706796,5.918744,6.9589599161904765
fe659e147194c97b69278c8effb4041297398009,15,11,11,9.413,4.814545454545453,7.0505004,5.9549356,6.8291744
91ccfc470d803af51ecbb91da39db5592e3a3324,323,113,103,9.779,6.250194174757281,8.468018,5.688179,7.380478800000001
dcf7777f614c11ed45f8ff82f2c44d7dd15889af,286,103,95,-6.048,5.181473684210526,7.465398,4.9743986,6.712918640000001
248ff20c10b7d18c30fc84ce214936f5bb440e6e,59,34,33,1.519,4.266969696969697,6.8462753,5.394728,6.46440132
8b2735093e532de21b7aabee43b9c76278bdd5cb,292,105,105,2.682,7.916380952380955,8.390499,5.673788,7.2047148
fe4316169ee8c83567ebc52bc629912ff65f14b6,249,96,92,0.563,5.520869565217391,7.7557936,5.2338715,6.80786604
9a8ad4a46036cc65da3ce25da0a1b9e70f979655,82,14,6,-55.027,14.926666666666664,5.4409704,5.7332864,5.96470272
f1fb0a22c3c46fe87eaf8bdd97d80ed51436f782,122,41,40,-12.013,3.87525,6.336255,4.8977175,5.919589
e299749491b5a979701f0dedd4467ed53aaf7c7c,193,102,99,1.186,5.232020202020203,7.6920915,5.000704,6.6331182
9deeecfc873e74ca5ef8b27fb6b22bf7a536ab86,100,37,31,-8.773,5.416774193548389,6.5496016,5.345861,6.21118504
f382c8f54d9fc494b6d8cc0751f694f0acbddca2,217,50,50,11.064,4.111000000000001,7.718832,5.8139396,6.659108640000001
884afc60bb87e1f0d85311221487273fc5d13d13,193,53,48,6.355,4.053958333333334,7.389913,5.60548,6.4681572
add21f371c1ade0e82ccdacf7ce016dc151a6968,249,105,87,-7.166,5.010344827586207,7.1815066,4.9081736,6.61387208
ad77e6368d86e38cbf14a33770ca16b204522863,449,108,104,14.943,6.225576923076923,9.011617,6.1244254,7.81241696
a57d3a31b965e00aa208f4d499c0b3637f759838,35,20,20,12.096,6.965789473684212,7.572964,6.364689,7.3900612
dd98462b95687767f50edcdc4758ff5237c0bcff,269,61,58,3.457,5.184310344827589,7.647186,5.745326,7.1170048
f7ce1b89f61b8a40a961d7fee02ea31d4b27583a,206,106,99,11.263,5.662525252525252,8.217739,5.4466715,7.1607642
ce5a9a38579b80879f4de53eaab2d0083b685d62,20,7,6,0.0,10.095000000000006,7.2918687,6.6536164,7.560194040000001
f4984561cc406867aa796356b6bf10a2091e67fe,62,32,31,-15.346,3.336451612903226,5.921962,4.673454,5.5546664
137ffd846ed245676a14f1d5e8676a4ef646182b,174,41,41,-0.778,3.874146341463416,6.9810667,5.384583,6.32925988
92e2b243f8ca7bf1ce773bedf8205980f034ff05,249,85,78,8.778,4.56064935064935,7.885983,5.515476,6.951583600000001
b8b78832d415b2137aaa400ec638ca3828510a71,317,101,96,-1.298,5.178645833333334,7.779601,5.1965437,6.888457880000001
b4742d304d9cd4891aac3cedf5905676e9fcc9d5,368,103,98,9.009,5.576326530612243,8.432628,5.706545,7.534669200000001
c1287b2f156f6963bdda82942a95288967e9422b,193,49,23,-34.784,3.1382608695652183,4.998058,4.286053,5.290644400000001
ef5d4cc5cd7a9d46f3e31572d97bd52423bae4e0,80,25,19,-36.312,6.350526315789475,5.259862,4.6693764,5.41969536
ebdfeac0c48444c5f4fd377145b2d97e12c78cac,11,10,9,1.0,0.0,5.9736767,4.808608,6.17591388
f01795183fd859bc35b074c06fd58b5e6623fb03,73,21,21,-12.35,5.91047619047619,6.368497,5.393067,6.4196256
ca01f93cb3384006f7af5de96bc25f924ad8bd14,271,43,39,-20.057,4.279743589743591,6.282356,5.0082617,6.07424708
c9c9df2ea1ddcc10cc57d4e1d92b2f8b33d94538,283,90,85,5.269,4.854235294117646,7.8954573,5.4334636,7.21956836
d982afe8253215b9a75464a85bb061d5d5f7975a,401,84,78,1.843,5.192948717948718,7.9587026,5.707405,7.21644304
a99c3a5ba8f7e25ea61f79dd74cb89d6d8bf8a43,313,72,68,2.476,4.424411764705883,7.6509914,5.5375814,6.97542912
b459886eb6e03f683c364b338a5c2f4776391dbc,199,104,104,-0.565,5.254313725490197,7.6842484,4.89964,6.65355536
add17ba1901ea9804a604aeed6ebe191d784785d,257,56,43,-42.852,4.687142857142859,5.2024393,4.193763,5.46348092
c757c72ff79910b22c548daf9067d6a682bdbb4b,188,70,61,-2.406,4.406721311475409,7.081067,5.183168,6.568694000000001
d8cb6954aff8cc17b05a205c949f36b46493eb8b,366,99,92,-3.718,5.238804347826088,7.728228,5.2717276,6.904982240000001
a832f98e370c27f9fbc8e0caec05700a96e89a4e,80,50,38,-29.866,6.417105263157896,5.662409,4.6532974,5.65928256
d5cc23d9ca216f0f8c6e5ada7c4e3284a3920958,47,10,7,-77.341,3.534285714285716,2.826954,2.8270648,3.60460752
8fa7abd9421e396273c3571b177340434fc132f6,42,16,9,-49.191,3.177777777777777,4.0706005,3.6948009,3.7521605600000005
fbf5d7997f35a05b4f296b7b70b08866c13db856,206,91,89,2.822,5.607191011235955,7.7808166,5.2802143,6.8834123599999995
c6e9fd605b75a5090b1879635a6db8da08b8a600,171,77,72,7.218,4.392777777777777,7.605991,5.3485208,6.956804720000001
a576ed0ff4b19b2c864b2c489227a491ac670b84,27,12,12,4.507,3.281666666666668,6.6441956,5.520381,6.43483064
de163edff457321dc540b375c7b316c7f9fe73cf,312,116,112,8.882,5.441607142857143,8.40538,5.387038,7.296967200000001
92a1cd997867a6115b3d079903e63aba8dd214cf,190,89,86,0.632,5.584186046511628,7.613789,5.2026157,6.69856188
aa01429991aa756b651364d54b7b28c2bfeb6c3c,72,11,4,-56.809,3.7325000000000017,3.8129308,3.656266,4.07067872
50f17ae2d9048b293cc969aa8668b365f9773f1b,116,45,45,4.485,3.874,7.1404085,5.396001,6.438563800000001
ff3fa2ec64294f37ae968159f810ebeda7966c51,94,34,30,-5.966,6.531666666666666,6.828237,5.648717,6.473781600000001
f7875ec1207504a229cd9b5ca132437c6bdd6a4d,168,47,40,-22.38,9.498974358974358,6.6595044,5.637412,6.60776656
da37e77368c2bd5a7a9792749fd6ed83e05e2515,470,107,96,3.65,8.871458333333333,8.772192,6.3409586,7.88826024
dfc34f90e58f60b101c824e10d74b8ad0c46a2cf,260,94,89,10.601,5.156179775280899,8.169004,5.57462,7.232449600000001
4df58b4a53afe49f40e1c054f9a2e8553352e254,74,44,44,7.168,4.13909090909091,7.2107196,5.4621377,6.50914292
ba0b274a12a5891f98da7f012d4c757aeb822917,406,87,77,2.454,5.833246753246753,8.046325,5.8590655,7.2761562
e73e06dbdc983d0a3ccccdf754b85603dd0818e7,113,33,29,-23.516,12.004137931034483,6.7792435,6.0807614,6.661001960000001
a05a86b21a7d5922fed8c50f36d307ed7a8cc70b,212,113,112,8.882,5.441607142857146,8.228259,5.1851873,7.106378520000001
87322721181928972ce2b67242f61ff23275f3dd,275,97,86,7.009,6.0329069767441865,8.082129,5.665188,7.2899268
c001ef5d0a98bae288e504e13db2f1d4533021f5,367,40,31,-29.735,13.879999999999995,7.2267737,6.696802,7.020430280000001
a07cb417ba30c0e4d8cc3831f093740ece8be01d,80,38,35,-13.112,13.574571428571426,7.4643803,6.582886,7.089906520000001
87ce4212940578f8ab9aaab4616b104ab515d4e9,630,113,113,-11.645,5.483893805309734,8.123919,5.3399644,7.113553360000001
d2491eb9351f861cdcd439fd5d73883a6d681d6a,225,101,92,4.123,6.945714285714287,8.029455,5.5545087,7.1835854800000005
9871e11a3a4574e6b565733fe3e565f13d670744,95,43,34,-10.928,6.84764705882353,6.631494,5.4752684,6.37270496
a30f91cf4dd6e15b62a675de5087a6db82d61f51,236,64,60,-14.071,7.071166666666667,7.023121,5.3825965,6.695287
ccc7600e812ec5b6e75a9b4e2b04f00a48d1a9dd,4,3,2,21.241,25.84,10.360258,10.250648,10.085362400000001
aa2166a08738eb1a62d78686cce70fc5572d0607,48,19,19,10.906,5.877222222222224,7.388418,6.166471,7.2359556
73c38d8466f153b974c09c066d1469f63b856d07,207,66,65,15.693,4.126769230769231,8.018657,5.765477,6.892653599999999
db4c010c135d84c00fee816a085360bca2537594,295,87,86,11.199,5.404651162790699,8.309556,5.7589564,7.446404960000001
8531dba6dd1818a4e3f3ba5e355e1e5ea9276afe,175,72,69,-3.191,5.754202898550725,7.3047633,5.2837353,6.752399440000001
951b5bb9ecd6593cecd2bd72fdf62a0785bd3b3b,498,117,101,5.52,6.639791666666667,8.611174,5.9877987,7.6905890800000005
bca16481f37f3534abb04344ef1855b0e56140e3,243,89,67,-6.474,4.244029850746271,6.922657,5.0250626,6.410087840000001
f679eb92d1581b842e213a6d2a8a74a0b9ede984,21,14,4,-70.781,2.905000000000001,2.9215755,2.9102764,3.6137407599999998
df15664e980175f8ee9ea6687b81c59f3139406f,375,51,49,-9.534,8.980833333333335,7.708192,6.316479,7.1638684
bd53f29596985f567c39329a8f8da5100810f0fd,93,28,21,-24.742,3.251904761904762,5.414323,4.5106597,5.62499308
cb713a14e9dcf23999265a8826e204beb646626b,250,32,19,-39.036,2.587894736842105,4.9087477,4.234682,5.110371880000001
fab22b3c9fd685c26953a5ffe073c4aa2a788c7a,156,40,38,-2.357,5.046578947368422,6.9930897,5.537865,6.564381880000001
8674a295a4ae610ccd77b60cbaa692db6a875761,369,93,85,2.7,7.386666666666667,8.267643,5.9745007,7.440857480000001
bdefe60060197430834e27ee0ecc1d775f5e2b89,334,102,98,11.003,5.317755102040818,8.430561,5.6603017,7.484345080000001
9f605b4802c811805adc38ae19035ded09a5e4b5,1047,97,86,11.692,5.503023255813954,9.773898,7.3373384,8.36749456
dbc27d6c8a04413d73a885a7b2c2d8db605504fe,10,2,2,-69.6,3.4950000000000045,3.0967965,3.080475,3.8659086
c15e04639eb35379bc74fd289f38b1c9d21e2278,107,59,51,-1.741,4.815686274509805,6.940868,5.239631,6.5501996
a65549b33ec5839c95aa1e9c2e50f74685ad7cc5,93,32,27,-8.698,3.379999999999999,6.241639,5.018484,5.9410492
89b7eb7ce1dccd4f6a7eb59017ac455cf1e57766,166,52,45,5.106,5.251777777777778,7.4028254,5.7560706,7.0705584
c308727c618e21c478dba676bcea9d040d179f99,139,64,64,22.78,5.7971875,8.441347,6.186057,7.164961600000001
eb46bad8df84ccc42fb7bc9cc3a218247777367e,242,83,78,-8.087,5.370641025641025,7.207412,5.0666275,6.6596158
c787e77b224890e7fdcc8e2ca0c0577657d98581,188,88,79,3.514,7.329240506329114,7.8848147,5.6894684,7.202713240000001
94ec21d59f07c2091e0359a0085fa6c569ed30c4,165,51,50,16.773,6.593800000000001,8.211111,6.3500667,7.357471080000001
ec62a3c21a4a116991338ac88863dff35157a1a7,41,16,8,-47.43,2.791250000000004,4.083768,3.6945198,4.21731512
9081ee605de7c5e739569f3f829cba953cb918f4,120,71,70,8.26,5.085000000000002,7.6626987,5.4369435,6.8248568800000005
e2670654203c6b5aa850edf95ea9e293939963fd,272,105,102,-11.487,5.011782178217822,7.248593,4.6481023,6.4226781200000005
a75958bf7ddea02d2c0d5a300c83abfe240f3552,528,105,103,11.047,6.122621359223302,8.981312,6.151737,7.823219600000002
c484db51bb8e5e6218578a71ca541b135c2aa1ff,328,97,94,3.093,5.76054347826087,8.086906,5.506003,7.091163600000002
bda97a680a69285ab84aefb75abb53676e7f6b55,27,12,8,-49.054,6.880000000000001,4.564658,4.355693,4.4001404
f2efe01b5b7d2613529468857009a02a3cc820b6,116,51,38,-22.775,4.16184210526316,5.753027,4.5646453,5.852068920000001
ac7569c6eb788ec3ca408850d164b68f73bb148b,188,68,62,-4.073,4.902419354838709,7.1003847,5.208421,6.7275222800000005
911315669fafba0a06cdbf08da7cff7e81f49759,18,5,2,30.4,24.685,10.645235,10.3846035,10.2919354
ac6104bfab84b79b7ff1f01c576e2b7442988f38,104,48,36,-33.439,7.97472222222222,5.739831,4.8858457,5.5472706800000005
89cd14d1bb26c559102e9080a85ffa977cde7fda,81,53,53,-1.613,6.220377358490567,7.1609116,5.4348016,6.85328528
e90cd427d5e229999107e56e3f06953f3108635a,107,48,46,1.773,5.809565217391304,7.24981,5.6161594,6.988387760000001
a130e19ad47a6849ba0261a7a81a8d9bb93f3a7a,246,102,99,1.186,5.232020202020203,7.798115,5.1109266,6.78061664
baccf806cbacabe5f3a91ecd093cf36b4db436a6,196,73,55,-26.951,4.630909090909093,5.865988,4.4466314,5.85604776
c6b1b85455fc8ae7de258ff95875644d77f55254,119,62,56,6.263,4.9037500000000005,7.403064,5.4990582,6.891848880000001
b7ea6b3de19afe8e98d52228dfcc3f3027f18891,238,101,96,8.964,5.324631578947368,8.121859,5.414365,7.078489600000001
c2dc9b42636e453c1ad8e7a5e490654d39dc303b,113,67,60,-6.451,4.833666666666668,6.8075647,4.9807463,6.443324400000001
cfe97f961ec4d2fc578ef0aaf87f52c54a9aa181,208,84,78,0.982,4.86602564102564,7.487977,5.2171383,6.77004612
c4dc23da121e0654017198804449e35b2e9c2027,53,6,3,-59.167,2.5599999999999974,3.5288656,3.3440042,3.71114792
ea79d40b446a3660b4d0b01e53fc4a14bc18f60e,15,2,0,-18.759,0.0,4.983706,4.2432775,5.544926733333334
b51b95c923fbe5e4f47342faa554cacb44477016,31,13,11,-14.762,5.528181818181818,6.0320334,5.2749496,6.3197932
b0f303b4bc78b12a467c465db3b050425eadbf64,321,84,74,-3.894,4.321756756756757,7.3524013,5.227042,6.661777320000001
ef02ce9a2a904477907fe9135cdcbf1652180d31,372,64,54,-10.705,9.309629629629628,7.6670074,6.249736,7.275697360000001
908ccf9bf5e0e7ab597a09fa19d91b1a5563b43b,159,74,59,-35.581,3.780169491525424,5.32442,3.8725955,5.3058062
cd2cc30c2a3c6b967fc897beaeae9d3482163a21,133,47,44,9.85,16.12590909090909,9.056632,7.8365316,8.55326544
e460fd665c3f541f48ac4503abf2e90b9bbb3b94,199,87,80,5.139,5.375063291139241,7.740472,5.4072323,6.99808172
f77371745c51f549f9a641110e52f255aaed0f10,191,60,59,13.04,3.734576271186442,7.765817,5.64498,6.672318800000001
9938999e257ea21c657f6c63ff386937544987aa,211,102,97,-4.354,5.056082474226805,7.415084,4.835426,6.553204000000001
a05ee87ddc674ddf01518fe125eaeec0820ea53e,273,89,45,-28.588,4.836666666666668,5.700209,4.660138,5.813138800000001
913eb5b320c3f4b475e8064303960997b0dd7a9f,217,48,47,11.64,6.693191489361703,8.066549,6.336005,7.5130216
e9a8e1a87eb55c0dc1787fcaed22be98d9cc1ed0,188,72,69,6.927,4.991884057971014,7.701167,5.523853,7.054008
8b43c7696dc13421431102cb4385363ee33513e0,39,21,21,15.668,6.702000000000001,7.7196918,6.4365997,7.473516600000001
138c5848f009c004f0b8e2379316d5ec18332ff8,210,34,29,-14.871,3.563448275862069,6.2260027,5.055746,5.57969948
a99ed97ee0e4d81fc9a8a5a5baaba5407a897b84,103,43,43,0.538,4.139767441860465,6.9511476,5.3053265,6.33658964
8d9b19c2ff7d630d2d48932f3c1d35aaa97ad51f,226,74,73,18.625,12.198450704225351,9.346261,7.2636166,8.52995104
920523a6f06947927c3d1b9c2c902fae6eb740a1,384,124,113,10.687,5.253693693693694,8.562201,5.5385437,7.42729788
9d549d02a71100ae95cf02deb371138097549edc,189,81,75,-0.411,4.203599999999999,7.2732115,5.0474887,6.29528008
8c5d6de5fca9e769de9676c911d9e082ec1a9fb4,22,11,11,4.886,4.465454545454543,6.8052034,5.7495112,6.563885840000001
8968e2c95fd09b05d48b4b094529d54d06bf6da5,168,58,57,16.945,5.301578947368422,8.100635,6.0407166,7.13854064
f8da0aad0792d4f2d30881abdbfd4029dc264842,79,40,40,6.695,6.01775,7.4243355,5.845813,6.9310594000000005
cf6788dceae33f7826997b7fa99b5189cff1aa4d,157,60,58,19.217,5.305862068965517,8.185191,6.0827413,7.248172920000001
908365770c09838aa1bc1874bf3915779910e775,183,87,77,8.363,6.37921052631579,7.9509287,5.6987467,7.3028701599999994
d4a5c57c98a9d8e16b1dd93042d22cc422772b0d,345,41,35,-11.011,4.330571428571427,6.8166037,5.5312405,6.10513768
c195c2ea359350b81a96211ccb40d03fb0501e7d,52,12,6,-52.641,4.676666666666669,4.118215,3.9065266,4.21689664
c8332f72a4f6049ef2f28e4a0fcbde9d142c8591,200,49,45,-12.031,4.295777777777778,6.561736,5.0661573,6.04715732
c0c13857d74703fa66da743d1d670bc2b9957f7b,440,100,98,14.195,5.417244897959184,8.820839,6.0134478,7.849714720000001
89d4e10b3c250c027e108d10ebc00bda239e7e39,39,16,12,-54.796,6.218333333333334,4.2590494,4.011709,4.63830336
fcdf51cf37b314ebc57038046b859b3172117f4f,163,46,44,10.024,7.179090909090909,7.919381,6.2911863,7.31422692
cdea6ad7a63edbcba925717a8c64328c255a0450,363,115,114,15.667,5.5076991150442485,8.87146,5.721174,7.6370536000000016
859c3b6fce7256abf5acfef957e6c04134c01e4b,129,64,64,7.717,5.869523809523809,7.7258534,5.65614,7.04879736
911f5eafac3def56e71836d495b740cd059edbcf,279,111,103,14.337,5.838640776699029,8.5529,5.684435,7.486934
f8526194e3d9450a847706ea1c474c9e1a65a3a4,151,81,77,7.068,5.944025974025974,7.813121,5.5209403,7.034624520000001
85838695003ef753ce13327655b84defa54d6eae,525,114,101,-0.4,5.85821782178218,8.304946,5.7036858,7.38945272
d8cc02c7b6d2478b9f6d47664272c43801d6d9a9,198,58,56,8.791,5.0617857142857146,7.7314596,5.7876854,7.148658
bbf7f2c725fe4c3e0eb56d29707437d1603b1c56,63,20,20,13.287,6.926315789473685,7.679391,6.4570785,7.4675877999999996
e92f3d3e5a00b7767c239cac14b6d9fe92d5ef9b,196,65,62,4.819,5.429354838709678,7.6271076,5.634596,7.114681440000001
8bf27a767fce0a5fb359059183d06e01d62dca8c,101,27,23,-38.492,9.22521739130435,5.6338,5.1103396,5.85965584
84b6b2d70924066c8345f2bc2281791ae3188da2,160,82,77,9.058,6.195454545454546,7.950752,5.652014,7.2271064
d3de05492e2353a5f3a80b5ea37a6de4651923fe,551,111,110,6.501,5.263000000000001,8.7562275,5.8005896,7.644726840000001
85bebedd9d4605ff6823f6f25c761e64a588bf22,129,44,43,5.5,5.819069767441862,7.455542,5.8326592,7.0582804800000005
c2ca84eba451533cc357b9c82cdc4c59227ee38d,56,23,19,-42.236,10.986315789473684,5.578296,5.255405,5.8994804
b03084cbf44b7fc100db518a5ff7ef7e9924c260,210,101,93,-4.418,4.8194623655914,7.3261247,4.8326635,6.56251528
2fa311a94bc0da6d97955730d071ad6fcc770bfd,112,46,44,8.484,3.870000000000001,7.296589,5.534111,6.54828
970dc7689a54be2108e10cf65af78d85288b64e9,231,114,106,17.923,7.3023300970873795,8.844958,5.93548,7.7031752000000004
f94ac320b67f53eb86a68cf30fcced221092e7fa,2,1,0,-18.759,0.0,4.9653416,4.2182803,5.30044876
baa9b5294556d31b066df7e0dd8b1b0b1a8bb9f2,356,93,85,3.177,7.2631764705882365,8.247229,5.941698,7.419570800000001
917f1aba835e5d7e79fc124c1d7a3c8c2588cf8b,267,83,78,8.787,5.761666666666666,8.100534,5.7742047,7.35589548
95c2c72faa0bcedf9452be96511b7ab488754e77,385,58,55,12.457,14.114909090909087,9.489781,7.949234,8.729606
9167062812b68b140da9de7f824ec6131ef31a01,131,83,78,0.584,4.951923076923076,7.3345947,5.0607586,6.58814132
c41c79391cd0c8816cebc9a0b4ef1fcc5c2e4018,365,111,110,6.306,5.421636363636366,8.396524,5.4356613,7.32587412
ce3ad9b28ad26a494e6a196c110ca405402f3e9b,314,104,100,-2.253,5.7468,7.842514,5.21146,6.610589600000001
cc818564efabc759f8cfd2e978029ff6125406cf,227,75,46,-26.603,3.554347826086955,5.6491256,4.419681,5.65352264
cd2b912e4a3d661cd4f500287d3bf1b4f444b7bd,236,77,69,-4.563,6.126764705882354,7.374857,5.4201245,6.7989926
85bf028205803eb9b1e5494c540ddd2938606606,194,50,47,5.552,5.922127659574471,7.615653,5.9337897,7.1997770800000005
e7d0678e66dad824da63837b53bb0bb38a571f42,171,65,55,-18.544,4.229272727272727,6.2162924,4.629855,6.0804589600000005
abae080e558fbbcf25131d47ef3dbea697548f14,364,104,94,6.458,6.026382978723407,8.299038,5.731265,7.4621212
ddffb03cf0301334f5a2f89626640fa8812bde5c,246,106,101,13.125,5.674554455445546,8.416333,5.5754642,7.32271888
db7c4fbff4eaf7b21678b8b053a0c3dcd74dd2b1,328,101,93,5.343,4.997096774193548,8.043303,5.4485273,7.252732120000001
badea8134ecf83e912ac6628ec12465e227c1e6a,142,62,58,-18.466,5.642586206896549,6.4211197,4.801937,6.207222680000001
c3127c3c92a3d510a78a5248b4e7fac50ab81e0b,376,102,88,0.802,5.473636363636363,7.9092684,5.5277443,7.1028050799999995
9b788cef19b68860b4cba1f072cfc4744e6610b7,13,5,3,-62.16,3.0400000000000014,3.381428,3.245787,3.839886
afc376cc4bc5460a941a5d21f91d19f159cdf490,173,74,73,-4.07,5.707808219178082,7.2975535,5.194416,6.760787800000001
c52fc84d8cd2335788c472ff6fa6b3aaaa8f2252,4,1,1,0.0,0.0,5.8625784,4.8621945,5.448409160000001
c2da78b847fbfac6920b3c5a2086c79b3a2db8f7,266,73,69,2.181,7.946956521739129,8.028001,6.0531898,7.30747632
aa8e2b08e043c6d844c28cb004a224615af29e90,217,63,51,-36.991,3.602941176470589,5.315406,4.019216,5.4378488
bec0491f541a76e4fa31e17842bc573c812cb528,160,55,48,-15.471,4.046458333333334,6.285637,4.774784,5.9591684
9843de5b71377fd3392db81e3178e11bbe90d95c,189,101,96,-4.737,4.915520833333335,7.3268437,4.7636065,6.53518008
c846650d2b1b4a07f67e13c5aa56c15185f81f15,466,105,99,10.953,5.706161616161617,8.7368965,5.986558,7.7413818
af744dfd0234f2b89d667f962f13cff1b5d0c9e0,195,99,82,-2.698,4.285487804878049,7.155854,4.8848734,6.284290960000001
84a17972cc6d29489bbe205a9e7feb8745726fbc,182,98,98,-0.967,5.228265306122449,7.584451,4.9212246,6.52227024
a4a81c655f21aac65297532528cba5a28e8f5ab1,227,90,80,-4.645,4.852750000000002,7.244625,5.025838,6.6471852
d4a08e7df54afbd81401faf2e0349e88ed7fc2d9,95,46,38,-10.046,9.281578947368422,7.039394,5.8970675,6.7685846000000005
a6bd1b3de6ceb8be610c33e3a0e4a89350700984,62,25,22,-29.549,5.4350000000000005,5.4610286,4.6693745,5.540161240000001
eb83b2280e41f55da33ed81e62d7b8ebba9a93f8,312,91,86,1.881,5.670697674418606,7.9127727,5.511181,6.88058148
ce2f2072bf32af4582a24726936af34f88225213,213,71,71,0.847,8.037605633802816,7.9168487,5.8960547,7.25616136
c667e08eaa5cf47dba38ac81da9c185659db42c2,7,4,4,0.0,10.095000000000006,7.2590256,6.6538124,7.4501352
ed8ffb58d172827f17d1abead83d9b8c44b554df,5,4,0,-68.149,0.0,2.6358232,2.5062158,3.2808156000000004
b7931b60e23916058a5767895b9214dac7a6515e,165,74,68,-4.904,7.740588235294116,7.443712,5.5687785,6.9309962
e3b9460f9a4bd3f4a5243f388246084f41e0dab2,157,48,48,10.106,5.851458333333336,7.77545,5.9954705,7.2793682
c0b8f55536e05f6da91c3b65ddfb69dc8daa12e9,249,109,108,19.259,7.716571428571429,9.067654,6.0831184,7.83830896
f97b1dbd007f20fea2e262e62433e01ae91da602,572,77,41,-25.254,7.211219512195121,6.8085747,5.8930793,6.637661600000001
ab7c842d24cac25a1a3852cce506ca92cb8ed428,157,65,60,-11.45,5.583500000000002,6.7784634,5.038451,6.37876576
c69dcaf9e10f52b187b13e678f9fe65505167720,193,84,81,7.456,6.128641975308642,7.976936,5.606732,7.241467200000001
99751d158308f801241e028eb7c6b0363fc6ec88,180,71,70,8.26,5.085000000000003,7.7827253,5.5617237,7.136779600000001
9d053bdf589efd451ff25e1977e438b11122e0fa,36,12,6,-9.6,6.407500000000002,6.336199,5.6779313,6.65665212
9cb2a2853cd6c58a9b7d07a87ef3138c3cf723b8,287,108,100,10.278,6.313775510204081,8.421552,5.6839595,7.2122046000000015
98cafa82b3e7f1a3a179c62509778cf9290ca87c,151,62,58,11.956,5.19896551724138,7.8034296,5.7951655,7.205438040000001
9db80a153d642e12571588fd68473c6e307195df,320,104,100,11.61,5.616499999999999,8.48596,5.68099,7.3517800000000015
87752697bce404c9b410be71a45e76f3c7fc9392,149,62,61,9.669,6.449672131147542,7.906562,5.905929,7.3839964
980f92c1ca3d1d662e790e884a1bafb6785dfe45,247,77,67,-10.052,3.893134328358208,6.807243,4.8704348,6.090071120000001
9ec591a707f8d7eaaa8b43b6faa23292511ffef3,133,66,60,-9.452,4.606833333333335,6.6839433,4.8793774,6.34732828
cb0f9c7be617b2bd18ae83ee9e85b621cabda67c,218,98,98,14.195,5.417244897959183,8.392023,5.5558386,7.496144640000001
a52c67c0bc1c6ae7da7c6e4d38cc7ac5a869ed39,171,46,46,10.071,7.766956521739132,8.047051,6.3945065,7.275623000000001
af124b723c6d0d777c60479978e8da661b34bc2a,236,67,65,2.644,8.155846153846152,8.004314,6.099039,7.4313412
9981528e7324f2d92c27f163b5d0424a07f94b67,271,108,105,11.838,4.9335576923076925,8.3498535,5.402706,7.263023800000001
eadbb37222d32232022838b7765dea96bf38e0f6,187,36,34,-3.722,5.004411764705884,6.956516,5.5977855,6.494720600000001
8d65a433657534866907ca34885953c36951db06,142,49,46,-4.637,4.5128260869565215,6.83623,5.230503,6.5846932
e7b94e593e93b6fe31083393cff1d63ca2142b64,190,50,46,5.801,3.468043478260869,7.2716937,5.5014505,6.383257680000001
d06025e3b7e91bb8718335f7328466206060faee,269,59,58,8.591,4.741034482758622,7.8427567,5.8473263,7.0490332
af8cb88c604c245257dfd33607bcb87cd357d3c9,205,45,42,0.538,3.678571428571429,7.0624986,5.440641,6.026255840000001
f2418c1ba0f63cb975e6d8c26ce4a145b11ad924,1,1,0,-80.0,0.0,2.0958433,2.093178,2.9506085200000003
d66918b05a4d978f6aa15979c85902d09babc898,60,23,22,11.654,5.333636363636365,7.3878217,6.079357,7.105871480000001
96013c7ce1186c9a18f5127959bb867243b1b9f2,171,51,47,-6.13,6.909787234042553,7.1489253,5.657315,7.03749612
4dcdd4c95ba88786172619ebea8aad4ec757a150,167,44,42,0.538,3.4935714285714274,6.96904,5.330241,6.3147123999999994
f78599d53dcb621a631b8dbc0feb5dd63e2aedd3,48,15,15,-8.8,4.38,6.2337637,5.263315,6.2988314800000005
9a7c94325cf12595e72895187822c354cd8ef458,124,59,59,12.791,5.472033898305085,7.863343,5.8128357,7.3934714800000005
f3a603f5ad05ee8b8374af6523467f1ee058959e,506,94,76,2.506,5.833026315789475,8.180406,6.065083,7.4851956
e3919de46ecd1f707451dad4a1ac88e5b7403f11,94,47,38,-35.88,4.020526315789473,5.106804,4.0472183,5.27560892
e6900f649459ddbd9ee38b93582378162c8d77ac,33,14,13,26.43,27.458461538461545,10.960306,10.644579,10.408954000000001
ab2a1e43f425b67817553405c41c09a9bcb0e9c4,261,104,94,6.534,5.133829787234043,7.975535,5.358498,7.217613200000001
8b3f8cb80815c489e6278cfc1a371b3bee3f6e1e,297,104,97,8.059,4.660416666666666,8.099409,5.36906,6.992387600000001
d4707fc4aa22e29062e02639a1b8c9f7ba3e6b65,79,20,13,-21.166,7.359999999999999,6.0528383,5.4482107,6.2594196
8a97d52d61d704e77f82fd7f1161d98054f48f25,190,85,81,16.422,7.775802469135803,8.60644,6.2067547,7.378277880000001
9c4e901d499220d23e819ffe0156ef62c7bcfdbc,71,34,32,3.053,6.168260869565217,7.1850133,5.8267965,6.84772392
ff12d6e2ab80696ed8e22fbe5497e96c68d29076,437,100,99,-1.906,5.232020202020204,8.050704,5.4050307,6.96329388
eee2c3c453eb64f9c327f09e83be35ef36528101,306,80,73,2.851,5.30972602739726,7.7878547,5.626815,7.106867879999999
999704c760821f39257d453f58ae57cdc5db7cee,167,54,48,-5.429,5.688478260869564,7.0001125,5.436054,6.830466600000001
f42621bb38f167d2de3d662cbe897f5fd1234aa3,470,93,85,-1.138,5.041529411764705,7.972015,5.6279616,7.24999064
d7af1840c8914a381ffae4617c33ab76833d9513,251,100,87,1.826,4.623218390804599,7.5922585,5.1643333,6.660636719999999
b52028ddeb0e0289019154f32e763393f83a30a9,172,43,41,0.381,6.540243902439025,7.377534,5.8980255,7.0082238
b2b334fbcfc12bdf6bba8dc45aa8ade3ddb746aa,37,17,15,-15.049,3.7133333333333343,5.813489,4.8993287,5.64112708
f1302a0b13ef669e0d797c1d4106355cc43f7144,231,63,61,7.863,4.351967213114754,7.6939774,5.6329675,6.88077796
a0ec1fa9ef85571c363b1ff524a7bccd583b0ee2,92,42,29,-35.14,3.100344827586208,4.916973,4.0077405,5.3018854
f861873a2af44519d0c30b7b390257e28084c360,46,21,21,15.668,6.702000000000001,7.733695,6.451157,7.461940800000001
9c8c8ca8e36d83954ecf380f84b01759c8363df6,33,18,17,6.361,5.725000000000001,7.102842,5.9733787,7.06848828
9906fd2917a481b373848f6d084228f34ace63a4,30,18,18,15.085,4.680000000000001,7.37852,6.070286,6.876522400000001
a211065a6e065d2421b924d4e9314f1026611aa2,185,49,47,7.117,3.491702127659574,7.34904,5.5324273,6.45358692
3d4f612148056feeb651f4711c1f640f5015101a,4,1,0,-97.143,0.0,1.2991552,1.505126,2.44471248
ddc549a4ced606b9181bc2e6e0bb75824fc20f70,316,71,66,4.26,4.75590909090909,7.763352,5.688689,7.067816400000001
92f51b59f25a16e76b18441fbe797a2fa2a5d3b5,330,106,101,12.822,5.491782178217823,8.545402,5.7066436,7.48681824
ebe0702c8a0d906044fbc61cf18d3f8dc9aacef9,386,108,95,8.056,7.1952173913043485,8.560663,6.024796,7.684183600000001
89521736c16fbbd86315c3f3c555132aee8896ae,153,75,72,-4.807,4.472361111111111,7.0330067,4.9126697,6.46827056
b1e8855867b91eadecefd05a09f101799008b8c7,162,98,96,-4.297,5.075520833333333,7.338051,4.757721,6.461308800000001
aba3f0810ff4abb82c285780965735f59dffc070,178,71,71,0.331,8.00957142857143,7.8188715,5.8003154,7.17767476
f126cb73dbad037e40b322f82b6f40e92a15a595,158,43,39,-3.309,5.322307692307692,6.9818563,5.5421453,6.627600640000001
be6f4f4f657c80883591c6749a7951f9c992e4b9,200,70,70,8.26,5.085000000000002,7.830375,5.6053557,7.1532922800000005
aa1696aba3e93761b292c97c68bb0e06bb2f537d,259,88,78,-8.923,4.669615384615383,7.069021,4.9362016,6.543089040000001
ea8f19a7914d05412dc4159108d93d42a675e2e8,18,5,4,70.4,51.1925,16.141937,16.537441,14.9277512
952c0daa0b72620df1288d516f0a2abeb5b3986d,105,17,11,-65.381,2.7018181818181803,3.396148,3.1554527,3.8026402800000003
adf4cd4036fe7649e15bbc8379f224685017b379,147,37,32,-40.288,5.2484375,5.1600466,4.3101254,5.3740688
8f7402db46b9b2a95aaa8282be9e471a3ee659ba,197,101,79,-16.745,6.614000000000001,6.757918,4.850198,6.2892464
df42fc345b50f42b32dc5f9df420978b1cda663d,219,57,55,7.458,4.977090909090912,7.692331,5.7824483,7.102911720000001
af618fc07f8f8c9e1697d7e8ce5cea9dd4ddee00,239,98,92,7.284,4.770352941176472,7.933447,5.3064485,6.9849582
cee41e969faac5fdd054a726b10fb09228eb7061,42,22,22,10.614,5.471428571428573,7.329441,6.032794,7.0748940000000005
e7cef9ca74dbf2dc906e3216004a1b5e6a96e241,342,78,73,4.445,6.056986301369863,8.051106,5.8959746,7.15283224
a9da415ddd0567c5995957b2239621158a4521f1,311,109,103,14.337,5.838640776699031,8.632196,5.755061,7.5399028
9f8f3fbc1f6d3f36859a33054203c55d028c6e65,96,53,36,-37.472,3.1194444444444454,4.8384824,3.842336,5.25932736
d5155526fe2b5c2b956687b34d478647ef6bd092,130,55,53,0.266,5.677735849056605,7.258058,5.499765,6.9271291999999995
c352dbabae85680f4ce4ebf67886666ce47edade,92,38,38,3.96,7.18842105263158,7.4665265,6.0146523,6.9444715200000005
db5924e7ed00c9136308999827d50dbcecae5091,90,37,35,4.092,5.579142857142857,7.213513,5.758144,6.5756628
c3bf932c28538beb5024e80bd06e09c44661c8f7,10,8,5,-51.633,7.591999999999999,4.4923534,4.399349,4.81868096
eda32ee9ebe79ae7f85927db19cadc6199752dfd,484,101,96,8.882,5.263749999999999,8.601873,5.912125,7.6565992000000005
d0f28e44db91cce7caff1db428643300dfb3392f,285,96,89,-9.152,4.768426966292136,7.2262616,4.8677344,6.5795984
c162ce77f4002856b569f63b1e2b58ccd6d961e2,340,110,108,16.759,8.00047169811321,9.1634865,6.2349353,7.852368720000001
b6de7562a3dfc6522d1d9f86967f5159e3f2f090,196,58,57,0.977,6.245333333333335,7.536934,5.7158327,7.037106679999999
8b557374000feae5ac9aee7b4078bfea53176ffc,325,65,64,21.947,5.817031250000001,8.769475,6.545543,7.6900072
0bf111a9caedf02804f6991792490e63bc21058a,199,65,62,9.1,5.829999999999999,7.8878803,5.8616,7.28179212
a5aef107fcfe6b7323ead96aed8ef74a69efe042,279,95,90,-0.074,6.215977011494255,7.858107,5.42287,7.0073908000000005
bfe7f84ef78bc0134134fcb799465996fa84e4b0,166,71,69,6.927,5.010579710144927,7.6673336,5.4835153,7.079339560000001
bba75421c48ff666a96646bd283072492fc712ea,206,48,46,5.714,5.688478260869568,7.6159663,5.9367995,7.182106320000001
df8fb59599b421d91967aa7d053fa72e91e4f6fb,561,116,107,10.546,6.596542056074769,9.063594,6.223933,7.8780108
9eef5b76500d606c0ace08b9cd3ee9403e9e9664,3,2,2,21.241,31.155,11.086532,11.210502,10.759813600000001
8e20affd5aca29391f582b7dd756c83205297c11,257,100,96,9.185,5.681041666666666,8.22618,5.5279465,7.2446506
cac291a9658d7ef15e1ef0c71b188d96eec19ad0,20,1,0,-9.6,0.0,5.4302025,4.573227,5.7153718
e45204eccdaf94faa580c54b1fe1289c97b1f56c,11,3,3,-43.436,1.5166666666666655,4.0628858,3.6196885,4.771196386666667
be40efffa2a2ea77d3d2fb0cf1f8dd6a8da2b287,139,48,47,-20.723,4.079574468085106,6.04081,4.5798507,5.91626428
b11c7371190aaf26293afea3ba2146f21205f73f,185,61,61,16.183,9.030000000000005,8.641078,6.6746645,7.946297
f4c3f24024c2e96ed13a845b5ad7213143844d9f,42,21,15,-21.261,10.32133333333333,6.398005,5.8796353,6.607056120000001
c87d4a1dca2349d1fbdff1c6d6a57708c1df793e,144,44,40,-3.809,9.518749999999995,7.5066514,6.2409825,7.248053560000001
9c59b505cc82ae66d54df9629666137c9527e56d,245,108,107,6.983,7.826448598130844,8.492509,5.6816716,7.30967224
d615e34b407b1816d1ae062d56a466c1d17b68ae,151,86,80,-0.719,5.951749999999999,7.4559917,5.2105193,6.4876044
d68718e7e9140ca136bf5e39efd7c122632ebba2,324,59,59,14.451,4.708983050847459,8.2376995,6.148508,7.299483
bbb7c8095658b847103c47aa2a4b55440b0e9ffe,374,112,108,8.094,8.089814814814815,8.822611,6.017316,7.516970800000001
bc1f0dc5b937d54fa64e44c1e4e0de0e5a4724c1,259,58,50,-10.64,4.6656,6.800667,5.2327323,6.32835972
ad3d8c094d5606a8005bb22a4cf910e497a03224,149,77,71,-6.066,5.305352112676059,7.048833,5.0176253,6.396583320000001
8aea6c59a11267f4143312770b4c84a2be56f353,280,93,86,-0.243,4.795411764705882,7.6153483,5.2088447,6.848677200000001
cf5422ab2f6793f4d5930d2901e652ed7dadac9d,197,66,57,-12.066,7.102631578947369,6.9833274,5.404275,6.625040960000001
8576d2d269326a29503a1763996227723fa531a7,166,73,68,-2.611,6.822835820895523,7.436286,5.4866405,6.894170600000001
cd1c8085cc77aaebd3c527b4ecae7e9150ce0d77,295,103,86,3.926,6.484523809523812,7.9931674,5.6692348,7.180960880000001
e2d88e3ad6275b7eca2bff120e467f9158b29fc5,134,50,50,11.064,4.110999999999999,7.5527954,5.641327,6.65464896
4f571f241bb2d884216b4712cdcd482e310a718a,100,41,40,-2.094,3.31625,6.6808925,5.0948677,6.10530408
9e4c480f54169dd91629ec30917139f2b16bf6b3,176,100,99,11.61,5.8401010101010105,8.243897,5.4406123,7.16780372
c0986547994c0c40ee739f045a02e1ce427ec132,140,40,32,-31.104,3.719687500000002,5.345869,4.3317366,5.51204224
91eb4058d0937eb5499d0f6b2a8dbae6f47eddf9,41,29,29,-14.438,5.658275862068965,6.2304344,5.107814,6.155299360000001
892240639d1170ec0f4bb6248ba3e9bd390ed089,358,110,110,8.06,5.539545454545456,8.4882765,5.505242,7.262407400000001
87b3a5eca0c70c7828168756cd7813cc8b3285bd,169,71,70,8.26,5.084999999999999,7.7607207,5.5388474,7.136827240000001
75ef6c3aff156ef52aa846c2fc3b26271e50e335,176,49,49,15.063,4.167551020408164,7.824488,5.890115,7.0038412
c32840e4bedac9715b49ce3f04b3dedb98007cfe,1,1,0,-81.164,0.0,2.0413413,2.052826,2.91266692
aef76b2d6bbd67cf3aac958965862b263c50d4e6,213,84,73,-10.642,4.5147945205479445,6.8316836,4.8139277,6.18724452
fcd6e54df612c033e7a465155046b5223ca4eee3,75,25,20,-23.454,3.763499999999999,5.5160313,4.6269445,5.46419032
a50e88cb6830931dd1271dfc49b3497d63bd436b,136,44,43,0.979,5.270697674418605,7.183507,5.5914526,6.8059838400000015
9bbf52d74e4300842b27973d5e1d65a74c54c1b9,32,17,14,-34.142,4.059285714285712,4.941518,4.3000765,5.1856378
b7297bd49e99532695b6290f29fac82928f9e03d,188,64,64,11.069,5.45859375,7.945115,5.8208284,7.23937736
c047e3345530b4b4634715536ac54cec9c756b66,543,134,131,4.458,7.181984732824427,9.04149,5.7910957,7.67103428
d023d3790457d12ac59581326aff1a396b206d09,146,63,62,9.925,6.3887096774193575,7.911521,5.8849583,7.40759172
c2ac862e74879f4b60191f0bb1397eff1e157c8b,167,80,70,-7.261,3.789714285714287,6.7855864,4.744349,6.082974159999999
8960e95f79cd20b46b7e8fd09d0aa88015566a9a,256,109,105,-28.411,5.219428571428571,6.4663806,4.0258017,5.82087292
ca3bb5c80bd96ba545e0a42232c6fcdb55f7106a,273,45,42,-21.494,5.59952380952381,6.427373,5.165208,6.210032400000001
e20abeea371227f8a6318491ca3c0211afbdc1a1,154,95,91,-7.111,5.181538461538462,7.1531835,4.721584,6.426907
e40337a34c269120bffcc76e69700d06f6d716ce,84,41,25,-43.928,10.240833333333336,5.405749,5.020303,5.7354208
f639cf4aa4008b2bf51b274cc01dede03666150e,7,5,2,21.241,31.155,11.0716095,11.212705,10.7687258
b729f209cdcbb802e5f6f16fd902793131660968,28,16,15,1.033,5.54357142857143,6.8042884,5.770703,6.824996560000001
f05838da14ca1dad97a5cc0c58323c6df9153257,109,44,41,-4.932,6.508536585365854,6.9907947,5.5750575,6.79634088
b0718e2faa64ff947c0ba9e9516616b44c8f4a5d,202,60,57,-15.71,4.4466666666666645,6.508444,4.820909,6.0427412
cc8edf9c827fef5ead4c85eabf96ca7033ddf165,51,19,19,6.144,6.493333333333335,7.254983,6.1188974,7.171552160000001
d37f552ad5c3e1e1c3fc9aebbea6cf50e1b9f334,8,4,3,0.0,0.0,5.8774176,4.8432813,6.07227956
ab4899d3252b533827ab7d15261b9edb38cf0a7a,160,67,60,-19.53,4.834833333333334,6.289344,4.6252956,6.14485584
a244f431e70a9d4c780ac6914b564d98c04ac7ff,146,42,38,-6.19,4.490263157894738,6.702902,5.2796426,6.315017840000001
39713cf2db02601e4bd6360ba70f8013c0433f48,48,34,34,-9.988,3.501764705882353,6.1966066,4.8241873,5.8168175600000005
d94808bbe3e5b3ffc39c8d68e0eed70929c70762,117,41,36,-13.01,6.790833333333333,6.615358,5.4215455,6.3487614
c0d3079f5b83f8962c439707b96c7ee43be2ca18,267,111,110,8.06,5.539545454545456,8.298595,5.3139534,7.286019360000001
a11fcd52b2df310a3f3bf8e0561a2c587005e96d,151,48,47,-6.303,9.212765957446807,7.4359884,6.0317607,7.239099640000001
dea33f83f3cd94f54f1063a0cd22eab07ec8d3cd,278,51,50,0.791,4.788200000000002,7.4440217,5.7049327,6.908581760000001
ffe872165621d735a48bb5db0c71dd5195cba359,399,96,96,12.195,5.178229166666667,8.613571,5.8449516,7.599409040000001
d4ca57e34b4e28a3a0c73339e0c72db036894d3a,369,104,101,19.118,6.489898989898988,9.06883,6.19035,7.8566720000000005
f947938c0e7c1345a488d9f17a74331ca6f478dc,517,109,103,14.337,5.83864077669903,9.044288,6.183473,7.8941044
f3d6d22e76fc586bffc4f5ac1d73f096f03efa0f,266,93,87,-0.864,5.721149425287358,7.6986613,5.314832,6.81339732
cf4bc843e5bd6ba302b1289af66f383b0329d6bf,51,13,11,-48.576,2.898181818181819,4.132176,3.6693425,4.0066074
87e4a8d6efab19e147f510e9b5d10c0d0ff5845e,47,24,22,30.711,5.356818181818181,8.249627,6.7151127,7.3828958799999995
e8335df6f0ac481c6ac16096889c51cb95ab2f6c,346,65,64,14.188,12.3715873015873,9.336882,7.503998,8.524352
ec7d2ce8cce8253208e8d0ae74991b46ce2eadf0,156,66,63,-4.038,3.973809523809523,6.9422665,4.9688964,6.25146516
36dbfe4759f861ee72011812df2178cbbfd736a1,86,37,37,12.832,3.944594594594596,7.4228864,5.736495,6.61675256
ea55b410ce0e38664c6597e4bfa09fce84399461,300,59,49,-24.713,7.313541666666666,6.5602417,5.316875,6.44984668
8819c6723e6d42ad569274ebe2ce4212fd8621c4,165,79,75,1.736,4.558533333333335,7.389136,5.1401844,6.626728160000001
f5674c61e82766371ddd913c99e6b70414f4dd55,60,31,28,11.425,5.701153846153849,7.4550815,6.058137,7.1042874000000005
9038ddd6c0d498cb8c65b4510e99e8527eabd40c,514,129,109,13.112,6.959906542056075,9.069414,6.23315,7.9620256000000005
aa8508f6aa7e91da7efc770fc0e04c471463ffeb,149,47,36,-21.102,4.056388888888888,5.883883,4.701497,5.934151999999999
86adc493a1cc74328222a194a1d1e3adf098b5c8,37,23,22,-15.201,10.592272727272729,6.7973666,6.0502667,6.81405332
edcb11b4746d7b8056929a37a11e81b0fe3202c9,297,106,104,16.169,7.776831683168316,8.990563,6.1350527,7.723246280000001
962de82430c78164a7c1cceffdfe31dd0f3c3cd3,281,50,47,-4.098,4.6863829787234055,7.1703,5.5570107,6.66692428
c8944ded19113906cf130904726028c5c1a11138,165,54,48,-12.724,6.228125000000001,6.7277045,5.276462,6.612666600000001
e4935a868e50ec1951f892af50e2f5886c935919,9,8,3,-44.841,4.12333333333333,4.308317,4.027396,4.7952852
feb8a2859a011c59efd22ed419cb69288fe03627,74,34,34,14.361,6.223913043478262,7.7577972,6.213981,7.273711280000001
73ec1e02101d9e26fb75fe8580eec218d09ba78b,6,2,2,-57.35,2.809999999999995,3.5695033,3.3731117,3.832046
bb6bcc05d3ef04c14c73ce93dad8c9ea60f5297b,9,3,2,-34.545,3.039999999999999,4.66685,4.209424,5.215342933333334
035f97702f2c01d26ab1fae8f39ea2f98a0caa3c,144,50,50,11.064,4.110999999999999,7.5727997,5.6621237,6.744969360000001
c9d7b86399869ced995a6e467a257c3915339562,175,76,73,-6.118,5.473972602739726,7.158674,5.0812697,6.62897748
dbb0e3f3c32292438fbd39684d9f1ad153bba64a,305,87,83,5.11,4.957439024390243,7.939178,5.5195746,7.23350104
d57eca033aa6388430166086ed3d0390ffefa85d,152,63,63,6.819,5.561904761904764,7.6808686,5.629882,7.12730024
67f697ac574661dca982dcd95ba358bde5b48a8e,148,28,28,-18.709,3.712142857142858,5.973395,4.8433995,5.566717800000001
b75c5320a2ce606e7c46d1f82723e1e461f37a68,149,93,92,10.001,5.270217391304348,7.986605,5.3139367,6.93121668
947a2e7cf57ae1a546f98831d861cd87c4fd5ff5,163,60,54,-2.588,5.418518518518519,7.131968,5.40189,6.7915432000000004
f5ede5df58c2ea59be6b8c8097659bb8c2e9d0e9,202,113,112,-16.985,5.287678571428572,6.9762096,4.239867,6.13143064
7494b38c6d82b590c4afa6cc975f583f51395177,150,50,50,11.064,4.111000000000001,7.5848026,5.6746016,6.8077616800000005
faab34a8374299678ccf4eaa3628cdba3b65bfa6,120,31,23,-32.703,6.311739130434783,5.51728,4.816207,5.584394800000001
861075bc29124627aacce66a29c6dd835abcf3be,206,50,50,11.064,4.111000000000001,7.696827,5.7910633,6.629156120000001
ee30201b0b1261fcb6cf010787990ec87343d300,1,1,1,0.0,6.5,6.7378783,6.029863,6.49029652
d7a319cabc8e30b748e2beca44fc575fc83197d3,277,109,104,3.986,5.207692307692308,8.008848,5.2010098,7.02494312
eb001120a0f842e5bbfd786652695628bd65090c,99,45,41,8.616,10.969,8.20228,6.827451,7.7248924
b2c520e7e4ea03898e0b8204fea068149d5535c8,286,110,103,8.694,5.75970873786408,8.29962,5.491152,7.279308800000001
d0561a58b05777ad43db1e0627d8770d37c48d5e,69,27,23,-24.186,4.025652173913044,5.5346565,4.6006846,5.58813644
a632e2659eb116c7514dd825ffaa8939365c71e2,61,20,17,-6.053,4.892500000000002,6.4494348,5.4468293,6.4325056400000005
d5179819718a325ee33fa2096f37995ea6cfea8c,87,50,49,14.689,7.163673469387755,8.027525,6.2311234,7.39245936
aa2ad4e1f1035826e6351e1e801eb57c0b494267,306,107,98,-3.309,5.120612244897961,7.63948,5.0601244,6.72584176
67212308d026508fd5b6942ffbbdd7b0be2e89de,8,2,0,-18.759,0.0,4.9697027,4.2287197,5.390368960000001
a6f3201e19df0a0fdf0a3d878d6a8d2e50eefc70,290,64,63,17.25,4.081746031746032,8.237014,6.0091276,6.965456640000001
a7442b91887824d182c90cd82955b97a1404dc21,157,37,28,-30.701,3.434642857142857,5.3235006,4.3779297,5.539572120000001
e25991f3bf474e9b542b09aef2407a78f3ffc61d,321,43,40,-4.104,3.8235000000000015,7.0823684,5.572327,6.080878160000001
8fdb7157f90753735edf97fcc828b75e6a8042d6,275,71,70,8.26,5.084999999999999,7.9727674,5.759292,7.3048237600000006
b7047722486e995e27292b5ab1945d72ab5a3708,211,82,76,-7.903,4.689605263157895,7.039556,4.908695,6.405300400000001
accf49bc7124b7fdffea9e75a869a597c4e8adce,173,51,29,-39.902,3.935172413793104,4.9004564,4.143534,5.35059616
ca6829e71c271976a4eeae12cbba5e49f232da3e,41,24,24,14.781,6.223913043478262,7.6390567,6.285877,7.29397348
ea0a8f0b0b712337c3740e6ad5293f3dc47db568,133,48,44,10.905,6.753181818181821,7.8275905,6.178341,7.347372600000001
adcfbf9c58d92335f9b971f6a9afd19d9feab214,187,98,97,13.195,5.367731958762888,8.261593,5.458318,7.243964400000001
c52befc118a44669cbf7912b419dfc433c1c0eee,141,51,51,18.439,7.1056862745098055,8.325393,6.439799,7.431076800000001
61c0c30e1af44a3ad57880bfab7a88591a434b92,216,47,39,1.905,3.8679487179487184,7.1142645,5.572705,6.2017878
c4f595ca17b4c13287b0beec0dbd45d0e356055b,1,1,0,0.0,0.0,5.8416967,4.8665133,4.967284
f18c98fe93f825e2c01296bad47dc072ff70eef1,197,55,51,9.837,7.442941176470588,8.049807,6.310812,7.5102476000000005
b3f68ef83acd623f98f4a03fc633905fb2a5b027,426,118,115,8.06,5.539545454545457,8.637579,5.5775614,7.370056160000001
93bda77bd8d32e4fa1a0549b76f807fbc22f1f7f,122,70,64,-0.295,4.50171875,7.105403,5.104574,6.6009908
909386947a62f62c8b94ddde0b623b87c01e2524,41,10,7,-4.111,14.57,7.7400866,7.346291,7.89855104
c2660985c0dbf52fe68f7d3620fffa6ff8f2794f,315,90,84,5.652,5.435595238095239,8.041348,5.6288424,7.27307616
d8ad4586476ab6240c0ec83f3c12cd4cc7a8f622,380,115,112,8.882,5.441607142857143,8.549051,5.530494,7.460818
c28a837bbc21a0b6ea686c34b12a7e6badbc9140,434,97,69,-8.084,6.045652173913044,7.4422603,5.6544166,6.906670760000001
cc431fffd568a0d46d302233b4d71bd216fa94f3,256,80,72,-7.504,5.250416666666666,7.180057,5.163704,6.5965044
90d54808ce52c41418550421c387818cae759dec,102,60,55,22.913,6.489454545454546,8.364061,6.3419194,7.11639216
a9ccae25b9a8738fd3ce42dfb0fc5e92ca9b8d7f,113,49,47,-22.293,4.303829787234042,5.938051,4.5098147,5.869146279999999
8d0a196c1c472a4601384f4235f293c4a341b3a9,116,56,55,7.458,5.009818181818182,7.498364,5.5761914,6.973822159999999
ed3e0c98995edeee0b0a55fe15929a82097e93fe,249,51,50,12.381,6.758750000000002,8.195866,6.402293,7.614263600000001
a62742a35ef9194f7da07e547fe13f99bb6257bd,11,6,4,-10.673,5.284999999999997,6.0998387,5.419365,6.379014813333334
e3c9abe5680cb3851ac38d00a01c46f58b6aaaeb,102,28,26,-14.312,6.531538461538462,6.4397626,5.430466,6.31409144
798e6393c36bd3b6dc0a9f97de7d4c87a6e5b252,15,4,0,-91.791,0.0,1.5488348,1.7074227,2.617503
a74f9942a4bf89bc51a259bdd7f5427f1ccc82f8,351,107,102,10.094,5.354141414141412,8.448255,5.618291,7.365618400000001
6434afe6261c6f3f4fdbad511a2db8ef090f8c07,51,40,39,12.045,4.5087179487179485,7.399345,5.711074,6.6101676000000005
b68533a39390311fdd9ca8baced33145784eb561,173,45,37,5.003,23.981621621621624,9.885933,9.248422,9.352742
df90d9da415c30c25a16e21ca85638577961e81b,215,83,79,3.03,5.296962025316455,7.6788235,5.3720016,6.98633004
cd32daa7c1ff3ed117a127c9c185c1b53a396138,75,44,42,-8.656,4.517857142857143,6.493385,5.005173,6.0694232
dace1e5b88ac51d7bd53523ad70f8d5d188b9368,237,100,65,-19.074,4.914461538461538,6.29777,4.6955566,6.18133064
f90fb4df43d85aad3ae9602aea19fdb4f47de984,350,82,76,2.654,4.608815789473684,7.800976,5.5491548,6.90705232
72a34636b5a1de1c3796e43d5abc564b4d0803e7,80,35,34,-9.988,3.462058823529412,6.247596,4.8815274,5.87114936
d5e3e0d1ec5eae8e2fc08b9c3607cc766be6dffe,182,57,57,10.124,5.215087719298247,7.8051744,5.8197885,7.1859851599999995
a274dc9836c18bf295e9e81afecbdd72825ea79c,84,29,23,-12.173,4.719130434782607,6.2058926,5.1694965,5.817155640000001
a1d026f103e45011fefbfd9ddc32eedf16edd5f8,111,41,31,-29.047,6.258387096774195,5.705859,4.8097467,5.746242280000001
9de51c3306c206bfeaf41f4aafc8526300a9f103,5,3,0,-9.6,0.0,5.384914,4.5379543,5.763563986666667
dafd07b7aab7dad9894cee44cad55efc89255614,294,94,84,-11.081,4.501666666666667,7.058656,4.8282685,6.3287698
e15002a49ed03188f18c7a791c458c19d1ec973a,248,60,47,4.603,7.241489361702131,7.781716,6.231086,7.376120800000001
899bf68f741b96e69c8b1d6bf22fd86e00b7c00f,104,39,34,-16.775,5.5161764705882375,6.2257605,5.058978,6.0198954
b11bdeda44addd99b9b0cdc016fcd27262b51fdb,54,20,17,-33.754,4.746470588235294,5.1185837,4.4455967,5.112672160000001
f7b65fa8dfbc07f71d9e206d1e1fd35b986cab65,227,73,71,4.626,4.583521126760563,7.638196,5.4282866,6.829593040000001
ae84ba8c1585fe80b8d2cc991a9cc4af2921a2a2,197,76,73,24.062,15.32830985915493,9.951904,7.9529676,9.01994864
f38238ea1bfa182b81a7d73d563b61dbf2825754,76,34,33,12.509,5.333636363636365,7.539493,6.0037107,6.95628148
8ee77ba42fdd6aff7a9eaa84d70064c4cb39cdc2,80,50,49,9.748,4.037346938775511,7.358286,5.4806595,6.5875782
d84468682013517fdcb3506ee81783dcbdf3bad4,227,83,76,-1.789,3.974342105263157,7.25322,5.022706,6.167370400000001
b25340984452108c2928e20f412866a7dbf4646c,386,108,99,10.776,5.576868686868687,8.52812,5.784582,7.5270808
cfe62afe7795494a49cfaa46bdf17c38a3c0d284,256,100,95,4.949,6.888315789473687,8.174644,5.6076117,7.373902280000001
e63a9cdc387a31ea563ecc24b20eb824a8c54ebb,266,59,59,4.418,5.575932203389831,7.769442,5.8366485,7.1724362
a1b60c404f7df8f6f2695982048cac298567b821,401,63,63,6.819,5.561904761904764,8.178979,6.1477194,7.483679360000001
f7e7c21b753521a3f4eb226d9c69d71214e183bd,158,61,61,8.964,6.40344262295082,7.8929286,5.8938956,7.43772968
12887fd9a4df4ba9b88a71f3fb1d2502a75995dd,155,64,63,17.25,4.110476190476189,7.97085,5.733561,6.8477644
b392a38d92631885c3b63500548976ac63518da7,277,42,41,4.537,3.9326829268292687,7.436273,5.7915754,6.355139360000001
9e1f7de0fe95b78cc2236adb52b0420b382b40c3,100,36,34,-10.452,5.6252941176470594,6.5515394,5.2956796,6.1968876
b6535907c852434b9243df7a0e65f04d688d049f,502,103,100,-0.408,6.054100000000001,8.354292,5.723935,7.3892907999999995
8c6976c873d2ab3f4af9188a4189c46a032a53d5,258,76,67,-14.323,5.387910447761196,6.839576,5.0172467,6.37072908
f35248e9e95942a05313dda4f3a677705d8c651b,153,76,71,-22.511,4.951267605633803,6.2464604,4.393941,6.010160559999999
d13ea487552242f9c688d613dab06ea5b8a867a1,197,91,86,5.952,4.780813953488372,7.752684,5.252433,6.821046800000001
d11774bd10cd517b1cde216ca391e76efaf59b44,343,47,40,12.238,15.327941176470585,9.420825,8.254164,8.661995600000001
9a20834c7ddbbf82eff849ff8e4f321b856970de,240,61,53,-6.912,7.79301886792453,7.382963,5.849482,6.903978
fc83d8b4ec86934a2daa128311afedeb0ca5fd50,339,100,94,15.176,6.6062765957446805,8.76642,6.0943813,7.85532052
952e48fc51ee7afbd972a8305c2f22a80ce9ce92,32,15,13,-15.804,3.7884615384615374,5.7638426,4.901518,5.77714424
cdfb7ea46096b2a49dd710ef5dfe7bb354cda15a,157,57,53,14.102,4.952641509433962,7.846321,5.9005346,7.24074224
ac018ab3a6242492006b3ca1e0c508abd1761538,243,66,65,3.023,7.910615384615386,8.010455,6.084485,7.386976000000001
e65a627881df5d3e0bfad77c56221d858da5ead0,218,52,46,-16.759,8.425869565217393,6.928299,5.668913,6.7238848
ea7332c6a62cada8a8e85200ddb71fed941ce876,119,42,41,6.188,6.223658536585368,7.5081296,5.9339757,6.974842120000001
86a7e49131f2acbd350c4b0b9a2243838bd4e122,93,51,51,18.439,7.1056862745098055,8.229371,6.339975,7.257738400000001
921b990c548efb5620585b0fe3049ed43dfda903,133,53,53,-4.257,6.751698113207548,7.2131734,5.5472426,6.9761664
a727c00002127704e5ae41a4a08948dc43b4aefc,121,38,38,6.87,5.873157894736844,7.4824653,5.938305,7.01230812
8d811d7887c2c868b631a2bd296412bde2b49bae,235,50,50,15.662,6.6822,8.318748,6.475133,7.6635524
cb7cbbf59876001661704aca5fa8d70467f514a6,375,81,73,-10.062,5.503287671232877,7.3398604,5.3555794,6.7931759199999995
410357eb9129023509cfaf8d38be61c050bb3b05,43,16,16,-9.639,4.686249999999999,6.2332387,5.266544,6.1589130800000005
bd81b591d06c4a726078a831c11516d6ee27541d,228,69,60,-22.189,3.8440000000000007,6.1512465,4.491512,5.9251034
9b9216e586500b4d619e331890d3745eea1176b0,150,57,57,8.805,6.082765957446808,7.7970448,5.8642173,7.31150484
b56069b7f468c9cb3ff1ed8830af52d4e2fe60c0,10,3,1,1.241,5.599999999999994,6.676681,5.924983,6.998498933333334
f01bb96987327c1dfec6ddbc980cfd85650f20d6,289,63,63,6.819,5.561904761904762,7.9549294,5.9147964,7.334890320000001
d0d3472fa981f90d8e6d036dea4bb627c73b6592,303,97,88,5.181,4.494545454545454,7.8737307,5.361102,6.94493308
8d14518288c33c098206996aab23c31b3eefc864,242,32,27,-0.068,3.4877777777777785,6.9584017,5.646993,6.11315788
8dada7632816cb20f182c306ae74184ea9e056fb,170,69,64,5.319,3.6935937499999993,7.362361,5.2551074,6.469987360000001
e105dc9d8869af3a83704a5d048424441ce4ad01,7,1,0,-18.759,0.0,4.9753437,4.2286787,5.2485589599999996
d69d2c6bc916b8d054bd50f4270a1c6d8cca1426,189,63,56,-17.435,5.507500000000001,6.5076976,4.9301033,6.31412036
bd18fefd95851483c8aab15987fec421f92523fb,140,58,55,-3.968,5.530909090909092,7.066743,5.3200345,6.756710999999999
aa953585f60c1f5711c6d5159abbcaafcc89eb77,50,17,13,-4.22,10.024615384615384,7.172496,6.4627104,7.2220825600000005
e816ed48800359bfd078c1444a40e00be6fbb5bf,153,46,43,7.238,6.104651162790699,7.60837,5.990321,7.1094764
badf8b0a0c342afb7e1eecc4fb19feb7ed28e180,122,71,68,1.61,4.287794117647058,7.2174764,5.087709,6.59707416
c072621681c71501470509aeb1c51e3f9f98df5e,5,5,0,-9.6,0.0,5.369632,4.5338774,5.679487093333334
cb16d181d96fc8c94f8416437c059b5f0aabded1,50,34,33,1.284,4.840000000000001,6.8949623,5.4713545,6.51752672
99935e2b7f9f41bd823ece5418896aaf72e223fc,128,44,37,-10.41,10.019189189189191,7.1887755,6.1009264,6.916880760000001
e89a4f1825ece62064e95e63475769011258af36,191,65,65,-3.905,7.33923076923077,7.512211,5.6350174,7.01789136
9ec1ac8c3d812703485bee8d58b2a81f4edc8754,216,48,46,-4.637,4.239782608695653,6.954883,5.3371253,6.306803320000001
ad03c4fb44da8b106e362ef8c65fe2bf34a385d1,227,101,101,0.316,5.915742574257427,7.849474,5.1456566,6.60005224
e04a53abed6db648ac01e162aad84ef8b608365b,206,102,100,-4.281,4.940600000000001,7.437483,4.775028,6.5350044
d8550edf3efaf335a9648aec7584ab6acb55cf30,186,80,72,1.754,8.320149253731344,7.889724,5.893469,7.2992772
e67fff49031a4f2699f10d6a2dd89b4cafc70323,106,26,24,2.281,6.607500000000002,7.220522,6.052921,7.005377200000002
f944b947ec651ccf64807b644af38c6f04229bb7,181,51,49,-1.136,3.726734693877552,7.000952,5.2552586,6.25848424
737dd3b5a70f36e8bb79f4c5cf86c7ccfb1e7d55,40,13,12,-22.781,3.0308333333333337,5.35084,4.5540924,5.67347296
e659bb37740950badc7fac606f227ba5f74fa866,11,8,8,31.0,5.411250000000001,8.112457,6.840522,7.514524933333333
ce56b4a23981e6c9f70e87f087bc1be07fdf25cd,30,19,14,-17.833,26.87785714285715,8.779724,8.978279,8.8262012
e873b044ecba72370076d7fe198eeaad94bef3a1,75,13,6,-67.273,2.556666666666665,3.1840281,3.062203,3.6064924400000002
ecd66b9bbdcc6ae1eb9a6b765868cba3601730b6,144,56,56,18.298,5.142857142857144,8.094858,6.0236783,7.13441452
c746678029d2139e7658a0f94e98bbf09f258673,99,41,39,-19.58,4.68897435897436,6.0313826,4.7450795,5.842584840000001
9bc8e6286b7a331de79c4c4e868b806c0b3bb12a,259,102,99,11.298,7.725959595959596,8.635736,5.93892,7.577862400000001
a90b8415afe8507a36e7be7511fd36f1045418b7,65,16,11,-49.93,2.448181818181816,4.012847,3.564133,3.8697920000000003
bb603e54f5809d802fec4c70df7b2c29a5125a89,292,104,102,1.226,6.363137254901963,8.074729,5.3765078,6.82549472
f492b1eb37bae60ab4597c161e7b67d9cc9e4dc6,49,15,12,-4.968,5.223636363636363,6.484934,5.582273,6.5728828
dc5325f05ad384cacb2431acfa1f398913151afb,285,75,66,-14.35,4.051969696969698,6.703951,4.843786,6.1460948
f459440c7a99294ca9763f332cd9aa09b0c280d6,77,24,21,-32.692,5.4045,5.3324957,4.5987,5.44847828
994f5b5cdc8a126efbb290700caf797948ac1841,182,115,113,10.623,5.496517857142856,8.256808,5.178434,7.0730968
b041f9ef5ab6da232256530cf8e22c31ac99971d,417,115,107,16.076,7.767943925233646,9.200928,6.329763,7.935276399999999
88188301e8d3565c7f1e2cee1f9ab8794676216a,249,68,49,-23.349,3.5510204081632657,5.9431753,4.5602345,5.8453639200000005
cb72cf616f3cafed458ef94be529c172bbcc5277,185,86,82,7.452,5.194756097560975,7.833722,5.40666,7.0271528
bf22fb15bf51bc4bcf3d50f7494caad62a596d0e,445,104,101,-16.863,4.875000000000001,7.317163,4.80941,6.4836292
ce201bf315598feafcad345a663284bc266862c0,187,94,90,5.445,4.906777777777779,7.762617,5.1884623,6.91643172
f9e06c04dc036b01f65e7f71a9201922f201dade,596,113,109,7.332,5.399174311926606,8.873459,5.9540567,7.73300628
ae7e6756887c7c2d0e3d26bb83045d298dcb5ddd,241,97,92,-0.253,5.704673913043478,7.718862,5.220103,6.708586
bb81a7f88631b987cd15c8d539e806ad17a5b664,231,80,62,-14.892,3.830483870967742,6.4427924,4.7047324,5.85600992
d1e238d8cc58ceae3359c94b2a4a976a975fc9ac,328,101,99,-1.906,5.232020202020203,7.825015,5.1763086,6.68552944
f0be3049c99eb84be5aae5352c2f0ccf661e1f43,148,61,60,3.256,5.112,7.415677,5.4525433,6.97828812
ededd47b1e0c18d4af4ad2b0cc21eebcb7c6e6b9,124,43,40,2.67,6.083250000000001,7.3118496,5.8055778,6.92097096
9d789185f1d5fb7bd42acd9d6dc1f5380fef1c4c,12,9,2,0.0,6.439999999999998,6.705499,6.0150366,7.02521424
91f7019ee1831ead0e667cf264dfe7be6b743f3f,150,62,57,9.631,11.927818181818184,8.590015,6.938282,8.0753188
af12f06588c971f6425a28d61e4511bafff05bb7,150,65,54,-23.049,8.31592592592593,6.502552,5.1786213,6.406469320000001
ae75c8309bea2f4a1b1624ce50d0994d5b4dc451,183,72,69,18.958,12.453731343283584,9.266208,7.2781477,8.495742280000002
d73a15bdcce722312152f547cec67e8dd584a6a8,357,102,100,2.664,5.6469,8.1605,5.457377,7.117150800000001
f9f4d4ef2a3de006bd037db9eb160ab8e51c79f2,518,76,71,12.451,12.207101449275362,9.597433,7.6754484,8.71215256
f91758fe4f441cd4b7b053a03252b4c50f3d4737,192,62,62,5.819,5.404032258064518,7.685419,5.6624866,7.115162240000001
e99d4fb3ef87d5e201da3b08841541fd953af089,128,39,35,-5.71,6.374857142857144,6.9231734,5.636998,6.509068560000001
d2ef78c03149ddfd267005d0dcd248adcc227e02,493,60,59,12.229,4.631525423728813,8.453589,6.406915,7.425201599999999
edd78ffaa7bc16d94ee6908b98b3d9863f492c89,207,91,91,-6.653,5.011538461538461,7.288167,4.8251357,6.59532108
88a694a270a460f5a09e1e8c569b036d03b9b5ea,131,67,66,12.396,12.845,8.901546,7.0550523,8.17663932
ba37558e4c84bdb5486d1b3622b0ac7ed3d5222d,402,80,69,10.035,12.21089552238806,9.192448,7.364099,8.4526188
8ef999ab1a83c2760064ac6c7a4b6c4115c5a186,273,50,41,-12.347,5.407073170731708,6.776485,5.447912,6.5327588
d92840812393583b0f053de80ecee59f5b19bc03,228,60,57,7.15,9.568181818181818,8.3252325,6.5924125,7.797058
9cf5d1c0d7ddfd6b78c222e83894ca3a75ee47f2,367,70,69,5.594,5.068382352941176,8.022485,5.8677955,7.4211122
92828f67b16f5e96ddb0d436aaa6f1193104c037,296,103,99,-2.308,5.232020202020204,7.7268953,5.091746,6.60945652
98903e3bc03971360097ad809526370f701ef5f7,309,87,75,-0.455,4.5584,7.513463,5.347369,6.7193328
5b023883ac089df249ef06f7c8c4398f37e1c55d,148,32,31,-14.515,4.362903225806452,6.272081,5.0664916,5.83742904
d11e42daac68288eea95d8923771a326e667b520,280,114,114,15.667,5.507699115044247,8.713064,5.5506,7.4814656
529d7e5b25e40c18bb7ea49be0963ed7f3e288ea,146,60,58,8.917,4.092241379310345,7.516359,5.483617,6.709990400000001
b51687ca4edcbe2376bc3204617227bceb0a52c0,40,17,16,-23.934,10.199375,6.2977552,5.758383,6.56945528
92213400df98f5441533511526206328cdde4159,143,45,38,-23.359,4.500263157894738,5.871426,4.6739016,5.936131039999999
8e5fc3c13f17c0502fe3f0a8404b461b46183f8a,114,45,43,8.695,7.663488372093025,7.8175697,6.24329,7.21934388
b3946c98c388b721854634038fbd1820a7ff046d,209,49,35,-28.527,4.922571428571428,5.743526,4.731791,5.7761268
ad57f4feb3cdcdfbb77d4ccd074d9ca50227661d,335,105,102,10.561,4.830099009900991,8.382344,5.51064,7.2711936
adc3882c435a390c34d34279b5528215928944df,232,92,89,5.309,4.9733707865168535,7.8557,5.303994,7.0008776
b8e898c506ad360ead5d4fafe6651fadfed6645a,94,48,42,2.169,6.096190476190478,7.2216873,5.696848,6.826414120000001
a10c5f4ba04fc56032719cc84184c0ad5b5f8446,156,57,54,-19.852,4.344629629629629,6.18693,4.6010165,6.1451785999999995
e07c3edba3602b0d172c2db763539dfa9819027c,281,115,107,15.549,6.586476190476191,8.744002,5.8152843,7.589714520000001
c3fdd44aeb469416e4895afe4040e54eebc23db5,170,47,43,-2.502,5.172790697674421,7.0523324,5.5176883,6.840008280000001
549b4b9f5408631f8a062a6a3b71c496646ee0fb,189,51,48,-2.521,3.6256250000000008,6.923516,5.21618,6.1798784
f440f5463ae218aef17a60e9f2ffc7dbbc45dc54,143,59,59,14.451,4.708983050847459,7.8756194,5.772088,7.14408296
f92e3ec921384713419dca56d1fe2be1d51f1b54,259,50,49,-0.673,7.288163265306125,7.669182,6.07876,7.3121768000000005
797c7c555f32a47816ca7f0c017002a2131c132a,127,32,30,-13.698,3.2710000000000004,6.1054,4.8645,5.810960000000001
eaf60b6a377c720fa7a13f97831f38531047a217,209,52,45,3.601,6.213777777777778,7.548808,5.967061,7.2033476
f91b376092344f19705df8873d25aa4a34bafce6,335,107,107,5.837,5.326168224299066,8.28753,5.379599,7.208851600000001
bbaeaab91cec9991b4747c8ca3fba0981bf68ad5,98,44,27,-52.674,7.103333333333333,4.6056795,4.1523557,4.86021408
9272bf390ef4a8e31a5285c14ec721495414c53a,250,79,58,-16.009,4.453275862068965,6.4610605,4.8622704,6.19433236
d66c55f4502b462e88d4529dd6b4d167fd42d165,249,68,61,-13.579,7.64688524590164,7.134538,5.5119514,6.67959576
950671c7855e25bf4a8330768cabc430bee030c9,245,70,64,2.657,3.593124999999999,7.3664875,5.2986164,6.35304156
9d46769291771df99e8061cc9c5d79aacb087210,164,36,28,-27.832,3.3942857142857146,5.4740086,4.4866962,5.66928192
cbb7db3eb5270179fe8ebb9e73dde2c894c9a971,163,49,40,-2.831,4.814358974358975,6.9144034,5.454589,6.584596960000001
baae1f7bd8567b6f9e220cc863c92124fa71e1fe,561,118,110,20.503,8.39916666666667,9.803579,6.8589144,8.48999736
cc1f8f78f5ef5237c717194b38699b168c265513,62,25,19,-21.7,4.999473684210526,5.724852,4.8944902,5.7897368799999995
f4367a0ab2083a66a5fa812df89e590d3fd3b5a8,99,32,29,-15.948,5.912758620689656,6.287338,5.215932,6.159307999999999
e85a79ca1bb1f59951efb5c25e40e0ee73985cdb,85,35,32,-15.991,3.970312499999999,6.01567,4.7967286,5.67495944
9b6d776d82bca421eb10bc4a1f5f866af7fc2a3d,203,66,66,3.57,8.286212121212118,8.021855,6.077536,7.5657564000000015
9d69c1d50467997289ee1396002cd197883a2b74,27,10,5,-55.754,3.1419999999999986,3.7147682,3.4840899,3.91354324
bc8caaa2729aa0c9179e8d66388586a4a8586f20,288,117,107,-17.621,6.734029850746271,7.209605,4.702519,6.403849600000001
aa2288779d4ddfe46b3dcab170577d4f5096ab15,13,12,12,18.75,4.855,7.4964113,6.269169,7.056232120000001
fb0a2834f5f131005e12dc1962056623ee6a7188,143,70,69,6.927,5.0105797101449285,7.6289644,5.4377213,6.93967428
9b4fd6bc9be128b294d3a8590bb6a146bc503902,219,97,97,-0.314,5.120927835051545,7.6672506,5.014021,6.73950864
f9491b0ab4aee90c428545e0e315a3af1f827595,186,63,57,10.299,11.119444444444444,8.576065,6.888276,8.015736400000002
b1179b71e93f6ccfe9702cc342e53c5c04d2cf60,183,97,89,4.445,4.809101123595505,7.656745,5.1322784,6.7536093600000004
cf8a26a2ce3ac2cfd81a1050e73bdc7a4cd225e0,46,12,7,-67.957,3.907142857142856,3.2996137,3.213559,3.8042690800000005
8b158f3040b574b6d08148e24946fba8bbdc29ca,407,60,54,-0.39,4.630925925925928,7.6162076,5.843286,7.007797439999999
326a025b5c23347b9eb2c5ceae75a5908a461f69,102,43,42,0.538,3.4935714285714274,6.846652,5.197101,6.2735012
9d91374d67624389dacb4b429b8fa8c18442b29c,36,18,16,-12.904,5.553125000000001,6.168611,5.2912807,6.254956680000001
a24729ea6c4aab24a9d6dc73513113e8b8fcf35c,130,42,38,-10.479,6.166578947368422,6.697353,5.4004273,6.442112120000001
f4d9301713b16c13c174f19e18d0200175494a79,448,85,67,-30.178,4.040447761194031,6.225813,4.6010427,5.97474228
b27862a2f9590331f29ffdc8f3648dec2a7a7d30,147,35,34,0.795,3.8144117647058833,6.9342933,5.4583116,6.27404196
9c03af1da21c500de8e0a1be24e3c22d341961ca,18,13,13,0.0,5.046999999999999,6.661751,5.6516457,6.729358680000001
c8ea10d959a7c782b45e6e83040472d432fa448f,130,42,37,-7.619,4.010270270270271,6.5240245,5.1207,6.036889800000001
96d8f7656a57c4a757129d95863a463358a0c3ca,172,112,112,8.882,5.441607142857143,8.155883,5.104039,7.0469688
dfdeea1cf0b4fb6c906a25d99aa5756efe14c996,506,102,97,8.049,6.547083333333333,8.788118,6.1481752,7.84051728
9a5d7462df7a85794cd0d7d2c510ebf725d2e13d,6,3,1,1.241,5.599999999999994,6.668679,5.916664,6.88696100952381
ece9b75bda9d53b5a67f7bb53b5635a3df017020,77,35,33,-11.729,4.303333333333336,6.259259,4.9774265,5.8716742
c4504ac02ad7e7e0c9ea3a1d78601374e483fc30,144,63,49,-32.081,3.611428571428571,5.3706656,4.0602627,5.43637132
8ee958ba68793684a9962e1b60847d7b73d7c9d1,341,99,97,-2.196,5.516907216494848,7.86159,5.2699347,6.814609880000001
8ab396fa5981adcdc777254c57ea744f1fd4cd2c,1,1,0,-18.759,0.0,4.9633408,4.216201,5.33081672
bfb055d2c2ba396d5e6bd6022719b3ade1cd1407,89,38,30,-25.942,3.9820000000000007,5.5066347,4.47719,5.60752988
c8bd30152ccbeebb18f9b1fedac0869f845980df,2,1,1,10.4,21.090000000000003,9.205022,9.027447,9.2189876
8f19ffb508b23f955b93ebd99153f8ec99025785,103,59,59,4.418,5.575932203389831,7.44337,5.4976625,6.8664130000000005
a94238b07de77bffd5189487ac3d56b96db7e09a,195,103,95,-4.804,5.047157894736842,7.323395,4.8040166,6.5519646400000005
a819175c8808635fda7c3854536f82d90a7b31cf,87,43,40,-5.582,4.9145,6.6929836,5.231483,6.39978664
f4a045088bd0003226023c10214248049d9da90f,2,1,0,-82.427,0.0,1.9842043,2.0111215,2.90313032
e1d3226bcfad8043e69d31f3d76e719c7f041d3e,329,111,102,13.731,5.618627450980393,8.579837,5.7382336,7.464228240000001
cee203ff00aaca3eaaef780ea6c4a68a3f8fd2fa,212,89,85,-1.479,5.1098823529411765,7.4797664,5.100085,6.68094056
c21b13edbab3d247c8816a374ebb57ef71700952,147,63,61,4.819,5.19049180327869,7.497102,5.504188,7.041516
a7e953186fda9e7bf8368e2d00a19d024f7db5c8,128,44,38,-8.01,8.349473684210528,7.0896435,5.872016,6.806663800000001
86d9a98ab0225d2c2faf6d51fe3b9fad194c3ce3,119,83,83,2.548,5.469156626506025,7.5470805,5.144511,6.7096366
cd6862158d54e5c270e8d4bed99f73f32a721e14,149,79,69,-7.828,4.2846376811594205,6.7828946,4.789239,6.345853440000001
fef4a3263ed9a8ab14d457694bb8fd86ccd98312,260,77,74,8.26,5.24486111111111,7.97811,5.702505,7.235246
9a6d7a470aab3fb51ab58261637c58c239ad804f,324,102,98,8.216,5.549081632653063,8.311424,5.584667,7.3814364
d6515d627895751c832a3075053719da2f5e6cef,252,59,58,12.229,4.741034482758621,7.9790916,5.9380894,7.0528724
a57e6a1dc883554789ef6049be9b51530a7aa207,211,113,112,8.882,5.441607142857143,8.226258,5.1831074,7.1047461599999995
c670d2529bab25c82fc7c3757cb11e7f2e404de8,8,5,5,81.241,51.902,16.74062,17.010044,15.358265600000003
c096fc1d9c0ad8efae9cfd509f75522c50603692,187,54,49,-12.254,6.636458333333336,6.863965,5.4016957,6.647264280000002
9cf17df2214b19cf4cd63df22b802afde8cb98eb,4,1,0,0.0,0.0,5.847698,4.872752,5.430680000000001
b9cfcb9ade5f88679b72a7977c50eaca7170206b,146,55,55,8.737,4.578727272727273,7.567456,5.6071033,6.86882372
0134f9f410c65ad0e8c2254a7e9288670e02a183,100,47,47,7.117,4.118297872340426,7.2792416,5.4728966,6.56385528
f6c974c003c063735fb1afcba0aec50acdb89861,184,58,57,2.495,5.372456140350878,7.465657,5.585858,6.957606
efcf2fbf26e74d0af378d96a168c8cdc05c42a84,225,102,100,12.172,5.5464,8.328011,5.4943213,7.262932920000001
92cea32d04d98c66af1c1366fe9811047a9b1cea,508,143,131,14.337,7.187211538461539,9.365979,6.0433764,8.01674216
bdcfd5ee015db872058dc442ab9d3c72518366ff,401,101,99,-1.906,5.2320202020202045,7.971047,5.328124,6.8696684
93635a4013ec683f217cad90ca4e41aa557c3922,2,1,0,-81.25,0.0,2.0393147,2.0519242,2.9414955600000003
e0850b1bd8f8de58096da128ec94efbdf5f05ca8,152,49,43,-9.795,5.233255813953489,6.667759,5.234273,6.5668128
c8a8565f00553a00a5d510958dc8c40a4a477783,154,63,60,10.866,5.474166666666667,7.8178263,5.7901654,7.255196680000001
0aaebc88f6106684d6993c156104c1ef36cf94e0,192,50,50,11.064,4.111000000000001,7.668821,5.7619476,6.62530744
f037357014544261767c6ab5b172b246b09d3ddb,125,41,36,-5.617,5.415277777777779,6.7910204,5.446047,6.3308269600000004
edc5737211dd036ad81985e117aea3ab9cbc030a,114,41,34,-19.976,4.920882352941177,5.999889,4.8572187,5.83884308
e036815d3a8d88224e7e8a95c64ca031dd5b205f,184,32,28,-39.531,4.3046428571428565,5.120229,4.29529,5.3782076000000005
a3748712b8685edb49cf966b7e662e1647503013,25,2,1,0.0,35.0,10.642414,11.224869,10.7439132
f6f5b15522aa9457158ec6d7a16caaacd6cbee42,266,112,111,7.956,5.444594594594596,8.286091,5.278524,7.255846
b9db6bc5ded963759b9a1db58adbaad3314169d6,220,101,99,-1.721,5.646868686868687,7.673877,5.0330396,6.52376664
e95d7442ab6fb642a8c3529ef2fc8aa25a774e13,202,63,57,1.912,9.266363636363636,7.964116,6.2961326,7.55309944
c20545cf079fcd100052faf6db21ee865023525f,562,98,93,10.69,5.020219780219782,8.7878275,6.130824,7.7734606
9d12b920015fc145b62c73ca689e71a362e33b35,118,50,47,3.888,7.856595744680853,7.64799,6.0674167,7.128162680000001
b152244728671db447c59ab0796fac9a423e1356,144,59,59,14.451,4.70898305084746,7.8776197,5.774168,7.14571508
79fb09750bdb85310622bf240e1060ef8de8bce1,56,23,23,-13.669,3.875217391304348,6.0112576,4.9192243,5.64919276
fe516d090eef192c93197ed87878da0e23908140,200,59,59,12.791,5.472033898305085,8.015376,5.9708905,7.5035066
f59fe9b15a7762aa5ffb0653396da3f4f2536553,220,60,46,-11.024,5.724318181818183,6.773412,5.3676734,6.60843416
b6cb94c201726bd4e4dcadc007dba2c69933e0c1,110,56,46,-0.829,6.577999999999999,7.177037,5.6546674,6.9436817600000005
339fff79c43561c995b29972a962ccec846c599f,95,50,50,11.064,4.111000000000001,7.474778,5.56022,6.6779992
aafa3b985fc5f4f1f6dbe50b8edc01713225dd2d,294,106,103,-5.664,5.06388349514563,7.579557,4.8925323,6.671835720000001
cf84076c807f395016eaee41297162276781b963,132,53,47,1.401,13.775111111111109,8.339085,7.073091,8.0548704
e85a95e2eddbdafe7db54351ce3680933e09d0a3,184,96,96,12.195,5.178229166666667,8.183476,5.397823,7.114519600000001
945546f9d4db4b9599e57ffd4271193406f0d96b,169,46,37,-26.619,4.468378378378378,5.7439494,4.6177206,5.883668
e58eaf39ea458008043bd1472f267706524f1fc2,4,2,0,-18.759,0.0,4.9617014,4.2204013,5.345257746666667
9b0622ca034d946055f8590f554fde632487742f,194,77,60,-18.66,4.149833333333333,6.228808,4.582067,6.04835
df17da01944f34b2a6b59e8d45407c1297f9834a,252,60,59,-6.994,7.470847457627118,7.4563704,5.7521024,6.99638912
9b536900fbffe20f4db747af055dec68b3ddb6ab,3,1,1,0.0,15.430000000000009,7.952651,7.64679,8.185776400000002
f156718d3970030deec27298f56fc78a00c00f5a,132,50,44,-0.231,6.181818181818182,7.2114167,5.682947,7.08974548
dade8cdd2806e1efa138e68d984abd0ab1c87ced,176,98,97,12.428,5.3759793814433,8.204792,5.4103417,7.16105348
edc641c842df448a70ce315e00b6dd4461a260a9,351,106,99,11.913,5.575555555555556,8.526447,5.7550497,7.558598679999999
8beffc1494bb81af08c352aea875a183e45bd824,242,88,77,2.242,6.514545454545455,7.7930584,5.631655,7.145885360000001
a18783b2a14d61192a1b97ce3daca9e67cb8cd59,143,44,43,8.18,7.663488372093024,7.8591094,6.2877855,7.195757960000001
980a5ef7011a98b8fa55e5ac3d7ebce6f7784286,207,58,57,10.029,5.280877192982459,7.8520164,5.87833,7.20113856
a688299300a50fed79edb502fb02fc503a564308,157,76,68,-8.544,5.306176470588234,6.9119205,4.9822197,6.451656080000001
c45bf22121eaa2f37dfec2f58729d22394ea220a,104,47,44,11.744,7.663488372093022,7.939927,6.313557,7.178393600000001
88003ba023714648c4312658ad9a4b3703e56de0,14,4,3,-32.57,3.390000000000001,4.8240223,4.338903,5.118086786666668
934776ec5bd2147907362602555bd692fc56aab9,282,106,103,14.034,6.260097087378641,8.640063,5.766478,7.454616400000001
c13d9b5245d8fc600da9390192908048857599ea,491,109,102,9.093,6.971584158415842,8.885466,6.1627784,7.81229776
add7a23a1b66010154da076a059216a13b90191a,17,3,2,0.0,5.129999999999996,6.583732,5.801079,6.805257733333334
e621f4d6991a537e4508648aa4c3fc278091ec1d,422,113,108,6.983,7.723518518518521,8.809306,6.0104327,7.59189548
baf05c058d7a427783ab9bde33f38d55ae8ac0cb,284,87,75,-10.453,5.515333333333335,7.1250596,5.1216035,6.657665240000001
ea2f8736bbf1d859fb5b46f848db37f421181bd4,49,20,12,-37.529,3.6316666666666655,4.706272,4.1557865,4.8548234
bc54069a859b02cf1b00e7ab77d68132f9021c8e,136,63,60,1.462,5.485000000000001,7.3429623,5.4286823,6.87365784
55ef1cb9ba9a618396f8f82aefdc261d00864381,167,54,52,1.584,3.793269230769231,7.131043,5.2946634,6.365282560000001
eb870373b64f0be961f503936f7a725fca60fb32,243,64,63,7.902,5.653968253968255,7.91846,5.871264,7.2838896
ef070fa973803bec505aeb6230acdd7a917e2a59,332,90,80,-3.377,5.7905,7.641188,5.457519,6.9834828
e13e39c815ec66160db3c75b7331dc1a0dd1d4ce,171,45,43,11.744,7.663488372093025,8.074358,6.46753,7.3857552
9aace874af47927645c48f21ffeb82f8e15f24e1,287,80,76,20.338,12.19845070422535,9.54729,7.4059553,8.63129812
f86b9fba1d59be7c864d4f23d0c7674113a27cab,94,33,25,-7.495,5.2452,6.5154586,5.4182024,6.3014644
defaf0c38d68f9958bd180e1a709f130a999b2e6,201,102,100,-0.795,5.2513,7.6328325,4.941591,6.5757694
eaad1484ffa24b01432fa3564a8635bda0b4c34c,59,28,26,-1.501,10.082307692307692,7.4350257,6.4264283,7.2155816
c8d7193cba58a3bf26ba18f4ba5728c56ddcd4a3,162,63,63,6.819,5.561904761904763,7.7008734,5.6506786,7.1456208
ce892387ba13c6b526d18de003b62c1bfe4c125f,95,40,39,1.905,3.8333333333333335,6.9210057,5.3290834,6.26903564
a5fbdd306fbe3003283cf2cb7ae4c371c9693290,168,64,57,-17.511,3.1733333333333342,6.152891,4.449646,5.827014800000001
89cc639060f3d63cf21d893882e544497e32aeea,181,64,64,18.584,4.10375,8.099292,5.822105,6.8595588
875e48fd13e52a01a4d48d745d72128f25b9ec81,149,52,46,-20.292,8.890434782608693,6.68783,5.4868393,6.662867720000001
f2d54f193cc71d429fd5803b2e4721d012afe568,211,98,94,-6.073,5.507872340425535,7.3817744,4.8972554,6.5716119200000005
fe31861a03511f91760de27adfb8803e8ad321b8,105,29,25,-0.295,6.770400000000002,7.111949,5.974286,6.874494
b2a46e3625d075ff330baf8e18019e1af424bc62,139,37,19,-37.666,5.784736842105264,5.146084,4.618493,5.4158308
ac164aef8492a4d178d0704b602f0522512dd913,264,110,110,8.06,5.539545454545455,8.300235,5.3097534,7.26599536
a40402ff4c87721e74766e6751bb458653b3e686,24,11,9,-39.824,11.245555555555551,5.605259,5.4493327,6.30383668
bd9bd34617afb5bf1f3ff27e575c4df427ac32dc,236,64,62,22.666,5.385000000000001,8.544406,6.3305073,7.46096532
ab4e0b5338de7292c155831c4bd68a740ae6d05f,5,4,4,61.241,45.1875,14.880531,15.11042,13.811380400000001
eb2a090421ba380ba6c0a8119510e031bc4e55ea,243,77,64,-7.779,6.710000000000001,7.2429533,5.4813166,6.761707960000001
d08b1608a634fda68fd097f278ce9fd4ac24046a,188,83,79,-6.962,6.525316455696203,7.3235006,5.1913033,6.616921560000001
b7289b3b24fd67017ed82f62a889b4c9a0fb5ba4,13,5,5,-2.393,10.338000000000005,7.199167,6.6146226,7.44051584
9a31bbe1021725b074357ae4668bed6eb7e46bc1,266,49,28,-37.637,4.579259259259259,5.280282,4.5464215,5.4756814
eb7470e41cb0d50314e9755be518f55b093a4975,186,47,39,-14.152,4.833846153846155,6.4333725,5.128114,6.1175946
a76e1891c401fc5f73f6942768488b1487533472,355,102,94,10.658,5.524042553191491,8.424864,5.7715025,7.5415466
a5f22a73b7cb93619da1f3cbc56febec52b1c16e,143,109,102,7.114,5.176633663366338,7.8532805,5.046278,6.7498234
851d9a4b9b8e236f2d62282ddf06fae57b7d9492,389,95,90,7.649,5.354333333333334,8.322945,5.763751,7.4176784
96ded661b95e3d4d3cf1c8d45aeae3b335224583,166,69,68,1.421,7.911911764705882,7.8033037,5.8312593,7.171825200000001
d20b8e96e5c520827768fe614961d0534c6f2680,254,110,108,4.12,5.131018518518521,8.010596,5.099705,6.951120400000001
5235e36e00b0e927e6ce9f6f771ef92915857989,102,43,41,-0.778,3.290731707317073,6.742651,5.1254044,6.20022216
cff1765d7a97d3f012a354586ccfd49fdaf6aa44,250,93,89,6.676,5.343258426966293,7.998225,5.4535813,7.050722519999999
f0d74f349e6479eaecf425634f8b0dd51e60d60c,229,61,54,8.261,4.485849056603775,7.6378846,5.744767,6.875060640000001
508e0627871ed482bd8ab34544e43e5d856a889c,94,33,33,-11.304,3.62969696969697,6.237114,4.909932,5.848818400000001
d525d6edf4b0c6362ddaa4814c3930a6a62bdc99,217,98,97,13.195,5.371649484536083,8.322137,5.5214157,7.31342108
b722e6209f2858faf0bf80947cadcbde586bb666,136,26,23,-20.833,2.7769565217391308,5.664021,4.6327825,5.7707214
b45e8d507778dab56f381a681c453cbf4d3b4050,141,53,45,-29.299,6.282444444444446,5.8739653,4.6954722,5.901775000000001
ea385e57f5d3d6841a6997dd7af680e135928bca,215,109,108,8.094,8.089814814814817,8.527464,5.6927643,7.29609132
